,TIC,ec_long,ec_lat,num_s,sec
0,42969,225.9868511033093,-10.269982049921518,4,"[38, 65, 91, 115]"
1,82063,226.78493077071934,-8.984814473367779,5,"[11, 38, 65, 91, 115]"
2,82066,226.78272451821292,-8.98423726620776,5,"[11, 38, 65, 91, 115]"
3,34920,225.8102235402615,-10.636938563874399,4,"[38, 65, 91, 115]"
4,58487,226.04103486490888,-8.749482466700599,4,"[38, 65, 91, 115]"
5,39896,225.82177649389496,-10.14089883979374,4,"[38, 65, 91, 115]"
6,93155,227.1377684425262,-9.06307863320179,5,"[11, 38, 65, 91, 115]"
7,129383,227.67836961185145,-7.51612567230739,4,"[11, 38, 91, 115]"
8,99010,227.57541496194034,-9.998530376915522,5,"[11, 38, 65, 91, 115]"
9,102030,227.33682937080488,-8.856731972303837,5,"[11, 38, 65, 91, 115]"
10,368759,278.25965282657455,2.3456197269674677,2,"[92, 116]"
11,16560023,274.97736672031766,12.065766807579111,4,"[80, 91, 92, 118]"
12,20066082,143.2574029004551,-25.896364407611102,5,"[8, 35, 61, 112, 113]"
13,20072435,88.22923314965753,-61.53719200892733,7,"[5, 6, 32, 33, 87, 98, 108]"
14,20204058,208.52938222707203,51.06053432315135,6,"[23, 24, 50, 51, 77, 78]"
15,40102926,3.0560580535574884,-12.325428394183712,3,"[3, 30, 70]"
16,49934962,56.89004717663652,-21.147987713555718,2,"[5, 109]"
17,56812239,184.08154678150345,-1.589442547675181,3,"[46, 91, 115]"
18,72461450,198.3727781674674,23.324332833996156,2,"[23, 50]"
19,77490014,49.357402810964544,13.265862497125722,2,"[18, 85]"
20,558452,301.65873134140685,18.24011248671711,1,[81]
21,619444,204.66743708495673,1.1974097121732057,2,"[91, 115]"
22,619638,204.41886551119404,1.9813786542753955,2,"[91, 115]"
23,589826,64.38846705055582,-49.90438704861373,6,"[5, 32, 98, 106, 108, 109]"
24,621750,206.05186947682003,-1.583658852818001,2,"[91, 115]"
25,681678,68.06355218688977,-47.94664596763278,6,"[5, 32, 98, 106, 107, 109]"
26,748290,301.63232285698325,15.157968658744664,2,"[54, 81]"
27,20297048,91.24388282270935,-60.98296554373123,7,"[5, 6, 32, 33, 87, 98, 108]"
28,20297375,91.26345425965627,-60.30874641829194,6,"[6, 32, 33, 87, 98, 108]"
29,20278256,276.40508901404496,16.69796470904921,2,"[80, 118]"
30,20304188,210.95371899907906,52.45719788584064,5,"[24, 50, 51, 77, 78]"
31,20319492,180.5066516185574,-30.645700470163018,7,"[9, 36, 63, 90, 100, 113, 114]"
32,20416870,180.26147604672167,-28.57931910761359,7,"[9, 36, 63, 90, 100, 113, 114]"
33,20420151,125.97460797863563,-4.7089490908852545,5,"[44, 45, 46, 71, 72]"
34,20427136,180.69814515037595,-28.75570971523221,7,"[9, 36, 63, 90, 100, 113, 114]"
35,20402401,85.94068146556597,-4.398791172467952,5,"[43, 44, 45, 71, 72]"
36,40295987,303.2331417915441,52.028694877854484,8,"[14, 40, 41, 54, 74, 81, 119, 120]"
37,40468289,304.2649342805289,53.89799787709466,8,"[14, 40, 41, 54, 74, 75, 119, 120]"
38,842202,278.81840347413134,1.7515016199545597,2,"[92, 116]"
39,915512,140.03172372301458,-20.991847307232163,7,"[8, 34, 61, 88, 99, 112, 113]"
40,887930,327.0426583985125,3.273087665707158,3,"[42, 92, 116]"
41,20610859,291.5071101030162,55.35952345860046,9,"[14, 26, 40, 53, 54, 74, 80, 81, 119]"
42,20601206,291.2900593796552,55.29096260804385,9,"[14, 26, 40, 53, 54, 74, 80, 81, 119]"
43,40535161,180.45854342861915,-14.212717415297735,5,"[9, 36, 63, 90, 114]"
44,40671033,247.35718024461355,13.792549544812648,1,[117]
45,40676045,247.81555976916812,12.065671636942806,2,"[91, 117]"
46,80080066,321.2362496152348,-18.834715773994446,5,"[1, 28, 68, 95, 106]"
47,1008153,167.22914688906778,-6.289556609206779,4,"[9, 45, 46, 72]"
48,1026619,167.68455840731278,-6.669037174470663,3,"[9, 36, 45]"
49,1038216,136.67688017886218,-29.074289715672727,6,"[8, 34, 61, 88, 99, 112]"
50,1030004,28.18286632083519,-21.688146607404317,3,"[4, 97, 108]"
51,1031383,28.244860724254618,-22.0896976830623,3,"[4, 97, 108]"
52,1043986,146.6958775063998,14.157685552242002,2,"[21, 48]"
53,1023759,328.53446176386683,3.641507381022749,3,"[42, 92, 116]"
54,1042770,145.2108155321095,17.302662222150335,2,"[21, 48]"
55,1042868,145.50495981665793,16.738624643514665,2,"[21, 48]"
56,1066957,146.3615752142063,15.704388107412946,2,"[21, 48]"
57,20704462,53.76375563701836,29.357829907177496,3,"[18, 58, 85]"
58,20749811,349.3628807845453,32.936003584651004,2,"[56, 83]"
59,20779517,292.08807065450134,55.430025032805425,8,"[14, 40, 53, 54, 74, 80, 81, 119]"
60,40785206,248.1760293093908,11.243191639679054,3,"[91, 116, 117]"
61,80080623,322.24443770721825,-16.816723454456632,5,"[1, 28, 68, 95, 106]"
62,60338633,75.01987000510644,2.7857717389214858,3,"[43, 44, 71]"
63,80140747,109.40651157994316,-41.86377807119563,5,"[7, 87, 109, 110, 111]"
64,80144740,197.12050540193476,-53.1304029570175,11,"[10, 36, 37, 63, 64, 90, 99, 100, 111, 112, 113]"
65,1099837,31.358337041531573,-19.301362058243626,4,"[4, 31, 97, 108]"
66,1129777,30.79311563805747,-24.59965865293055,5,"[4, 31, 97, 108, 109]"
67,1218962,62.130626092142215,-55.66452171663231,6,"[5, 31, 32, 98, 107, 108]"
68,20785413,291.1585718026011,52.54527896011915,8,"[14, 40, 53, 54, 74, 80, 81, 119]"
69,20856917,257.77044063705415,-5.731875691896542,3,"[91, 115, 116]"
70,20898043,354.0645796893099,-17.138823376951724,4,"[2, 29, 69, 107]"
71,20881700,349.302699992162,31.70152721765666,2,"[56, 83]"
72,60446208,328.69703124889986,31.6850031956119,2,"[55, 82]"
73,80226651,102.47930071814513,2.533747588699937,4,"[44, 45, 71, 72]"
74,80224448,102.4513388661453,1.39533683015403,4,"[44, 45, 71, 72]"
75,60528368,98.48548387837727,-42.56955362945719,7,"[6, 33, 87, 107, 108, 109, 110]"
76,60512365,75.53098681406736,1.9495236334486785,3,"[43, 44, 71]"
77,80256268,344.5143440961566,-41.79442364470947,6,"[69, 96, 103, 104, 105, 106]"
78,80337807,347.08264305171804,-41.51674312930537,8,"[2, 29, 69, 96, 103, 104, 105, 106]"
79,80302288,195.54869352462262,-51.69165338517667,11,"[10, 36, 37, 63, 64, 90, 99, 100, 111, 112, 113]"
80,80362876,345.37213804166413,-44.838388125905176,7,"[2, 29, 96, 103, 104, 105, 106]"
81,1257898,145.9362223576348,-31.541085892017648,6,"[35, 62, 89, 99, 112, 113]"
82,1271818,63.15212716770351,-56.92494768639131,6,"[5, 31, 32, 98, 107, 108]"
83,1261860,142.99754378352586,-41.50606227190532,11,"[8, 34, 61, 62, 88, 89, 99, 109, 110, 111, 112]"
84,1334907,64.57991410331411,-57.39778030693778,7,"[5, 31, 32, 98, 106, 107, 108]"
85,1328422,285.54297290355447,-2.5633290173091936,2,"[92, 116]"
86,20926643,359.1830194081644,-25.747760239369562,3,"[3, 29, 107]"
87,1309015,64.2311731754263,-56.16528041667392,6,"[5, 32, 98, 106, 107, 108]"
88,20923202,356.8729092402404,-24.718952161312934,3,"[29, 69, 107]"
89,20931913,37.15518263019417,20.039583903258983,3,"[17, 58, 85]"
90,20965412,42.001173212068586,13.937777555518588,3,"[18, 58, 85]"
91,20997718,232.65312942816928,13.149122059897275,2,"[51, 117]"
92,60595351,335.9051984071854,23.011805729021166,2,"[55, 82]"
93,60658382,142.89534514540517,-22.155377437770756,5,"[8, 35, 61, 99, 113]"
94,80378063,195.9420039513559,-51.826928912837495,10,"[10, 36, 37, 63, 64, 90, 100, 111, 112, 113]"
95,80430415,349.1471986424727,-42.75904091576949,7,"[2, 29, 69, 103, 104, 105, 106]"
96,80431620,345.5283366801186,-46.90746208508287,7,"[2, 29, 96, 103, 104, 105, 106]"
97,80427243,348.19066089704666,-42.84669208886666,7,"[2, 29, 69, 103, 104, 105, 106]"
98,80384789,193.02233309738074,-49.397280522914606,12,"[10, 36, 37, 63, 64, 90, 99, 100, 111, 112, 113, 114]"
99,80474886,349.7044504750607,-43.86551476422638,7,"[2, 29, 69, 96, 104, 105, 106]"
100,80474910,19.48023899582076,18.486048734876157,3,"[17, 57, 84]"
101,80512849,25.37234641197428,19.4027705544278,1,[17]
102,1399933,148.24309172296432,-29.476624401696856,7,"[8, 35, 62, 89, 99, 112, 113]"
103,1521462,157.9382399189389,-27.06215704570674,6,"[8, 35, 62, 99, 100, 113]"
104,21113446,209.55162818013838,-41.37923531156387,8,"[37, 64, 99, 100, 101, 112, 113, 114]"
105,21178283,42.840530320156624,10.893637108106288,8,"[18, 42, 43, 44, 58, 70, 71, 85]"
106,21162252,285.29844240308654,76.42386048285967,35,"[14, 15, 18, 21, 22, 25, 26, 40, 41, 48, 51, 52, 53, 54, 55, 56, 58, 59, 60, 73, 74, 75, 78, 79, 80, 81, 82, 83, 85, 86, 117, 118, 119, 120, 121]"
107,21190402,257.54663599806383,-2.80168417211778,3,"[91, 115, 116]"
108,41232189,140.5902289819786,-89.19105642526004,32,"[3, 6, 9, 10, 13, 27, 29, 30, 32, 33, 36, 37, 39, 61, 62, 63, 64, 65, 66, 67, 68, 69, 87, 88, 89, 90, 93, 94, 95, 96, 97, 98]"
109,41331819,251.05209325289823,-87.57201684942736,36,"[1, 3, 4, 6, 7, 8, 9, 10, 11, 13, 27, 28, 30, 31, 33, 34, 36, 37, 38, 39, 61, 62, 63, 64, 66, 67, 68, 69, 87, 89, 90, 93, 94, 95, 96, 97]"
110,41318863,317.5220015831991,55.14620303238365,8,"[14, 15, 41, 54, 55, 75, 81, 82]"
111,60680368,338.4189997862441,22.471604677544452,2,"[55, 82]"
112,60716322,347.9437715535596,18.40225735503239,2,"[56, 83]"
113,60760766,144.12249412433616,-23.21989278647395,6,"[8, 35, 61, 62, 99, 113]"
114,60709182,199.74494101202475,-21.133245183775333,4,"[10, 37, 64, 101]"
115,60776796,110.12073456794047,-0.39989790042583157,3,"[44, 45, 46]"
116,60771061,110.47703638074815,-3.3988581484416494,5,"[44, 45, 46, 71, 72]"
117,80535228,33.29645211629516,23.608276050627914,4,"[17, 57, 84, 85]"
118,1544160,279.0697122064369,2.0810433054790507,2,"[92, 116]"
119,1628071,193.80981782444186,-11.691689530339616,6,"[10, 37, 63, 90, 101, 115]"
120,1604036,134.55138526342793,-19.876732782884716,6,"[8, 34, 61, 88, 99, 112]"
121,1629931,192.97745171425888,-9.498857018545975,6,"[10, 46, 63, 90, 91, 115]"
122,21223063,127.46585207819223,-3.1936923409681546,4,"[44, 45, 46, 72]"
123,21240825,77.1465142003694,23.15081631149867,3,"[19, 73, 86]"
124,21332165,6.317038595168944,33.10282268275656,3,"[56, 83, 84]"
125,21333780,5.477515723967473,31.420926722446854,2,"[56, 83]"
126,21321033,77.27863093765069,23.244157278647307,3,"[19, 73, 86]"
127,21373524,110.99712931051451,18.007624694443056,1,[60]
128,41487605,186.578048714563,-88.63754149682183,31,"[1, 2, 4, 5, 7, 8, 11, 12, 27, 28, 29, 31, 32, 34, 35, 37, 38, 39, 63, 64, 65, 66, 67, 68, 87, 90, 93, 94, 95, 96, 98]"
129,60876325,67.24410477797396,-5.65420221144886,4,"[43, 44, 70, 71]"
130,60846097,110.34271306542422,-0.45852828350970104,3,"[44, 45, 46]"
131,60835617,359.43145369150966,14.066900616063036,2,"[56, 83]"
132,60847893,110.72550727584368,-2.828246600545508,5,"[44, 45, 46, 71, 72]"
133,60879815,67.29080940154087,-6.083809359710826,7,"[5, 32, 43, 44, 70, 71, 98]"
134,60879864,67.36518911069604,-6.000542665887303,7,"[5, 32, 43, 44, 70, 71, 98]"
135,60908478,145.79356089404462,-23.87914247338746,5,"[35, 62, 89, 99, 113]"
136,60905906,146.22259659788534,-25.54981277796662,6,"[35, 62, 89, 99, 112, 113]"
137,80681409,195.78834733816154,-50.98365620309777,12,"[10, 36, 37, 63, 64, 90, 99, 100, 111, 112, 113, 114]"
138,1712781,159.1828464064669,-13.14691078510359,3,"[35, 62, 89]"
139,1678825,134.82638583198423,-19.067716208454815,5,"[8, 34, 61, 99, 112]"
140,1740238,145.88239765633767,-44.14788097419253,9,"[35, 61, 62, 88, 89, 99, 109, 110, 111]"
141,1776724,285.57014957358354,-7.021921227288006,4,"[13, 27, 92, 116]"
142,21398893,111.15131591162417,18.028657329706697,1,[60]
143,21447922,126.16259123686932,21.804638721408985,2,"[21, 47]"
144,21504820,83.02667468695635,-62.74643999336466,6,"[5, 6, 32, 33, 87, 98]"
145,21509804,136.62846089319,26.74346350298788,2,"[21, 48]"
146,21535479,149.06443529133108,31.06121537742006,1,[48]
147,41533357,257.09598233031545,-84.6877923413341,41,"[1, 2, 3, 4, 5, 6, 7, 8, 9, 10, 11, 13, 27, 28, 30, 31, 32, 33, 34, 35, 36, 37, 38, 61, 62, 63, 64, 65, 66, 67, 68, 69, 87, 88, 89, 90, 93, 94, 95, 96, 97]"
148,60953597,145.21421213456966,-22.073738135476273,6,"[8, 35, 62, 89, 99, 113]"
149,60977396,231.2030625355133,-8.024001633918246,5,"[11, 38, 65, 91, 115]"
150,60992062,111.20241500019422,-1.9776922722805341,5,"[44, 45, 46, 71, 72]"
151,60986644,35.695496704418616,10.831670541971482,6,"[17, 42, 43, 70, 71, 85]"
152,60986648,35.685695969130386,10.827795555126679,6,"[17, 42, 43, 70, 71, 85]"
153,61018454,42.68115124433764,6.68939041538887,6,"[18, 42, 43, 44, 70, 71]"
154,61046517,42.010011803189386,3.6170882660771486,4,"[42, 43, 44, 70]"
155,61058929,273.23777464760246,-11.19877306577625,7,"[13, 66, 91, 92, 93, 104, 116]"
156,80881274,109.13844503071138,37.60783857178079,4,"[20, 47, 60, 74]"
157,80858885,110.50217833822732,33.157298876601736,3,"[20, 47, 60]"
158,80942869,109.80829462459694,37.95796768269186,4,"[20, 47, 60, 74]"
159,80929706,110.15298236745453,36.50304657976474,4,"[20, 47, 60, 74]"
160,80937975,194.21566189636536,-49.28826034446827,11,"[10, 36, 37, 63, 64, 90, 100, 111, 112, 113, 114]"
161,1840666,80.4960345075505,9.61529784833292,8,"[19, 43, 44, 45, 59, 71, 73, 86]"
162,21540293,83.83845618772393,-62.67364949922811,6,"[5, 6, 32, 33, 87, 98]"
163,21546574,123.12970035598673,27.271853484979104,2,"[21, 47]"
164,21581018,147.8827944982449,3.785257928038877,3,"[45, 46, 72]"
165,21579071,84.69046948282919,-59.609497842286146,8,"[5, 6, 32, 33, 87, 98, 107, 108]"
166,21623610,163.3730273127728,37.269222926253946,3,"[22, 49, 76]"
167,21598259,163.43182354393463,36.608755006268254,3,"[22, 49, 76]"
168,21635088,247.99827730811518,55.89814091606183,6,"[25, 52, 78, 79, 117, 118]"
169,41717460,215.7964028007476,53.292125070958924,5,"[24, 50, 51, 77, 78]"
170,41711473,213.43201087957272,54.97751240063673,5,"[24, 50, 51, 77, 78]"
171,61125572,151.87138832039457,1.9424403169797573,3,"[45, 46, 72]"
172,61126912,150.16868437512332,6.737901786038038,4,"[45, 46, 48, 72]"
173,80951366,111.65142304155758,34.2238056839996,3,"[20, 47, 60]"
174,61184726,273.3250083648217,-9.697617561043227,7,"[13, 66, 91, 92, 93, 104, 116]"
175,81003405,111.883261817834,35.5940300411799,4,"[20, 47, 60, 74]"
176,81041820,112.13754476865137,36.24011338980415,4,"[20, 47, 60, 74]"
177,81075894,111.53358725305978,38.682028654262915,4,"[20, 47, 60, 74]"
178,81074586,113.37828969535123,33.89934830362264,2,"[20, 60]"
179,81105604,112.60851095410014,37.028376314458356,4,"[20, 47, 60, 74]"
180,1981698,274.2292801894534,19.76267219471657,2,"[80, 118]"
181,2108106,258.79360674684244,12.711042214975887,1,[118]
182,21704463,302.18445943642377,52.578717110760564,8,"[14, 40, 41, 54, 74, 81, 119, 120]"
183,21721790,248.44662419185747,57.1847874180315,6,"[25, 52, 78, 79, 117, 118]"
184,21748040,87.6576860667783,-59.33026815963756,9,"[5, 6, 32, 33, 87, 98, 107, 108, 109]"
185,21831056,249.63310279152057,58.459472507505104,5,"[25, 26, 79, 117, 118]"
186,21812308,160.22289190491622,-37.9620072215321,9,"[8, 9, 35, 62, 89, 110, 111, 112, 113]"
187,21832928,250.7261586946622,54.677113374776354,6,"[25, 26, 52, 79, 117, 118]"
188,41860807,1.3162449574379087,-41.62041341851739,6,"[29, 30, 69, 105, 106, 107]"
189,41919862,271.8396119408374,20.194980210129195,2,"[80, 118]"
190,81217270,115.56635330817411,33.97077869452276,3,"[20, 47, 60]"
191,2236015,81.19520456573638,10.645790679819477,8,"[19, 43, 44, 45, 59, 71, 73, 86]"
192,2226189,146.8533597323111,-42.85314432702667,7,"[8, 35, 61, 99, 109, 110, 111]"
193,2173506,279.37201418592264,3.043804298264306,2,"[92, 116]"
194,2288734,287.18297838427725,-1.8604894616756043,2,"[92, 116]"
195,21864252,201.9899424781565,-38.26297574065416,11,"[10, 37, 64, 90, 99, 100, 101, 111, 112, 113, 114]"
196,21895899,160.36661904124335,-36.95941861896129,9,"[8, 9, 35, 62, 89, 99, 110, 112, 113]"
197,21897561,250.98638632307083,55.965269703017384,6,"[25, 26, 52, 79, 117, 118]"
198,22030964,204.7447529263111,-40.571993525308464,9,"[10, 37, 64, 99, 100, 101, 111, 112, 113]"
199,42013007,2.4676257600971745,-45.47477327026513,7,"[3, 29, 30, 69, 97, 105, 107]"
200,61360821,34.48580848267008,21.53901824816727,2,"[17, 85]"
201,61397572,232.75220897184712,-7.092082571476824,4,"[11, 38, 91, 115]"
202,61447354,232.36402399435656,-5.848623696071365,2,"[91, 115]"
203,61405613,105.74565256602597,-40.04660869737192,8,"[6, 7, 33, 87, 108, 109, 110, 111]"
204,61434520,273.51433025153045,-7.931914118990822,5,"[13, 66, 91, 93, 116]"
205,81375040,260.4343262744686,-1.1926609824157426,2,"[91, 116]"
206,81376588,260.44448537514415,-0.9805414279115512,1,[91]
207,2433001,81.43908302414755,10.847090316763692,8,"[19, 43, 44, 45, 59, 71, 73, 86]"
208,22083423,161.93111428702895,-37.39115188613437,8,"[9, 35, 62, 89, 99, 110, 112, 113]"
209,22102358,203.4776771355125,-38.779862450849585,10,"[10, 37, 64, 99, 100, 101, 111, 112, 113, 114]"
210,22129510,269.2727786016776,56.0860139574472,7,"[26, 40, 52, 53, 79, 80, 118]"
211,22234795,163.00116239787445,-37.147249115919735,8,"[9, 35, 62, 89, 99, 110, 112, 113]"
212,22235339,162.47835373441006,-36.32156408575199,8,"[9, 35, 62, 89, 99, 110, 112, 113]"
213,22253703,303.6407030081471,54.27688110431921,8,"[14, 40, 41, 54, 74, 75, 119, 120]"
214,42334982,96.92878674165223,-24.234139273073044,4,"[6, 33, 87, 111]"
215,61524043,36.84244137870862,22.925360859439564,3,"[17, 58, 85]"
216,2471579,198.80593484380665,-8.620627040056942,5,"[37, 46, 64, 91, 115]"
217,2473207,198.778840601629,-8.222409924558274,5,"[37, 46, 64, 91, 115]"
218,2507547,81.48317337078089,9.641102561427116,8,"[19, 43, 44, 45, 59, 71, 73, 86]"
219,2497082,261.80692218556806,15.003478895777258,1,[118]
220,22295632,268.60066425866313,-18.566686859720498,5,"[13, 39, 66, 93, 104]"
221,22286705,162.10857329195449,-34.89729151258584,8,"[9, 35, 62, 89, 99, 100, 112, 113]"
222,22333801,270.9398804755553,53.993078137021044,5,"[40, 53, 79, 80, 118]"
223,42438405,97.12143207461999,-26.272688678404567,4,"[6, 33, 87, 111]"
224,42551532,294.8994595138827,54.493270012633985,9,"[14, 40, 41, 53, 54, 74, 80, 81, 119]"
225,42569616,97.33779509935037,-24.777012966250876,4,"[6, 33, 87, 111]"
226,42571239,273.4774315217988,19.3879960694071,1,[118]
227,61822201,200.35635573647897,-42.33130766120295,10,"[10, 37, 64, 99, 100, 101, 111, 112, 113, 114]"
228,81614523,148.41212944111155,-63.7163591486119,8,"[8, 9, 34, 35, 61, 62, 88, 89]"
229,81709032,145.9634957559609,-61.66102652229636,6,"[34, 35, 61, 62, 88, 89]"
230,2620617,209.56824356999127,3.4837892037390095,2,"[91, 115]"
231,2620618,209.56722435196804,3.4836105113753795,2,"[91, 115]"
232,2622122,210.37236321356127,1.9730005737007728,1,[91]
233,22516402,272.5683722426837,53.98594132674605,6,"[26, 40, 53, 79, 80, 118]"
234,22600633,120.2096092035226,-62.05629512459468,6,"[8, 33, 34, 61, 87, 88]"
235,22594935,103.83640773327939,21.264822510167622,2,"[20, 47]"
236,22647848,207.43077181332066,-40.651223668321244,9,"[10, 37, 64, 99, 100, 101, 112, 113, 114]"
237,22632346,103.50952410336892,25.022227493641466,3,"[20, 47, 60]"
238,42718728,319.99012630562447,57.078918594506796,9,"[14, 15, 41, 54, 55, 75, 81, 82, 120]"
239,42634920,97.23144916342332,-24.050285968340475,4,"[6, 33, 87, 111]"
240,42705187,294.2093571051464,52.28422022250739,8,"[14, 40, 53, 54, 74, 80, 81, 119]"
241,61913298,112.47552354523978,-26.881897966407653,5,"[7, 33, 87, 111, 112]"
242,61941944,199.20142606724153,-40.35633481659818,12,"[10, 37, 63, 64, 90, 99, 100, 101, 111, 112, 113, 114]"
243,81854295,195.45321888263348,-48.333682111114996,12,"[10, 36, 37, 63, 64, 90, 99, 100, 111, 112, 113, 114]"
244,81911786,66.24870499538446,44.90169533375368,4,"[18, 19, 59, 86]"
245,81931778,111.65496040223043,-40.33725268441269,8,"[7, 33, 34, 87, 108, 109, 110, 111]"
246,2944024,83.2415412691919,10.510814564875211,8,"[19, 43, 44, 45, 59, 71, 73, 86]"
247,22712605,44.327934713433024,12.011425291397638,6,"[18, 42, 43, 44, 58, 85]"
248,22817261,184.1834625954636,42.989615313849654,5,"[23, 49, 50, 76, 77]"
249,22847803,185.41158895204714,42.48196408352929,5,"[23, 49, 50, 76, 77]"
250,22791328,182.96228979960154,44.334759218341205,5,"[23, 49, 50, 76, 77]"
251,42991761,97.8345559911774,-23.96580403566572,4,"[6, 33, 87, 111]"
252,62119725,285.7806339385295,-22.144054557038576,6,"[13, 27, 67, 94, 104, 105]"
253,62119727,285.77214432618507,-22.14473056721135,6,"[13, 27, 67, 94, 104, 105]"
254,62204855,268.5351587003525,19.969230037411013,1,[80]
255,62184739,285.82682413003954,-22.49751508014583,6,"[13, 27, 67, 94, 104, 105]"
256,82018471,199.21700789496037,-51.20460999299039,10,"[37, 63, 64, 90, 99, 100, 111, 112, 113, 114]"
257,82068320,148.34268773898555,-63.03792729417792,8,"[8, 9, 34, 35, 61, 62, 88, 89]"
258,22874788,44.56451862917496,8.854567665381687,8,"[18, 42, 43, 44, 58, 70, 71, 85]"
259,22874790,44.57434816292693,8.850479102747405,8,"[18, 42, 43, 44, 58, 70, 71, 85]"
260,22908364,208.03110469659782,-40.2773696470428,9,"[10, 37, 64, 99, 100, 101, 112, 113, 114]"
261,22954165,184.04490462329926,47.47855485973547,6,"[16, 23, 49, 50, 76, 77]"
262,22972926,122.26204751255656,-61.947738207942386,7,"[7, 8, 33, 34, 61, 87, 88]"
263,23052028,63.982156662708505,7.700126537907672,5,"[18, 44, 70, 71, 86]"
264,43068884,321.8980831827095,58.93946476305498,10,"[14, 15, 41, 54, 55, 75, 81, 82, 120, 121]"
265,43158945,278.46072235068334,21.57332942780877,2,"[80, 118]"
266,62264650,268.3975803851393,21.81164207377862,1,[80]
267,62355113,120.04007075698368,-32.66957592117363,6,"[34, 61, 88, 108, 111, 112]"
268,62259686,80.81563627024502,5.672570907345437,4,"[43, 44, 45, 71]"
269,82203007,141.80268441769996,10.76673366762267,5,"[21, 45, 46, 48, 72]"
270,82256997,195.10876646852813,-47.050886250766816,11,"[10, 36, 37, 63, 64, 90, 99, 100, 111, 112, 114]"
271,82289479,120.47970784222426,3.165972500013106,5,"[44, 45, 46, 71, 72]"
272,82308728,159.20306165760593,19.112181975065305,2,"[22, 49]"
273,3205453,262.78636009475093,12.288145632867655,2,"[91, 118]"
274,3296473,158.40434436784932,-49.90347119315884,7,"[8, 9, 35, 99, 109, 110, 112]"
275,3212365,83.42250218396545,8.935087794627078,8,"[19, 43, 44, 45, 59, 71, 73, 86]"
276,23137804,41.21025309268249,-23.91044455615343,3,"[4, 31, 109]"
277,23104270,269.2292249481372,-18.88681552083631,5,"[13, 39, 66, 93, 104]"
278,23129352,239.3261425316252,-5.544545813896598,3,"[91, 115, 116]"
279,23222558,182.6140593898522,-34.803399494252176,7,"[9, 36, 63, 90, 99, 113, 114]"
280,43338030,258.058984261909,46.02827655510307,7,"[25, 26, 52, 53, 79, 117, 118]"
281,62441822,270.0460316540586,-24.11465534872851,5,"[13, 39, 66, 93, 104]"
282,62480591,135.8291156554947,-20.401114006619267,6,"[8, 34, 61, 88, 99, 112]"
283,62534844,136.53401393397556,-21.515081425315927,6,"[8, 34, 61, 88, 99, 112]"
284,82376727,39.85285203545424,24.134589728705016,3,"[18, 58, 85]"
285,3375779,279.56098361006696,-0.7410698956256841,1,[92]
286,23327012,183.110474898344,-34.336297445428215,7,"[9, 36, 63, 90, 100, 113, 114]"
287,23270430,181.43609571373412,-32.59336701621646,7,"[9, 36, 63, 90, 100, 113, 114]"
288,23270537,181.4091211060078,-32.37704029309629,8,"[9, 36, 63, 90, 100, 113, 114]"
289,23351808,183.37693067076023,-34.44143398456865,7,"[9, 36, 63, 90, 100, 113, 114]"
290,43616426,263.8295368992042,36.614329953722525,4,"[52, 53, 79, 118]"
291,43560573,262.8708575783939,37.108101191186186,5,"[26, 52, 53, 79, 118]"
292,62573638,137.29239929444302,-20.10350721118631,5,"[8, 34, 61, 88, 112]"
293,62569281,137.71083995038347,-21.949100230880887,6,"[8, 34, 61, 88, 99, 112]"
294,62642421,81.36005473827474,4.809802332797582,4,"[43, 44, 45, 71]"
295,62627455,139.89754468726002,-18.33153517426124,4,"[8, 61, 88, 99]"
296,62702862,81.51841057324081,6.415541448405924,5,"[19, 43, 44, 45, 71]"
297,82546579,170.97166375675917,9.487038236054286,5,"[22, 45, 46, 49, 72]"
298,82657890,261.340181539266,-6.222413011270725,5,"[12, 39, 91, 115, 116]"
299,3664719,123.34866120315206,6.986316976041342,7,"[21, 44, 45, 46, 47, 71, 72]"
300,3645269,123.58019716712455,4.932806442410717,5,"[44, 45, 46, 71, 72]"
301,3585136,158.98748495805128,-49.68743405887958,8,"[8, 9, 35, 62, 99, 109, 110, 112]"
302,3650509,250.0100268629643,-17.776716069624307,2,"[65, 103]"
303,3576220,122.50254882357537,7.542609426220062,6,"[44, 45, 46, 47, 71, 72]"
304,3576222,122.50194926543557,7.54128659891216,6,"[44, 45, 46, 47, 71, 72]"
305,23558618,185.88831417709122,-35.721359630462516,9,"[9, 10, 36, 63, 90, 99, 100, 113, 114]"
306,23583692,186.2217035263125,-35.65206178731829,9,"[9, 10, 36, 63, 90, 99, 100, 113, 114]"
307,23566533,240.50153666815854,-5.865039109255072,3,"[91, 115, 116]"
308,23582373,185.5286252960895,-34.60703036704493,8,"[9, 10, 36, 63, 90, 100, 113, 114]"
309,23639066,216.5327932766825,8.01194662877754,3,"[51, 91, 115]"
310,43650034,73.55899540703496,-34.35505481964996,5,"[5, 32, 98, 109, 110]"
311,43680999,258.8833977681794,-7.457257563094232,4,"[12, 91, 115, 116]"
312,43734086,264.189589303991,38.52286122006823,6,"[26, 52, 53, 79, 80, 118]"
313,43790244,264.39432274818387,39.304575261610694,6,"[26, 52, 53, 79, 80, 118]"
314,62740103,114.34764119135454,-1.06240495895674,4,"[44, 45, 46, 72]"
315,62822682,114.54048855043244,-0.9111525188493105,3,"[44, 45, 46]"
316,82694493,83.33875133245124,39.94944060205872,4,"[19, 59, 73, 86]"
317,82799356,83.39896704738845,36.98513046825437,4,"[19, 59, 73, 86]"
318,82849372,249.95801098175332,-37.81318660993589,8,"[12, 39, 65, 100, 101, 102, 103, 113]"
319,3772886,160.3749114672612,-51.080509780617476,10,"[8, 9, 35, 62, 89, 99, 109, 110, 111, 112]"
320,3699722,124.23888665784929,5.0315322272777205,5,"[44, 45, 46, 71, 72]"
321,3838520,5.861822644921487,-13.35070465223539,2,"[3, 30]"
322,3810734,4.629342328866601,-14.167128096965524,2,"[3, 30]"
323,3816118,6.4857184635293175,-10.683324659346882,5,"[3, 30, 42, 43, 70]"
324,3811994,6.225059505155289,-11.0344315915841,5,"[3, 30, 42, 43, 70]"
325,43906107,264.9038586031175,37.661099556938446,5,"[26, 53, 79, 80, 118]"
326,44014899,265.1803361990568,37.78377070466531,5,"[26, 53, 79, 80, 118]"
327,44015637,265.2131404302545,37.15822311448122,5,"[26, 53, 79, 80, 118]"
328,44019288,265.4573309543569,36.405106477679404,3,"[79, 80, 118]"
329,62903306,168.84263558887199,-6.242061854441942,5,"[9, 36, 45, 46, 72]"
330,3902250,163.6134569089715,16.77401456957274,2,"[22, 49]"
331,3941110,143.2071195623105,16.75612364482559,2,"[21, 48]"
332,3944756,263.6706362025272,12.058920339896202,3,"[91, 92, 118]"
333,3962869,7.2521817643336215,-14.732249886742572,3,"[3, 30, 97]"
334,3885864,279.80285225112397,-0.893154144616051,1,[92]
335,23849367,191.59170815152368,44.7677782717644,3,"[23, 50, 77]"
336,3988251,8.045446610618487,-13.715218034109752,3,"[3, 30, 97]"
337,23913506,313.0543464614902,8.239811313476196,3,"[81, 92, 116]"
338,23956172,241.5273628566053,-6.189486227542925,3,"[38, 115, 116]"
339,23963679,313.95886916669855,10.161753974525324,4,"[55, 81, 92, 116]"
340,23959521,312.4428896409136,5.719575747439472,2,"[92, 116]"
341,44072803,352.5643399059592,30.824065172489213,1,[83]
342,44180973,244.30304462119713,-38.93229449409881,11,"[12, 38, 39, 65, 99, 100, 101, 102, 103, 113, 114]"
343,83135166,195.10505260096429,-13.31914159011949,5,"[10, 37, 63, 90, 101]"
344,83113252,195.59711206741994,-14.854783430387188,5,"[10, 37, 63, 90, 101]"
345,4113275,78.9877438236493,-28.88175614603777,3,"[5, 32, 98]"
346,23969522,132.71131421143807,30.688779292162923,2,"[21, 48]"
347,24053730,223.55906046925867,57.91417032632656,5,"[24, 25, 51, 78, 117]"
348,24005851,146.5190761545456,33.06214899614742,2,"[21, 48]"
349,24072858,241.51125456856528,-4.157640666611763,2,"[115, 116]"
350,24089803,224.94209102759794,58.180970099328825,4,"[24, 25, 78, 117]"
351,44222598,2.6144327524210764,37.10764004076093,3,"[16, 56, 83]"
352,44225696,1.1136229067405137,34.5475141428604,2,"[56, 83]"
353,44242387,278.69110885482104,17.275918858992313,2,"[80, 118]"
354,44308541,164.1645587928423,-46.28775083039991,8,"[9, 35, 36, 62, 89, 99, 111, 113]"
355,63217246,153.0105697411714,5.7518075523783425,3,"[45, 46, 72]"
356,63219023,154.5505041860931,2.5212823405377196,3,"[45, 46, 72]"
357,83229320,221.3904708126093,-14.830904897397492,4,"[11, 38, 64, 102]"
358,4194999,110.73902130618121,12.912690945623119,3,"[20, 47, 60]"
359,4197458,111.34307444336969,10.402536972526914,8,"[20, 44, 45, 46, 47, 60, 71, 72]"
360,4287805,111.58510404230127,12.465735282629932,5,"[20, 44, 45, 47, 60]"
361,24266783,314.19536924807466,-5.904119054059556,2,"[92, 116]"
362,44383811,3.344078789804646,26.153698299650884,2,"[56, 83]"
363,44488067,20.2680148200842,26.776785235783333,2,"[17, 57]"
364,63398390,40.343477362519664,19.483213408555624,2,"[18, 58]"
365,63475995,111.35082665646979,-50.80991123618802,9,"[6, 7, 33, 34, 87, 88, 108, 109, 110]"
366,83335524,221.12020764854933,-12.455721419402497,4,"[11, 38, 64, 102]"
367,83391616,221.04259421069492,-11.26804669370059,6,"[11, 38, 64, 91, 102, 115]"
368,83457037,94.06279363917179,6.407639099424455,5,"[43, 44, 45, 71, 72]"
369,4425280,343.5022870321378,-4.285044295087634,3,"[42, 70, 92]"
370,4425771,344.4690526504279,-1.977574120971521,3,"[42, 70, 92]"
371,4422468,160.81421677018201,-49.46152115124718,9,"[8, 9, 35, 62, 89, 99, 110, 111, 112]"
372,24352826,327.4803822715844,8.225749604557297,5,"[42, 55, 82, 92, 116]"
373,24373893,327.0898814131859,6.9750528503087645,4,"[42, 55, 92, 116]"
374,24398701,77.35266264797448,-55.57471301128114,7,"[5, 6, 32, 98, 107, 108, 109]"
375,24400247,77.83490571327772,-54.65870757120017,7,"[5, 6, 32, 98, 107, 108, 109]"
376,24437871,157.70848840897204,-45.41713845059868,8,"[8, 9, 35, 89, 99, 110, 111, 112]"
377,44577692,322.1277707611094,-35.71861906340419,7,"[1, 28, 68, 95, 102, 105, 106]"
378,44561692,33.40464791014136,23.344027912176863,4,"[17, 57, 84, 85]"
379,44629425,32.026626468249454,19.736241541552676,3,"[17, 57, 84]"
380,44628526,323.04849428745064,-35.801913697008956,7,"[1, 28, 68, 95, 102, 105, 106]"
381,44645100,167.52749988034205,-49.08145225313624,10,"[9, 35, 36, 62, 63, 89, 99, 110, 111, 112]"
382,44681349,50.422946359028984,-45.964523330649264,6,"[4, 5, 31, 106, 107, 108]"
383,63571394,110.89652937948162,-48.28317062256086,9,"[6, 7, 33, 34, 87, 108, 109, 110, 111]"
384,63626283,41.44003876321489,17.205377075413566,3,"[18, 58, 85]"
385,83589744,223.41500738676768,-14.547982272784377,3,"[11, 38, 102]"
386,83612641,38.781670218224164,53.096465008800536,9,"[17, 18, 24, 57, 58, 77, 78, 84, 85]"
387,4557666,113.47006261259995,12.028964367625898,5,"[20, 44, 45, 46, 60]"
388,4558423,113.77449836094249,10.43637792146468,7,"[20, 45, 46, 47, 60, 71, 72]"
389,24480718,159.08065431255008,-47.23218731003552,8,"[8, 9, 35, 62, 99, 110, 111, 112]"
390,24467943,20.108594626033735,51.21532991413089,2,"[16, 17]"
391,24532229,79.68888117461499,-57.50441552346789,8,"[5, 6, 32, 33, 87, 98, 107, 108]"
392,44735561,50.44657671759637,-46.97738826494703,6,"[4, 5, 31, 106, 107, 108]"
393,44743049,51.28713061200707,-47.32152822086988,6,"[4, 5, 31, 106, 107, 108]"
394,44799692,53.87816544672317,-45.16990553208088,7,"[4, 5, 31, 106, 107, 108, 109]"
395,63720038,43.05102349634048,18.58992979885745,3,"[18, 58, 85]"
396,63782132,43.603999320984244,19.3177990404028,1,[18]
397,83783485,224.33417197478573,-13.641174980947957,3,"[11, 38, 102]"
398,83787828,94.63236134782532,6.186566396029129,6,"[20, 43, 44, 45, 71, 72]"
399,83788158,94.60985803259899,6.016833461086744,6,"[20, 43, 44, 45, 71, 72]"
400,4612575,347.310007937103,-2.3342050183477485,3,"[42, 70, 92]"
401,4691574,280.42634818304873,3.722768478798556,2,"[92, 116]"
402,63787376,358.67859644483644,-30.759502897016826,4,"[3, 29, 69, 107]"
403,63788376,1.614873068056565,-27.878684808380456,3,"[3, 30, 107]"
404,63790159,43.51434012018115,18.947969176554626,3,"[18, 58, 85]"
405,4739075,170.4349420637748,27.16849159329978,2,"[22, 49]"
406,4752246,136.02259094299464,20.117954103789142,2,"[21, 48]"
407,4742417,34.286203537636425,-23.184039455385122,4,"[4, 31, 108, 109]"
408,4748040,34.39684054543001,-23.776593815745,4,"[4, 31, 108, 109]"
409,4753429,137.83515643379343,15.444562711809036,2,"[21, 48]"
410,4753884,137.10235412759582,17.480226135228758,2,"[21, 48]"
411,4821921,138.05513254884582,15.375363165385366,2,"[21, 48]"
412,4845057,137.6978202818495,19.634380944527145,2,"[21, 48]"
413,4847760,163.65055828913506,-51.598324670567024,10,"[8, 9, 35, 36, 62, 89, 99, 110, 111, 112]"
414,4891611,138.9672781668881,16.873809310343432,2,"[21, 48]"
415,24733359,159.93628948706575,-46.66358431350446,9,"[8, 9, 35, 62, 89, 99, 110, 111, 112]"
416,24722438,80.24480291365987,-29.513814061338163,4,"[6, 32, 98, 110]"
417,45192367,173.32317996658745,-69.59832607403135,9,"[8, 10, 35, 36, 37, 62, 63, 89, 90]"
418,64008907,26.894220614941844,-33.67645968955134,5,"[4, 30, 97, 107, 108]"
419,64009547,26.2862733049464,-35.24952864391096,5,"[4, 30, 97, 107, 108]"
420,4973475,139.88641871002304,18.605658708018716,2,"[21, 48]"
421,24845551,318.9381283699172,8.46367364928896,4,"[55, 82, 92, 116]"
422,24846101,318.5675635028701,7.252862882306927,3,"[55, 92, 116]"
423,24920688,158.48071044956467,-43.313822087276534,8,"[8, 9, 35, 99, 110, 111, 112, 113]"
424,24910401,21.294150156647294,-20.48462386317907,4,"[3, 30, 97, 108]"
425,24921603,23.079784521212538,-16.853315900064082,4,"[3, 30, 97, 108]"
426,24910738,21.348676363091098,-20.486927290268074,4,"[3, 30, 97, 108]"
427,24972138,158.7911170484822,-43.581902301776786,8,"[8, 9, 35, 99, 110, 111, 112, 113]"
428,24972140,158.79078032513206,-43.58414070533801,8,"[8, 9, 35, 99, 110, 111, 112, 113]"
429,45421861,168.95354741845142,-47.18741937287223,10,"[9, 35, 36, 62, 63, 89, 99, 110, 111, 113]"
430,64242105,274.43298746105404,-9.974854374454818,5,"[13, 66, 91, 92, 93]"
431,84226809,74.22969956622762,43.6251899147313,2,"[19, 73]"
432,5126433,115.68498686243765,-42.374401538009,8,"[7, 33, 34, 88, 108, 109, 110, 111]"
433,5165416,162.75927548797273,-49.507332446829714,10,"[8, 9, 35, 36, 62, 89, 99, 110, 111, 112]"
434,5205367,269.4145141923041,38.57807458386318,4,"[26, 53, 80, 118]"
435,25060155,158.98243289420853,-43.49512081212511,8,"[8, 9, 35, 99, 110, 111, 112, 113]"
436,25078674,323.3268226228079,-78.45585117215037,43,"[1, 2, 3, 4, 5, 6, 7, 8, 9, 10, 11, 12, 13, 27, 28, 29, 30, 31, 32, 33, 34, 35, 36, 37, 39, 61, 62, 63, 64, 65, 66, 67, 69, 87, 88, 89, 90, 93, 94, 95, 96, 97, 98]"
437,25155664,326.3787135639652,-79.58749849416756,44,"[1, 2, 3, 4, 5, 6, 7, 9, 10, 11, 12, 13, 27, 28, 29, 30, 31, 32, 33, 34, 35, 36, 37, 38, 39, 61, 62, 63, 64, 65, 66, 67, 68, 69, 87, 88, 89, 90, 93, 94, 95, 96, 97, 98]"
438,25166417,320.9439034318025,-8.51633130178699,6,"[1, 28, 68, 92, 95, 116]"
439,45512573,243.1020263760681,-34.49695641172037,6,"[12, 38, 65, 99, 102, 103]"
440,64408446,113.60527267414082,-23.943916765099374,4,"[7, 87, 111, 112]"
441,84331644,61.09314589174768,4.891409205937453,5,"[42, 43, 44, 70, 71]"
442,5262805,269.6211003969734,38.28180517338112,4,"[26, 53, 80, 118]"
443,5361525,148.67041351400886,-33.44732360944285,7,"[8, 35, 62, 89, 99, 112, 113]"
444,25302877,323.74793661078587,-5.3258407832320716,2,"[92, 116]"
445,25321576,162.4755921473727,-46.676171045533366,11,"[8, 9, 35, 36, 62, 89, 99, 110, 111, 112, 113]"
446,45789124,171.28714577197994,-67.92846683114367,9,"[8, 9, 10, 35, 36, 62, 63, 89, 90]"
447,64508411,114.04007951625337,-26.19870050335519,5,"[7, 34, 87, 111, 112]"
448,64581438,353.3778549885158,59.10277797252084,5,"[15, 16, 56, 76, 121]"
449,64568149,113.46307291300292,-22.16295779351629,4,"[7, 87, 111, 112]"
450,5456605,109.3779688024612,-22.548338965758145,4,"[7, 33, 87, 111]"
451,5520036,280.5691716469596,2.0227287541825936,2,"[92, 116]"
452,5506063,162.80031530752728,-28.079511616886222,7,"[9, 35, 62, 89, 99, 100, 113]"
453,5529673,165.46502644008922,-27.814283342628055,7,"[9, 35, 62, 89, 99, 100, 113]"
454,5582910,115.20312358361465,-31.657547011211097,4,"[7, 34, 111, 112]"
455,25425217,205.6965895283298,-26.148725624276654,5,"[10, 37, 64, 101, 102]"
456,25489496,204.62159071865074,-23.515553713590876,4,"[10, 37, 64, 101]"
457,45883663,168.55241854571696,-44.456770196630856,11,"[9, 35, 36, 62, 63, 89, 99, 110, 111, 112, 113]"
458,45992056,168.95922899974897,-44.47044314478609,11,"[9, 35, 36, 62, 63, 89, 99, 110, 111, 112, 113]"
459,46040297,218.74094736041903,-5.8668203134356975,2,"[91, 115]"
460,46041110,219.41396555112723,-7.608810000927985,4,"[11, 64, 91, 115]"
461,64617687,274.56216524110147,-8.825711688249173,5,"[13, 66, 91, 92, 93]"
462,64745534,274.5964060836403,-7.587150576173139,5,"[13, 66, 91, 92, 93]"
463,84667204,275.2908117202114,52.57787570423135,6,"[26, 40, 53, 80, 118, 119]"
464,5622007,164.3205808070124,-49.77184965064113,9,"[8, 9, 35, 36, 62, 89, 99, 110, 112]"
465,5622763,163.9872121635749,-49.32939419292969,10,"[8, 9, 35, 36, 62, 89, 99, 110, 111, 112]"
466,5637590,39.01453626606906,12.116241356596857,4,"[42, 43, 58, 85]"
467,5716512,342.79370145985934,-8.409681709147932,7,"[2, 29, 42, 69, 70, 92, 96]"
468,5724121,39.817041462451314,11.465244568061914,3,"[42, 58, 85]"
469,46125330,93.51152802899166,-4.238338903607849,5,"[43, 44, 45, 71, 72]"
470,46095850,218.59179133534184,-4.597238436679235,2,"[91, 115]"
471,64774251,357.8053503324948,61.39240554894846,9,"[15, 16, 56, 57, 76, 77, 83, 84, 121]"
472,64804337,328.6842971537952,54.292344525402676,7,"[14, 15, 41, 55, 75, 120, 121]"
473,84858986,96.4546452139213,3.6899075284907754,5,"[43, 44, 45, 71, 72]"
474,84850558,318.11222664203666,31.94348467560253,3,"[55, 81, 82]"
475,5796235,344.68484882471165,-7.767723608634858,6,"[2, 29, 42, 70, 92, 96]"
476,5876584,244.26685606796403,23.880227063781504,1,[117]
477,25718890,162.49850613552505,-43.93236498015169,10,"[8, 9, 35, 62, 89, 99, 110, 111, 112, 113]"
478,25763486,21.003463142810762,21.144936802297497,2,"[17, 84]"
479,46263737,232.47280066794673,18.654258494596682,2,"[51, 117]"
480,46364393,131.97958422909198,-3.504401189907104,4,"[44, 45, 46, 72]"
481,46297363,130.92672192254315,-2.2215482217503957,4,"[44, 45, 46, 72]"
482,46362941,130.88143964753291,-0.13823136064498315,4,"[44, 45, 46, 72]"
483,64947014,15.675980458099033,57.24018632241549,6,"[16, 17, 57, 77, 83, 84]"
484,85043188,76.00877410035855,2.3585262518342853,3,"[43, 44, 71]"
485,85085021,319.1661802911874,32.52931066569156,2,"[55, 82]"
486,5976776,214.28674084635531,3.237496321429162,2,"[91, 115]"
487,5953640,80.01828328000612,-2.9407514756818847,4,"[43, 44, 45, 71]"
488,5969274,199.46470746614148,-11.290761457102125,6,"[10, 37, 46, 64, 91, 115]"
489,6029884,213.79379497016208,7.197768184767645,3,"[51, 91, 115]"
490,6041460,214.7794390934226,5.908075844035892,2,"[91, 115]"
491,25908898,54.371460953542396,3.2774450183595443,5,"[42, 43, 44, 70, 71]"
492,46475987,57.237723429126156,8.26021272202965,8,"[18, 42, 43, 44, 58, 70, 71, 85]"
493,46475988,57.23460354896634,8.260951845900072,8,"[18, 42, 43, 44, 58, 70, 71, 85]"
494,65165118,62.36028982425146,26.09376477288086,3,"[18, 58, 86]"
495,85110246,76.4280261507219,3.2045215369595117,3,"[43, 44, 71]"
496,85159422,103.58897951258885,40.13888490259837,3,"[20, 47, 74]"
497,85181703,76.63634670561945,4.580417289553609,3,"[43, 44, 71]"
498,85213581,318.4896660825947,29.64589640020071,2,"[55, 82]"
499,85242184,105.00576996119378,38.36376683749759,4,"[20, 47, 60, 74]"
500,6118924,205.91703660616585,-9.394497967554132,5,"[10, 37, 64, 91, 115]"
501,6123673,215.36660539058437,-6.905727221279335,4,"[11, 37, 91, 115]"
502,6115428,206.14255955148346,-10.110792781899793,5,"[10, 37, 64, 91, 115]"
503,6116592,207.40534620234502,-13.175503663652089,3,"[10, 37, 64]"
504,6177637,216.57408223274064,-9.248719260426958,5,"[11, 37, 64, 91, 115]"
505,26045729,122.93477336626454,-24.432303565085313,5,"[7, 34, 61, 88, 112]"
506,26060505,221.20261731818326,7.289158165331263,3,"[51, 91, 115]"
507,26074881,155.8315375272282,-17.814621594611985,3,"[62, 89, 113]"
508,46674348,58.134585204852975,6.413467862505099,6,"[18, 42, 43, 44, 70, 71]"
509,46631360,58.787671876745335,9.584350734902257,7,"[18, 42, 43, 44, 58, 70, 71]"
510,46686960,84.38689594094775,-38.982260084882284,8,"[6, 32, 33, 98, 107, 108, 109, 110]"
511,65291439,24.510487015415563,-40.69193304432117,8,"[3, 4, 30, 97, 105, 106, 107, 108]"
512,65286724,62.053217582068,22.886446784968502,3,"[18, 58, 86]"
513,65352036,63.32110092978786,26.930798283234026,2,"[18, 86]"
514,85270832,104.81760015191844,39.34990201676883,4,"[20, 47, 60, 74]"
515,85281928,36.189932931580195,20.220357004661956,2,"[17, 85]"
516,85286908,145.40107943442655,22.235137207069045,2,"[21, 48]"
517,85335212,154.07268830339336,28.068848652533596,2,"[22, 48]"
518,85343936,37.728541516360515,17.306731603007943,3,"[17, 58, 85]"
519,26101430,221.76804827795766,5.9432294778609105,2,"[91, 115]"
520,26165905,158.32053839137447,-20.823593300809005,4,"[8, 35, 62, 100]"
521,26186040,222.51599965341208,7.432914438896405,3,"[51, 91, 115]"
522,26209304,157.5250285655565,-17.27986796683345,5,"[8, 35, 62, 89, 113]"
523,46778796,96.54564349511278,-2.7842159931925354,5,"[43, 44, 45, 71, 72]"
524,65416950,28.70625230917347,-39.106287838607585,8,"[4, 30, 31, 97, 105, 106, 107, 108]"
525,65452015,28.98052947355806,-41.851901591409764,7,"[30, 31, 97, 105, 106, 107, 108]"
526,85404226,249.42485715438596,60.8361040128974,7,"[25, 26, 51, 78, 79, 117, 118]"
527,85414240,328.43437202945915,36.73816741609896,5,"[41, 55, 82, 120, 121]"
528,85434524,52.77176977169419,12.509099339958052,5,"[18, 42, 44, 58, 85]"
529,26261696,158.13920163191102,-17.117620932689782,4,"[8, 35, 62, 113]"
530,26370518,20.368001064825815,45.83969629500059,2,"[17, 84]"
531,46903632,149.0035301186092,-23.818089589949803,6,"[8, 35, 62, 89, 99, 113]"
532,46907042,149.43919504267944,-24.345029280486592,6,"[8, 35, 62, 89, 99, 113]"
533,47048794,97.00458148731335,-0.7099109928900683,3,"[43, 44, 45]"
534,65628544,29.7588015001321,49.53279977578715,7,"[17, 24, 57, 77, 78, 84, 85]"
535,65672998,116.48797663972307,-24.409842852751304,5,"[7, 34, 88, 111, 112]"
536,65652471,114.34805124655692,-46.13256580673959,10,"[7, 33, 34, 61, 87, 88, 108, 109, 110, 111]"
537,85599908,251.948264671718,62.234937030530226,9,"[25, 26, 52, 53, 78, 79, 80, 117, 118]"
538,85664594,74.27577351329052,49.21088097088193,7,"[19, 25, 26, 52, 59, 73, 86]"
539,26498944,61.85498756995447,11.927804585105191,5,"[18, 42, 43, 44, 86]"
540,26533207,62.4205831535756,12.72154894720837,3,"[18, 43, 86]"
541,26523060,107.2967959424852,-7.04335823650323,5,"[33, 44, 45, 71, 72]"
542,26489741,314.5195722183914,70.24990251948918,15,"[14, 15, 40, 54, 55, 56, 74, 75, 80, 81, 82, 83, 119, 120, 121]"
543,26516151,21.813102458883062,46.943154918485085,3,"[17, 57, 84]"
544,26536432,62.95278729577893,14.376637729733089,2,"[18, 86]"
545,47089299,150.13349649598754,-22.22876317732285,5,"[8, 35, 62, 89, 99]"
546,47144803,151.26599218837922,-23.272474176150876,5,"[8, 35, 62, 89, 99]"
547,65878107,117.01803838722127,-25.29756504873705,5,"[7, 34, 88, 111, 112]"
548,85903050,75.5975850864531,49.92289375843216,8,"[19, 25, 26, 52, 59, 73, 79, 86]"
549,6677245,116.56073054260605,-30.222644794893817,5,"[7, 34, 88, 111, 112]"
550,6670156,280.1109635214997,-30.011374139683166,5,"[13, 67, 94, 104]"
551,26544865,317.8897257239711,72.1369742280802,15,"[14, 40, 41, 54, 55, 56, 74, 75, 76, 80, 81, 82, 83, 119, 121]"
552,47295522,330.24602893499804,-19.697317094527996,4,"[28, 68, 96, 106]"
553,47316404,332.17104074330683,-15.778093388273351,4,"[2, 28, 96, 106]"
554,47344320,81.23353707845114,-6.463909382053296,7,"[6, 32, 43, 44, 45, 71, 98]"
555,47345026,81.27713933557231,-5.840520710643276,4,"[43, 44, 45, 71]"
556,47346402,81.46872281449642,-5.792925170512511,4,"[43, 44, 45, 71]"
557,47381002,333.1171338103486,-16.041178117151382,4,"[2, 69, 96, 106]"
558,65953626,117.72556968481084,-26.55736109697815,5,"[7, 34, 88, 111, 112]"
559,85977487,134.9706339347681,1.779294819613855,4,"[44, 45, 46, 72]"
560,85992252,134.3832850739677,4.9891842811964775,4,"[44, 45, 46, 72]"
561,86044735,338.39018928975753,33.31492438535582,3,"[55, 56, 82]"
562,86036425,135.76156597673716,2.8291004666943262,4,"[44, 45, 46, 72]"
563,6953932,124.36124999432771,-2.045258519165553,5,"[44, 45, 46, 71, 72]"
564,26699907,108.71957578956074,5.562323835619633,5,"[44, 45, 46, 71, 72]"
565,26766810,32.87675212746437,14.197179500974954,3,"[17, 57, 84]"
566,47519372,289.41126756931453,75.01231244120575,22,"[14, 15, 25, 26, 40, 41, 52, 53, 54, 55, 59, 74, 75, 79, 80, 81, 82, 86, 117, 118, 119, 120]"
567,47579336,290.08189001203664,74.56541827581003,22,"[14, 15, 25, 26, 40, 41, 52, 53, 54, 55, 59, 74, 75, 79, 80, 81, 82, 86, 117, 118, 119, 120]"
568,66100263,117.64853997945174,-24.670122852873938,5,"[7, 34, 88, 111, 112]"
569,86177169,119.2813338786832,42.83166047400342,4,"[20, 21, 47, 74]"
570,86151386,175.28690255483752,11.463987478263764,5,"[22, 45, 46, 49, 115]"
571,6994727,124.64207721372551,-2.116697465188362,5,"[44, 45, 46, 71, 72]"
572,26861880,109.69876527141116,6.193658946410424,7,"[20, 44, 45, 46, 47, 71, 72]"
573,26884478,319.18330982813086,70.6725446329013,16,"[14, 15, 40, 41, 54, 55, 56, 74, 75, 76, 81, 82, 83, 119, 120, 121]"
574,26959838,144.5425068944227,8.486682010684556,5,"[21, 45, 46, 48, 72]"
575,47600599,99.7557129105703,-45.78141171271619,6,"[6, 87, 107, 108, 109, 110]"
576,66319827,79.85600545273428,40.79917327056562,4,"[19, 59, 73, 86]"
577,66330793,115.83073964795405,-46.89019616001203,9,"[7, 33, 34, 61, 87, 88, 108, 109, 111]"
578,66290924,12.033470565146843,52.92999405284494,6,"[16, 17, 57, 77, 83, 84]"
579,66389329,275.0544518133029,-11.000459047958737,7,"[13, 66, 91, 92, 93, 104, 116]"
580,86282386,175.52918037063483,16.427858693260045,2,"[22, 49]"
581,86336880,120.81951288698039,45.169065493564446,4,"[20, 21, 47, 74]"
582,86362371,96.70670837353853,4.9494639783722,5,"[43, 44, 45, 71, 72]"
583,26961610,315.38496663628507,67.90818709790145,13,"[14, 15, 40, 41, 54, 55, 74, 75, 81, 82, 119, 120, 121]"
584,27014182,318.63585255865024,69.62163850913964,16,"[14, 15, 40, 41, 54, 55, 56, 74, 75, 76, 81, 82, 83, 119, 120, 121]"
585,27024885,275.79065958603644,-7.088353366303644,4,"[13, 91, 92, 116]"
586,47751300,229.65883599748756,-18.326847097734596,3,"[11, 38, 65]"
587,47738448,296.41038647603784,7.292872952123886,3,"[54, 92, 116]"
588,47743919,295.7055116108438,3.9978650623809044,2,"[92, 116]"
589,47757041,293.88603993745375,74.80835968005618,23,"[14, 15, 22, 25, 26, 40, 41, 52, 53, 54, 55, 59, 74, 75, 79, 80, 81, 82, 86, 117, 118, 120, 121]"
590,47789691,145.0383024803311,-49.938507065672056,10,"[8, 34, 35, 61, 62, 88, 89, 109, 111, 112]"
591,47765427,100.30720235338096,-44.56333209265175,7,"[6, 33, 87, 107, 108, 109, 110]"
592,66409287,358.6682658943524,-32.846911187506514,5,"[3, 29, 69, 106, 107]"
593,66437824,347.85823876086715,-15.473723102019049,5,"[2, 29, 69, 96, 107]"
594,66497441,348.96014474638713,-15.171928955406809,5,"[2, 29, 69, 96, 107]"
595,86371589,122.71532493099271,43.42010605245999,3,"[21, 47, 74]"
596,86384857,121.34280058094255,47.53785649755722,8,"[14, 20, 21, 40, 41, 47, 119, 120]"
597,86433449,207.7496286786569,25.324846188938512,1,[50]
598,27108472,147.34531369641743,8.86288418077347,4,"[45, 46, 48, 72]"
599,27136704,77.52733977587927,-4.227413770565552,2,"[43, 71]"
600,27112055,191.39722585083868,24.046775035426787,2,"[23, 50]"
601,27139641,77.76898714953396,-2.4688998123111996,2,"[43, 71]"
602,66533627,349.1964800760719,-15.716765140386432,5,"[2, 29, 69, 96, 107]"
603,66533629,349.19577884346853,-15.714947823841124,5,"[2, 29, 69, 96, 107]"
604,66630526,185.72978353780823,-1.8261201247560812,3,"[46, 91, 115]"
605,66630532,185.72902162025665,-1.8206138255281006,3,"[46, 91, 115]"
606,66626552,31.718707234740844,-25.965899236658526,5,"[4, 31, 97, 108, 109]"
607,66664300,184.5928897086874,1.1324569575154846,3,"[46, 91, 115]"
608,66671861,184.82800927120525,1.3650980906537586,3,"[46, 91, 115]"
609,66693422,198.15741378117778,6.193945735417132,5,"[23, 46, 50, 91, 115]"
610,86529677,68.74130509660245,36.06468572278709,3,"[19, 59, 86]"
611,27304566,117.76064298652685,25.70550287192718,2,"[20, 47]"
612,27352198,192.49873734189114,49.29546483851422,3,"[16, 50, 77]"
613,48048540,101.27325097702294,-43.657080772599095,5,"[6, 33, 108, 109, 110]"
614,48084122,295.19250091484685,71.47319918307925,13,"[14, 15, 40, 41, 53, 54, 55, 75, 80, 81, 82, 118, 119]"
615,48084398,295.3998561386903,71.82542606391794,12,"[14, 15, 26, 40, 54, 55, 75, 80, 81, 82, 118, 119]"
616,48091896,295.2415386671624,71.1511057597219,14,"[14, 15, 40, 41, 53, 54, 55, 75, 80, 81, 82, 118, 119, 120]"
617,66727473,13.302607298802375,52.995032430364816,6,"[16, 17, 57, 77, 83, 84]"
618,66721044,14.688375089468343,54.134085292274776,5,"[16, 17, 57, 77, 84]"
619,66715027,198.13523347305244,6.956824156193227,5,"[23, 46, 50, 91, 115]"
620,66814605,243.8223174433862,-8.886787303432392,5,"[12, 65, 91, 115, 116]"
621,7597055,49.72948999337182,-57.030416815625834,6,"[4, 5, 31, 32, 106, 107]"
622,7600099,49.142367079943334,-58.7084871191515,6,"[4, 5, 31, 32, 106, 107]"
623,7593554,239.22392670202382,-13.544776068273885,2,"[38, 65]"
624,27403941,194.09222764089876,48.80064889179818,4,"[16, 23, 50, 77]"
625,27433843,196.20014583886453,47.76567614408774,4,"[16, 23, 50, 77]"
626,27434232,194.64856146786363,49.62245442298551,4,"[16, 23, 50, 77]"
627,27462264,194.3230477258762,51.46748432590889,4,"[16, 23, 50, 77]"
628,27434899,193.49562714276,50.94949666522866,4,"[16, 23, 50, 77]"
629,27525457,194.24453442415222,52.33627253333384,4,"[16, 23, 50, 77]"
630,27533327,321.21175591533034,69.46803229097048,15,"[14, 15, 41, 54, 55, 56, 74, 75, 76, 81, 82, 83, 119, 120, 121]"
631,27533341,321.2021989777213,69.47855442663395,15,"[14, 15, 41, 54, 55, 56, 74, 75, 76, 81, 82, 83, 119, 120, 121]"
632,48157646,288.8647096004647,21.874405584315642,2,"[54, 80]"
633,27543843,121.70458260995343,-5.278240459121441,5,"[44, 45, 46, 71, 72]"
634,48179413,229.94308563905136,-15.373456790357402,3,"[11, 38, 65]"
635,66885361,87.69264086736536,-32.46531129082486,5,"[6, 33, 87, 98, 110]"
636,66884677,12.551979588668813,52.0761173201329,6,"[16, 17, 57, 77, 83, 84]"
637,86849018,262.4595922864634,-6.456897193363555,6,"[12, 39, 91, 92, 115, 116]"
638,86882963,271.77609863163383,-22.5142897061319,5,"[13, 39, 66, 93, 104]"
639,86876073,309.29417858130836,35.93133760222355,2,"[54, 81]"
640,86952300,97.78562899201076,4.820619723935794,5,"[43, 44, 45, 71, 72]"
641,7808834,52.88692151096326,-61.77396538668032,6,"[4, 5, 31, 32, 98, 107]"
642,7781209,52.104503611385034,-60.90615927446158,6,"[4, 5, 31, 32, 98, 107]"
643,27549653,121.49127788498248,-3.3860814268426065,5,"[44, 45, 46, 71, 72]"
644,7902438,281.41963157562265,69.57441886998592,12,"[14, 26, 40, 41, 52, 53, 54, 74, 80, 81, 118, 119]"
645,27626380,122.17085942813434,-5.815574413351246,5,"[44, 45, 46, 71, 72]"
646,27652512,121.7916405015995,-2.1371676324773086,5,"[44, 45, 46, 71, 72]"
647,48354645,298.49631473055024,70.94576492010134,14,"[14, 15, 40, 41, 53, 55, 74, 75, 80, 81, 82, 118, 119, 120]"
648,48346967,297.45454858943816,6.181108623273208,2,"[54, 116]"
649,67038442,88.55886359859863,-33.24304303122812,5,"[6, 33, 87, 98, 110]"
650,67069964,13.956828351104544,52.78266114815252,5,"[16, 17, 57, 77, 84]"
651,67176885,244.03038439923444,-5.871092463528911,3,"[91, 115, 116]"
652,7985099,160.31081788147125,-12.345710984071044,5,"[9, 35, 62, 72, 89]"
653,7999997,160.1025741228405,-11.34582216606298,6,"[9, 35, 45, 62, 72, 89]"
654,7967445,268.7275703831637,11.802055534644664,3,"[80, 91, 92]"
655,27727054,344.8222631688677,34.31265670742031,2,"[56, 83]"
656,48520491,103.26340339400637,-46.68001414375031,7,"[6, 7, 33, 87, 107, 108, 110]"
657,67183005,84.39521143427642,13.012054956323855,4,"[19, 59, 73, 86]"
658,67265047,89.72337178384466,-32.99751294701356,6,"[6, 33, 87, 98, 110, 111]"
659,67265166,89.70800952011952,-32.82119982398025,6,"[6, 33, 87, 98, 110, 111]"
660,67313538,12.717184175375452,51.28326342331688,6,"[16, 17, 57, 77, 83, 84]"
661,87216634,309.5271759522202,35.24021146366877,2,"[54, 81]"
662,87273835,98.50658994507751,1.4277900767284424,5,"[43, 44, 45, 71, 72]"
663,87238691,262.3296487415768,-0.9599995410071646,2,"[91, 92]"
664,8154501,141.3284502887483,28.739640699189103,2,"[21, 48]"
665,8152561,140.81858863650564,29.218553268642378,2,"[21, 48]"
666,8114342,140.22593128689226,28.35577641588765,2,"[21, 48]"
667,8182781,281.15379777719164,41.30236458516999,5,"[26, 40, 53, 80, 119]"
668,8200029,142.18373714469246,29.49100169026166,2,"[21, 48]"
669,8147643,268.6992727316824,15.69942374935941,1,[80]
670,27936849,72.7723284308251,24.787077838933236,2,"[19, 59]"
671,27889360,346.9707029993419,35.43835441008897,2,"[56, 83]"
672,48622550,99.35251823045344,-49.07620229358993,5,"[6, 87, 107, 108, 110]"
673,28003343,345.8004001377438,32.57371022495906,2,"[56, 83]"
674,48668374,243.36521217665378,0.38436310964474135,2,"[115, 116]"
675,67379990,119.35444196980416,-1.4750448201868316,3,"[44, 45, 71]"
676,67445533,165.55210291179532,11.704972953604523,4,"[22, 45, 46, 49]"
677,67469069,109.69762155107607,17.09711647515526,3,"[20, 47, 60]"
678,67480810,7.261871259533812,36.429857880311964,3,"[57, 83, 84]"
679,67481394,6.655586855426967,35.52200274960866,4,"[56, 57, 83, 84]"
680,87345713,101.4767434952719,2.8270103622143634,3,"[45, 71, 72]"
681,87405158,101.70148970260253,2.7501533397491076,3,"[45, 71, 72]"
682,8304956,73.86575222358478,34.432801368195086,4,"[19, 59, 73, 86]"
683,28115913,5.382844408290288,-23.095403532870947,4,"[3, 30, 107, 108]"
684,48768845,177.58584062620216,-35.2552405369834,8,"[9, 36, 63, 90, 99, 100, 113, 114]"
685,48780499,179.56396061632688,-37.80579253309212,9,"[9, 63, 90, 99, 100, 111, 112, 113, 114]"
686,48760373,244.06186856902835,-2.6942681934399295,3,"[91, 115, 116]"
687,48774605,298.4353338089886,5.083497156741876,1,[92]
688,67517270,42.3789395679014,26.79100580134362,3,"[18, 58, 85]"
689,67517644,42.68111044481259,27.35683640528697,3,"[18, 58, 85]"
690,67545826,0.1530284372658717,-34.841525226433205,5,"[3, 29, 30, 106, 107]"
691,67574184,51.83253794278345,20.9424925744035,3,"[18, 58, 85]"
692,67560881,109.75638592276928,19.42777689377947,2,"[20, 47]"
693,67575028,51.376612684515436,19.6405164780895,1,[18]
694,67586690,123.52776020255065,18.134274009779695,2,"[21, 47]"
695,67594917,123.71410707833009,18.573578735425176,2,"[21, 47]"
696,67629576,2.8782733166457417,-35.1666223654624,5,"[3, 30, 104, 106, 107]"
697,67648436,136.88078130532884,23.44675141822841,2,"[21, 48]"
698,87518074,262.5532076625033,-5.195151466913862,5,"[91, 92, 115, 116]"
699,8405211,74.82216066568736,37.44808441729361,4,"[19, 59, 73, 86]"
700,8462730,282.062752273066,45.16411448889049,6,"[26, 40, 53, 80, 118, 119]"
701,8412225,234.89262847867747,52.855616972036444,7,"[24, 25, 51, 52, 78, 79, 117]"
702,28171319,196.55496371397845,36.8839850277751,3,"[23, 50, 77]"
703,28199267,198.28482646035764,35.803850431202896,3,"[23, 50, 77]"
704,28193556,349.2423781688615,36.237031677710036,2,"[56, 83]"
705,28177695,72.32485544356781,20.661460060787185,2,"[19, 59]"
706,28238963,202.63120400548863,50.70381988803941,4,"[23, 24, 50, 77]"
707,28290335,201.94410981948351,54.260240782795826,4,"[23, 24, 50, 77]"
708,48870025,243.51403393332725,2.661068733671725,3,"[91, 115, 116]"
709,48881783,104.12155836796174,-45.364562813311174,7,"[6, 7, 33, 87, 108, 109, 110]"
710,48908494,244.66724679291457,-2.659158071998366,3,"[91, 115, 116]"
711,48974071,181.57134241263498,-38.13913144782848,10,"[9, 36, 63, 90, 99, 100, 111, 112, 113, 114]"
712,67687505,59.42897960394667,-27.453064124938024,4,"[5, 32, 109, 110]"
713,67756034,244.61839054368463,-3.4592236037564787,3,"[91, 115, 116]"
714,67772871,60.16525573075492,-28.43480739939944,4,"[5, 32, 109, 110]"
715,67786245,58.60976359574029,1.1051908603387581,5,"[42, 43, 44, 70, 71]"
716,87701618,104.8762381316144,5.603858437838356,4,"[44, 45, 71, 72]"
717,8645700,305.1437199299617,-3.3533064013409235,2,"[92, 116]"
718,8579668,238.16980678039576,51.9478703834552,7,"[24, 25, 51, 52, 78, 79, 117]"
719,8669966,239.20688499000863,51.651553456441775,7,"[24, 25, 51, 52, 78, 79, 117]"
720,28347242,204.12288641395006,53.264959187267856,4,"[23, 24, 50, 77]"
721,28348102,204.476195287117,52.947907359022736,4,"[23, 24, 50, 77]"
722,49038679,243.9526000081872,2.644768090503624,3,"[91, 115, 116]"
723,28392901,3.861058360083608,29.866438939826168,2,"[56, 83]"
724,28393683,2.7659956684155658,28.013508109513822,2,"[56, 83]"
725,49068464,181.49323884217432,-36.60195179708424,8,"[9, 36, 63, 90, 99, 100, 113, 114]"
726,49069582,244.74803212690142,-1.0888976045969034,2,"[91, 116]"
727,49099038,180.71729707610496,-34.784917361400645,7,"[9, 36, 63, 90, 99, 100, 114]"
728,49088375,104.2333870495493,-41.45730160256154,6,"[7, 33, 87, 108, 110, 111]"
729,67830155,59.40410891558259,3.199856990255758,5,"[42, 43, 44, 70, 71]"
730,67881265,26.263012123526075,32.99034502677689,2,"[57, 84]"
731,67899233,27.378972979477524,32.898056159324355,3,"[17, 57, 84]"
732,67944232,118.6364557250063,-25.040653218312983,6,"[7, 34, 61, 88, 111, 112]"
733,87818733,310.9037343446409,50.326025568893066,10,"[14, 41, 54, 55, 74, 75, 81, 82, 119, 120]"
734,87869692,105.64711444020826,3.228895812800529,4,"[44, 45, 71, 72]"
735,87788844,272.5807984746374,-22.904466219587704,4,"[13, 66, 93, 104]"
736,8769443,132.67552380891817,15.987812741017386,2,"[21, 48]"
737,8768025,131.67851848716063,18.49870316322585,2,"[21, 48]"
738,28491365,2.782743883317729,26.162003335104842,2,"[56, 83]"
739,28570546,288.5884169970162,55.188279472079685,10,"[14, 26, 40, 53, 54, 74, 80, 81, 118, 119]"
740,28572073,288.29801280642573,54.28156906648681,9,"[14, 26, 40, 53, 54, 74, 80, 118, 119]"
741,28577282,5.874130874679171,28.652459388288097,2,"[56, 83]"
742,49194909,212.19678742029268,-15.269995521084692,2,"[37, 64]"
743,49194911,212.19738948427064,-15.272771889246698,2,"[37, 64]"
744,49203537,244.42859986340974,2.8429617698760223,3,"[91, 115, 116]"
745,49254058,213.85524697010302,-18.23305860553373,4,"[11, 37, 64, 102]"
746,67993023,198.97523195077838,48.48426920859393,1,[23]
747,49287501,213.80991336557273,-17.95073482898004,3,"[11, 64, 102]"
748,68058195,200.1554526295782,50.2501559835613,3,"[23, 50, 77]"
749,68047964,245.1556434205786,-3.480219776361733,3,"[91, 115, 116]"
750,68052001,245.60744249574623,-5.7630472667072,3,"[91, 115, 116]"
751,87937227,310.1066207376941,34.08092430334842,2,"[54, 81]"
752,88004994,142.18800730323485,6.875110702156631,5,"[21, 45, 46, 48, 72]"
753,8915802,134.31937712947087,20.290966924505618,2,"[21, 48]"
754,8861923,306.03517501597014,-3.8009175898717267,2,"[92, 116]"
755,8919473,351.0124057095976,-5.66673358927715,3,"[42, 70, 92]"
756,8996234,352.44938810746555,-5.358396384186866,3,"[42, 70, 92]"
757,8999697,340.69961365555747,-17.027553662993437,4,"[2, 29, 69, 96]"
758,9001920,156.34197836109513,23.09657408090983,1,[22]
759,28598018,4.256040922484892,24.836867625324548,2,"[56, 83]"
760,28672340,7.072396126565035,29.77137704695694,2,"[83, 84]"
761,28643592,289.52340014359163,56.97172845229333,10,"[14, 26, 40, 53, 54, 74, 80, 81, 118, 119]"
762,49406320,245.3736919805565,-0.20417796512232617,3,"[91, 115, 116]"
763,49418981,176.31339658054645,-7.618700572661734,7,"[9, 36, 46, 63, 72, 90, 115]"
764,49435315,245.50782424505078,0.11686302563940826,3,"[91, 115, 116]"
765,68165184,245.93656721881254,-5.947864307395161,3,"[91, 115, 116]"
766,68256179,246.32363512464187,-7.164756335159259,4,"[12, 91, 115, 116]"
767,68266718,285.3438785387559,56.587296503019076,9,"[26, 40, 53, 54, 74, 80, 81, 118, 119]"
768,9104004,207.10585895626946,46.452243890128585,4,"[23, 24, 50, 77]"
769,9108483,342.98634497609356,-16.41934574039272,3,"[29, 69, 96]"
770,9150015,58.43611032194243,-20.551651785735586,3,"[5, 32, 109]"
771,9150157,58.32450493719047,-21.072428184213575,3,"[5, 32, 109]"
772,28746822,73.21610830530244,20.845963462958142,3,"[19, 59, 86]"
773,28746901,73.23204671849797,20.876252907837888,3,"[19, 59, 86]"
774,49487273,274.7619502169994,-2.733440418152957,2,"[91, 92]"
775,49510195,239.32079558609033,12.991669508714843,1,[117]
776,49547177,97.56135607486489,-52.97308047984811,7,"[6, 33, 87, 107, 108, 109, 110]"
777,49529504,345.67372413426364,-6.587667892940511,4,"[2, 29, 42, 70]"
778,49549335,239.82637766588172,11.961202080726565,2,"[91, 117]"
779,49556561,346.79791382442744,-4.779735091818007,3,"[42, 70, 92]"
780,68345417,285.3803031000276,54.50171104788627,9,"[26, 40, 53, 54, 74, 80, 81, 118, 119]"
781,88202091,310.56188112378584,34.10027283885569,2,"[54, 81]"
782,9237256,59.6093408132472,-24.153777914745156,4,"[5, 32, 109, 110]"
783,9264836,59.56831687579594,-25.475473359196894,4,"[5, 32, 109, 110]"
784,9267861,112.69972843455459,15.936190887172256,3,"[20, 47, 60]"
785,49644110,347.27977762460176,-6.238930662475441,5,"[2, 29, 42, 70, 92]"
786,49669659,97.78585364748673,-47.84019303187364,7,"[6, 33, 87, 107, 108, 109, 110]"
787,49681498,240.2943248010244,12.425560076589042,2,"[91, 117]"
788,49673617,348.7825619017809,-3.3857964646326058,3,"[42, 70, 92]"
789,49696160,246.1154370177823,0.025183278947471775,3,"[91, 115, 116]"
790,68491719,101.11955174603638,11.029971276349897,6,"[20, 44, 45, 60, 71, 72]"
791,68505142,245.93198376646416,-3.174539715891886,3,"[91, 115, 116]"
792,68543102,101.54028092379204,9.612726954743385,6,"[20, 45, 47, 60, 71, 72]"
793,68552876,286.23858838079803,54.748809364311064,9,"[26, 40, 53, 54, 74, 80, 81, 118, 119]"
794,88380516,32.987549130894074,-40.21243567069245,7,"[4, 31, 97, 105, 106, 107, 108]"
795,9338919,202.10978379391142,-21.90645401635247,4,"[10, 37, 64, 101]"
796,9375900,139.14201355748304,24.39680593308033,2,"[21, 48]"
797,9444260,76.22874036990974,34.9908350417683,4,"[19, 59, 73, 86]"
798,9436181,200.94798881464257,-18.101921873973215,2,"[64, 101]"
799,29103796,111.03913638235898,24.51918887337175,3,"[20, 47, 60]"
800,29154866,123.66865416509373,27.402907177074603,2,"[21, 47]"
801,49777149,241.3324516855834,9.161137098881852,3,"[115, 116, 117]"
802,68637413,246.3725335890791,-4.167192244691893,3,"[91, 115, 116]"
803,68673807,287.39464627169184,56.96872056831709,9,"[14, 26, 53, 54, 74, 80, 81, 118, 119]"
804,68645209,246.774108896001,-5.856900609232621,3,"[91, 115, 116]"
805,68646689,74.67131279368412,-3.0933445202332766,3,"[43, 44, 71]"
806,88478795,34.01059627222597,-43.27100080097222,7,"[4, 31, 97, 105, 106, 107, 108]"
807,88481300,35.74154191097252,-40.613055066280715,6,"[4, 31, 105, 106, 107, 108]"
808,88532113,35.70343298049682,-43.48203979670754,6,"[4, 31, 105, 106, 107, 108]"
809,88523071,34.611851412360046,-44.688962871215146,7,"[4, 31, 97, 105, 106, 107, 108]"
810,29210198,155.64312186616934,-56.598413059463866,7,"[8, 9, 35, 62, 89, 110, 111]"
811,29281339,307.6090999114559,-9.984253395264888,5,"[1, 68, 92, 95, 116]"
812,29281785,307.8084113866192,-9.260016844194366,5,"[1, 68, 92, 95, 116]"
813,29255834,308.20064093063536,-7.019341816935505,3,"[1, 92, 116]"
814,49831913,98.82081595077214,-52.03071234277379,7,"[6, 33, 87, 107, 108, 109, 110]"
815,49832986,117.14194380831728,-39.273421115169675,8,"[7, 34, 61, 88, 108, 109, 110, 111]"
816,49845357,45.37975117001431,-18.39697486110439,3,"[4, 31, 109]"
817,29260474,307.21174427077125,-11.377801556860287,5,"[1, 27, 68, 95, 116]"
818,49855037,61.94629491326124,46.72525230764929,7,"[18, 19, 52, 58, 59, 85, 86]"
819,49906916,45.68237844018499,-20.910242177616187,3,"[4, 31, 109]"
820,49912039,246.29534044389575,2.5695327938440684,3,"[91, 115, 116]"
821,68725383,295.8103952529963,34.547691482891246,2,"[54, 81]"
822,88562096,262.8769774695194,-6.629812976787108,6,"[12, 39, 91, 92, 115, 116]"
823,88571133,36.89042583619845,-42.23831116059461,5,"[31, 105, 106, 107, 108]"
824,88646759,127.12559032514373,20.125815970565196,1,[21]
825,9666700,353.2776020357596,-9.196939617744206,6,"[2, 29, 42, 69, 70, 92]"
826,9732882,255.75194097829294,54.21818398658396,7,"[25, 26, 52, 53, 79, 117, 118]"
827,9728611,255.2937368676685,55.4017238810576,7,"[25, 26, 52, 53, 79, 117, 118]"
828,9728739,255.28433658739092,55.61377845551362,7,"[25, 26, 52, 53, 79, 117, 118]"
829,29385285,222.68692445725011,56.40007313670742,4,"[24, 51, 78, 117]"
830,29413736,223.6334576076694,56.47804025405832,4,"[24, 51, 78, 117]"
831,68982569,105.12164768624585,10.604070589076457,7,"[20, 44, 45, 47, 60, 71, 72]"
832,68985009,105.48626105657006,7.989280969568766,7,"[20, 44, 45, 47, 60, 71, 72]"
833,88704711,146.9479924042985,38.48727726336326,3,"[21, 48, 75]"
834,88724198,132.5108410429551,37.587986528440354,3,"[21, 48, 75]"
835,88773937,30.958482102979012,5.988701409449964,5,"[17, 42, 43, 70, 71]"
836,9757986,355.0778329441229,-8.184422739958036,6,"[2, 29, 42, 69, 70, 92]"
837,9887662,43.82406370790613,-25.921558654343627,3,"[4, 31, 109]"
838,9919672,242.8538578412129,2.2327063882944715,3,"[91, 115, 116]"
839,9921160,243.18670808144458,1.0114185508146178,2,"[115, 116]"
840,29495621,309.2102382604334,-8.672884920037733,6,"[1, 28, 68, 92, 95, 116]"
841,29593789,160.94906226642368,-60.64400608116934,8,"[8, 9, 35, 36, 62, 63, 89, 111]"
842,50133597,330.0768152098072,2.9102822979081164,3,"[42, 92, 116]"
843,50119980,60.39909534133993,44.2203720630194,5,"[18, 58, 59, 85, 86]"
844,69029491,105.63841390931906,9.51278904177663,7,"[20, 44, 45, 47, 60, 71, 72]"
845,88815897,31.212751989589062,5.474959045496207,4,"[42, 43, 70, 71]"
846,69092280,76.78428211694141,-1.1994129320242246,3,"[43, 44, 71]"
847,9967949,46.111083661860114,-25.464259281862734,3,"[4, 31, 109]"
848,10057347,120.05871162895619,33.37216957058893,2,"[20, 47]"
849,29646757,252.1819749687194,-16.93297057657587,3,"[12, 39, 103]"
850,29666185,309.13385072753135,-12.230923096792477,5,"[1, 28, 68, 95, 116]"
851,29671013,310.119908153492,-9.548406204226204,6,"[1, 28, 68, 92, 95, 116]"
852,29722374,309.7191652392471,-11.75818543960725,5,"[1, 28, 68, 95, 116]"
853,29782514,168.58533489464816,-41.60597311652538,9,"[35, 62, 63, 89, 99, 110, 111, 112, 113]"
854,50226706,279.78339485403444,36.90347189100642,6,"[26, 40, 53, 80, 118, 119]"
855,50227884,331.6416543830964,3.571003584595079,3,"[42, 92, 116]"
856,50276717,117.67736583177889,-38.662190037795376,8,"[7, 34, 61, 88, 108, 109, 110, 111]"
857,69295126,120.61778492644939,-7.059311661980387,7,"[7, 34, 44, 45, 46, 71, 72]"
858,69240950,300.06289373167675,28.336789346621725,2,"[54, 81]"
859,89018586,320.4684349825868,-34.31558716578088,6,"[1, 68, 95, 102, 105, 106]"
860,88984406,273.7099603706089,-22.323879183017404,4,"[13, 66, 93, 104]"
861,89069027,238.6638060524957,-13.382886369341792,2,"[38, 65]"
862,10166545,157.07202125170218,35.52251474305381,5,"[22, 48, 49, 75, 76]"
863,29845542,18.98749730963142,-15.616458592963669,3,"[3, 30, 108]"
864,29874303,161.39272495667043,-60.65051504945676,8,"[8, 9, 35, 36, 62, 63, 89, 111]"
865,29836061,18.040235690926295,-17.393410277001237,4,"[3, 30, 97, 108]"
866,29913796,184.4641432421747,-38.707604541909625,11,"[9, 10, 36, 63, 90, 99, 100, 111, 112, 113, 114]"
867,29900813,20.016818215892044,-15.734647224677571,4,"[3, 30, 97, 108]"
868,29987134,339.3228525987658,-83.23460580467405,43,"[1, 2, 3, 4, 5, 6, 7, 8, 9, 10, 11, 12, 13, 27, 28, 29, 30, 31, 33, 34, 35, 36, 37, 38, 39, 61, 62, 63, 64, 66, 67, 68, 69, 87, 88, 89, 90, 93, 94, 95, 96, 97, 98]"
869,50360888,60.35120746084567,43.13648477675342,4,"[18, 59, 85, 86]"
870,50375132,117.12711309373374,-35.704724934393695,7,"[7, 34, 61, 88, 108, 110, 111]"
871,50377999,305.55654161859746,-70.42032650524197,11,"[1, 13, 27, 28, 66, 67, 68, 93, 94, 95, 96]"
872,69402805,295.3172835529404,2.365106606491988,2,"[92, 116]"
873,89094110,42.938182923381184,-45.78374439974925,6,"[4, 31, 105, 106, 107, 108]"
874,89096297,42.99550323288725,-46.40051783820954,6,"[4, 31, 105, 106, 107, 108]"
875,89115385,45.352885042108625,-42.89233502682636,6,"[4, 31, 105, 106, 107, 108]"
876,89142278,273.796154648523,-22.550195935925917,4,"[13, 66, 93, 104]"
877,89184917,46.860066042452544,-44.69035204244009,6,"[4, 31, 105, 106, 107, 108]"
878,89150513,44.16979306345045,-46.80433940573473,6,"[4, 31, 105, 106, 107, 108]"
879,69452016,306.1411012308744,54.301538300879976,10,"[14, 40, 41, 54, 55, 74, 75, 81, 119, 120]"
880,89255576,47.760426998851244,-46.606254132138616,6,"[4, 31, 105, 106, 107, 108]"
881,10323710,113.08064436256159,-25.68471275615818,4,"[7, 87, 111, 112]"
882,10261042,112.34666857482674,-22.11230378377615,5,"[7, 33, 87, 111, 112]"
883,10363289,266.7095973157172,53.40931319081443,7,"[26, 40, 52, 53, 79, 80, 118]"
884,30016911,36.35244081228774,-27.907794706498077,4,"[4, 31, 108, 109]"
885,30059300,298.2012934797304,56.19494215532487,9,"[14, 40, 41, 54, 74, 80, 81, 119, 120]"
886,30068122,216.67355454796365,-20.605592260326848,3,"[11, 37, 64]"
887,30199562,218.43047448163355,-22.8098027612886,3,"[11, 64, 102]"
888,30117131,210.40627841560604,-26.607488361098174,4,"[10, 37, 101, 102]"
889,50587969,81.17096627552128,-26.70080218620663,4,"[6, 32, 98, 110]"
890,50523982,80.97536820967812,-24.26511117726269,4,"[6, 32, 98, 110]"
891,50583801,81.20568925371357,-24.866145039402223,4,"[6, 32, 98, 110]"
892,50656707,81.72736661839723,-23.242898277438936,4,"[6, 32, 98, 110]"
893,69528586,78.3275392977699,3.4141781837022642,3,"[43, 44, 71]"
894,69514163,246.55758685033146,-16.74228743672713,3,"[12, 65, 103]"
895,89320803,49.47078995334939,-44.373666150346736,5,"[4, 5, 31, 106, 108]"
896,89411135,274.042887192252,-20.40926290658387,4,"[13, 66, 93, 104]"
897,89428500,314.29338654553084,-18.300612622691194,3,"[28, 68, 95]"
898,30287172,216.9793928674592,-18.50537131847788,4,"[11, 37, 64, 102]"
899,30293512,211.91018766787434,-27.722295719794154,5,"[10, 37, 64, 101, 102]"
900,50719620,131.2861371719614,-26.870672339057762,5,"[7, 34, 88, 99, 112]"
901,50758245,130.98328195126518,-24.762568330285905,5,"[7, 34, 88, 99, 112]"
902,50751274,131.86897764793193,-28.804738054417093,6,"[7, 34, 61, 88, 99, 112]"
903,69746340,329.52937700027474,-12.91630140903891,4,"[28, 68, 96, 106]"
904,69756884,79.03324918621033,6.836389932525635,4,"[19, 43, 44, 71]"
905,69759853,78.88361349081826,5.074232697102018,3,"[43, 44, 71]"
906,69760570,78.91222744104638,4.595869701511165,3,"[43, 44, 71]"
907,69823673,297.4307387630254,39.211095130807855,5,"[14, 40, 54, 81, 119]"
908,69812541,330.7246303892693,-11.64926871698159,4,"[28, 68, 96, 116]"
909,89547212,350.7375498648016,-16.259895619292084,5,"[2, 29, 69, 96, 107]"
910,89542787,349.5422202595776,-17.575105625875402,5,"[2, 29, 69, 96, 107]"
911,10641501,287.13195968768036,0.28264676971369174,2,"[92, 116]"
912,10729459,182.75863681438295,55.53622618107629,8,"[16, 22, 23, 49, 50, 76, 77, 121]"
913,10787084,14.591854302030159,-16.953801484860733,4,"[3, 30, 97, 108]"
914,30701850,215.14955677424703,-30.124960799147797,5,"[11, 37, 64, 101, 102]"
915,69889261,332.5391709249787,-10.901900445794086,6,"[2, 28, 42, 92, 96, 116]"
916,69928412,334.3032111404631,-9.979047240623892,6,"[2, 42, 69, 92, 96, 116]"
917,70011661,223.6039690997978,-6.56651261132676,4,"[11, 38, 91, 115]"
918,69983490,222.77495183274672,-5.007868179515222,2,"[91, 115]"
919,89764807,297.3399465136064,48.200164029988734,5,"[40, 41, 54, 81, 119]"
920,10838265,16.297843974703294,-15.607417568003742,4,"[3, 30, 97, 108]"
921,10864129,19.851071055817687,-20.572128483841063,4,"[3, 30, 97, 108]"
922,10988057,319.9063913748178,54.572229005403145,9,"[14, 15, 41, 54, 55, 75, 81, 82, 120]"
923,30843137,214.40280779115284,-27.85031129773242,5,"[11, 37, 64, 101, 102]"
924,30906332,162.49460561504003,-59.9376257802373,9,"[8, 9, 35, 36, 62, 63, 89, 110, 111]"
925,30911555,285.32298630914767,-7.500595924050909,4,"[13, 27, 92, 116]"
926,51239178,102.80699764118292,37.37437031427688,4,"[20, 47, 60, 74]"
927,70176580,230.65086501615437,-2.7032121250374233,2,"[91, 115]"
928,70239340,306.7835868220408,54.27922857377663,10,"[14, 40, 41, 54, 55, 74, 75, 81, 119, 120]"
929,11068680,127.01062704186334,-38.066591821149736,7,"[7, 61, 88, 109, 110, 111, 112]"
930,30960202,75.80937857871558,-50.309464519162304,6,"[5, 6, 32, 106, 107, 109]"
931,30960713,76.17874473282565,-48.885284488112475,7,"[5, 6, 32, 98, 106, 108, 109]"
932,31092198,77.22877213052864,-49.73767911189803,7,"[5, 6, 32, 98, 106, 107, 109]"
933,51314410,311.1746543491621,32.120403366180305,2,"[54, 81]"
934,51263552,103.86624760830328,32.83779779239355,2,"[20, 47]"
935,51269502,165.34219402283549,47.93800335866076,6,"[15, 16, 22, 49, 76, 121]"
936,51362994,133.61295915499176,-25.729026315983905,6,"[8, 34, 61, 88, 99, 112]"
937,51309287,311.89419126895734,34.02308063527092,3,"[54, 55, 81]"
938,70378124,113.00329487199528,-2.5959657350549157,5,"[44, 45, 46, 71, 72]"
939,70367797,231.21175192401236,-1.6421766161628273,2,"[91, 115]"
940,70442570,328.38879922827493,-22.6582881649651,6,"[1, 28, 68, 95, 96, 106]"
941,70400516,231.26026234668564,-0.9090304516381038,1,[91]
942,89944108,159.02660942678028,-65.81416587954517,6,"[8, 9, 36, 61, 88, 90]"
943,11170480,131.50460903553866,-41.394909935212674,7,"[8, 34, 88, 109, 110, 111, 112]"
944,11201915,83.88453009361068,-27.43235388480099,4,"[6, 32, 98, 110]"
945,11295159,84.26373477089894,-26.902147304742222,5,"[6, 32, 98, 110, 111]"
946,11310083,157.44238685536192,-35.280407091858926,6,"[8, 35, 89, 99, 112, 113]"
947,31127092,266.6376012975715,-24.125978588775936,4,"[39, 66, 93, 104]"
948,11325040,56.2199608943693,48.067622513308976,8,"[18, 24, 25, 52, 58, 78, 85, 86]"
949,31134762,218.99446307325738,-11.54956915508753,3,"[11, 64, 115]"
950,51443167,133.87452899322506,-24.437094594408784,6,"[8, 34, 61, 88, 99, 112]"
951,51444663,134.55048922937334,-26.420539756312007,6,"[8, 34, 61, 88, 99, 112]"
952,51502479,312.0276147594903,33.534759883775116,3,"[54, 55, 81]"
953,51509320,135.49479816968685,-29.158025654486956,6,"[8, 34, 61, 88, 99, 112]"
954,70489756,4.96168918121771,-39.402092110526134,7,"[3, 30, 97, 104, 105, 106, 107]"
955,70452485,231.15185731382994,-0.39470154175184313,1,[91]
956,70466751,113.21500174466945,-1.312020677409273,5,"[44, 45, 46, 71, 72]"
957,70503081,20.24898408615863,-34.91678584765872,4,"[3, 30, 97, 108]"
958,70460363,329.29584738582395,-21.83594186070634,4,"[28, 68, 96, 106]"
959,70525154,17.657105636875922,-41.00411395789913,6,"[3, 30, 97, 104, 105, 106]"
960,11437468,53.05552783437637,43.95243130012493,3,"[18, 58, 85]"
961,11469657,321.8370295354504,56.3797830168702,9,"[14, 15, 41, 55, 75, 81, 82, 120, 121]"
962,11462353,160.0127725534819,-38.42933462412121,10,"[8, 9, 35, 62, 89, 99, 110, 111, 112, 113]"
963,11491822,94.36101912382563,32.94598097183726,3,"[20, 60, 73]"
964,31360763,163.69417839516058,-59.02307542272118,9,"[8, 9, 35, 36, 62, 63, 89, 110, 111]"
965,31378822,80.54153398816543,-53.074271089374335,7,"[6, 32, 33, 98, 107, 108, 109]"
966,51750453,311.7194144625888,8.08035132483317,3,"[81, 92, 116]"
967,70633199,113.64836508394929,0.868491644682503,3,"[46, 71, 72]"
968,70677415,151.87630736814285,4.865021831994974,3,"[45, 46, 72]"
969,70666489,151.81040281100925,4.444088042395141,3,"[45, 46, 72]"
970,70698158,237.30474933736375,-2.6291668652827402,2,"[91, 115]"
971,70748511,236.99902515851315,-0.4370167640840777,1,[91]
972,11636522,8.949495385813218,-30.502516912693565,5,"[3, 30, 97, 107, 108]"
973,11688200,9.973171512789206,-31.415809984749618,5,"[3, 30, 97, 107, 108]"
974,31475829,81.49926721951508,-51.97174991713622,8,"[5, 6, 32, 33, 98, 107, 108, 109]"
975,51778421,191.26381437361832,1.7547217238219166,3,"[46, 91, 115]"
976,51829436,102.01327121698351,-58.11816219578719,5,"[6, 7, 33, 108, 109]"
977,51836379,344.97544480758654,20.561633130458386,2,"[56, 83]"
978,70807009,237.9557911571806,-3.5369578031898317,2,"[91, 115]"
979,70809330,301.5582082249109,12.63717922477435,3,"[54, 81, 92]"
980,70847587,346.86722753312944,-32.99985223706757,6,"[2, 69, 96, 103, 106, 107]"
981,70871696,169.22737326063748,-40.73453097512051,11,"[9, 36, 62, 63, 89, 99, 100, 110, 111, 112, 113]"
982,70829383,171.15202757898504,-43.38418752646667,10,"[9, 36, 62, 63, 89, 90, 110, 111, 112, 113]"
983,70895153,90.17082764164293,42.08606631637663,5,"[19, 20, 59, 60, 73]"
984,11733249,97.04071088636898,36.28400832741955,3,"[20, 60, 73]"
985,11799872,98.02517354315086,32.60021755625493,3,"[20, 60, 73]"
986,11799874,98.02376754967212,32.599804283828895,3,"[20, 60, 73]"
987,11736895,97.25480428699935,36.294697340465596,3,"[20, 60, 73]"
988,31716749,160.86442826366036,-56.04768770242461,9,"[8, 9, 35, 36, 62, 89, 110, 111, 112]"
989,52007679,153.93775292007254,-33.77077936703365,5,"[8, 62, 89, 99, 113]"
990,52008576,154.66416120467872,-35.11528404680113,6,"[8, 35, 62, 89, 112, 113]"
991,52052933,10.66867663854702,13.197123938572895,2,"[57, 84]"
992,70963913,59.42530654343722,-37.26464838481982,5,"[5, 32, 106, 108, 109]"
993,70986117,170.71874381396844,-41.82311378891351,9,"[62, 63, 89, 90, 99, 110, 111, 112, 113]"
994,71058372,240.14372990768427,-3.7388657886913554,3,"[91, 115, 116]"
995,90665203,59.54574375539415,16.032085284928083,2,"[18, 58]"
996,11958903,91.29601838195644,-25.014491451965597,5,"[6, 33, 87, 110, 111]"
997,11970069,163.07887261153493,-42.91753710844794,8,"[9, 35, 36, 62, 89, 111, 112, 113]"
998,31757325,266.9152724954872,-22.575859115390593,4,"[39, 66, 93, 104]"
999,31747041,340.01449475445503,-74.28549914387092,16,"[1, 2, 3, 27, 28, 29, 30, 37, 64, 67, 68, 69, 94, 95, 96, 97]"
1000,31799975,331.5723789421386,-75.50300854574654,22,"[1, 2, 3, 10, 13, 27, 28, 29, 30, 33, 37, 63, 64, 67, 68, 69, 88, 90, 94, 95, 96, 97]"
1001,31780245,334.41695692397883,-74.96685787204517,19,"[1, 2, 3, 10, 27, 28, 29, 30, 37, 63, 64, 67, 68, 69, 90, 94, 95, 96, 97]"
1002,31838435,120.09402273626725,-28.246104993199936,6,"[7, 34, 61, 88, 111, 112]"
1003,52114921,103.52616540234938,-54.898669788430745,8,"[6, 7, 33, 87, 107, 108, 109, 110]"
1004,52106348,167.12691320405207,-31.38088481850953,8,"[9, 35, 36, 62, 89, 99, 100, 113]"
1005,52174783,43.40757744587933,-0.5795297486845002,3,"[42, 43, 44]"
1006,52168146,103.81542364361016,-55.22094684810182,7,"[6, 7, 33, 87, 108, 109, 110]"
1007,52108537,164.34488171456303,-26.198865808886033,7,"[9, 35, 62, 89, 99, 100, 113]"
1008,52160996,173.05551254195936,-25.008778154902632,6,"[9, 36, 63, 100, 113, 114]"
1009,52195943,325.2032045211054,-63.79647183278503,8,"[1, 2, 28, 29, 68, 69, 95, 96]"
1010,71094440,170.28956881629009,-40.51852277398458,11,"[9, 36, 62, 63, 89, 99, 100, 110, 111, 112, 113]"
1011,52197752,175.26436360466727,-23.5347837064671,6,"[9, 36, 63, 90, 100, 114]"
1012,71148871,115.3681359602344,33.6519670082502,3,"[20, 47, 60]"
1013,90826628,0.15519230192593408,29.056210954549037,2,"[56, 83]"
1014,12014886,162.64875642751073,-41.49473042761666,6,"[62, 89, 99, 111, 112, 113]"
1015,12056898,288.5755556798421,-0.2539847836082813,2,"[92, 116]"
1016,11997346,57.27778942046339,48.20680443065003,9,"[18, 24, 25, 52, 58, 78, 79, 85, 86]"
1017,12008201,165.291003578002,-45.680029759052395,10,"[9, 35, 36, 62, 89, 99, 110, 111, 112, 113]"
1018,12098707,223.12394993461288,-8.060591060819721,4,"[11, 38, 91, 115]"
1019,12106915,53.7719598248684,43.99750518721646,3,"[18, 58, 85]"
1020,32001054,329.16110009443065,-77.21301612128799,36,"[1, 2, 3, 4, 6, 7, 9, 10, 13, 27, 28, 29, 30, 33, 34, 36, 37, 39, 61, 62, 63, 64, 65, 66, 67, 68, 69, 87, 88, 89, 90, 93, 94, 95, 96, 97]"
1021,52242834,322.6295020388062,-64.7954676018449,9,"[1, 27, 28, 29, 67, 68, 69, 95, 96]"
1022,52264484,45.82804334310763,48.979336127856406,4,"[18, 24, 58, 78]"
1023,52244725,327.8333449303541,-63.67955461864148,8,"[1, 2, 28, 29, 68, 69, 95, 96]"
1024,52289473,83.67843869934484,-7.712415691632428,7,"[6, 43, 44, 45, 71, 72, 98]"
1025,71252848,302.1048753457702,9.867098973995457,4,"[54, 81, 92, 116]"
1026,71343073,172.68118427332755,-41.34661812284558,11,"[36, 62, 63, 89, 90, 99, 100, 110, 111, 112, 113]"
1027,90950181,2.685945708141045,31.592542955155317,2,"[56, 83]"
1028,90997363,275.78101469930886,-20.546207288015857,4,"[13, 66, 93, 104]"
1029,12221925,54.53779199516977,43.40554424747604,1,[18]
1030,32083556,120.58456942333784,-27.38421908647498,6,"[7, 34, 61, 88, 111, 112]"
1031,32146574,208.1956294805276,-8.472443355711135,5,"[10, 37, 64, 91, 115]"
1032,71353640,34.52986902474416,-38.90605178605442,6,"[4, 31, 105, 106, 107, 108]"
1033,71450103,171.29084000524747,-38.737395809626854,11,"[9, 36, 62, 63, 89, 99, 100, 110, 111, 112, 113]"
1034,71431490,103.58205186767562,46.9742074223296,7,"[20, 26, 40, 47, 53, 73, 119]"
1035,91052264,2.427664054523369,29.26977775108577,2,"[56, 83]"
1036,91065312,100.9424323666338,4.216799412120716,4,"[44, 45, 71, 72]"
1037,91029488,0.48403068635191154,26.96106522518554,2,"[56, 83]"
1038,12377940,348.3777794914836,-27.073521752636374,6,"[2, 29, 69, 96, 106, 107]"
1039,12395998,350.9584278189666,-23.859430787033315,5,"[2, 29, 69, 96, 107]"
1040,12339621,307.03605276347406,43.93953038017465,6,"[14, 41, 54, 81, 119, 120]"
1041,32176627,323.85333539256214,-15.533636429503387,5,"[1, 28, 68, 95, 106]"
1042,32199952,324.28076637427097,-15.850728453058867,5,"[1, 28, 68, 95, 106]"
1043,32224608,267.19288037515656,-24.312726394075046,4,"[39, 66, 93, 104]"
1044,32296140,121.8746689451765,-31.651299933139935,6,"[7, 34, 61, 88, 111, 112]"
1045,52521684,47.19176614409619,49.794919616684766,5,"[18, 24, 25, 58, 85]"
1046,52526952,48.76036458851357,51.085210846240145,5,"[18, 24, 25, 78, 85]"
1047,52552168,99.84801066250009,-25.378972765586333,2,"[6, 87]"
1048,52593512,84.48111973064718,-6.289388656835857,7,"[6, 43, 44, 45, 71, 72, 98]"
1049,71500544,304.3797428178308,11.957128073964851,3,"[54, 81, 92]"
1050,71585429,170.97193499840276,-37.00930474512625,10,"[9, 36, 62, 63, 89, 99, 100, 110, 112, 113]"
1051,71593460,108.55717263405224,44.90822339156361,4,"[20, 47, 60, 74]"
1052,91194497,300.7443242298902,-25.68085213340229,4,"[27, 67, 94, 105]"
1053,91277922,33.090762662056434,8.501219129884142,5,"[17, 42, 43, 70, 71]"
1054,12513468,252.75974816345686,6.03994804408334,4,"[91, 115, 116, 117]"
1055,12514017,252.6087282768594,6.3955232189892115,4,"[91, 115, 116, 117]"
1056,12515279,252.57808995754596,7.454763158144925,4,"[91, 115, 116, 117]"
1057,12468450,308.12137088085734,46.33561323774515,5,"[41, 54, 81, 119, 120]"
1058,12505193,321.28785466617893,54.44766300013339,7,"[14, 15, 41, 55, 75, 82, 120]"
1059,32326446,267.126140421522,-22.641390002224142,4,"[39, 66, 93, 104]"
1060,32413887,234.47042444237135,10.39371001898339,3,"[51, 91, 117]"
1061,52694280,244.72672380818534,6.335409264599714,4,"[91, 115, 116, 117]"
1062,52687259,106.76103037004711,-54.576013307419664,8,"[6, 7, 33, 34, 87, 108, 109, 110]"
1063,52758630,107.68625115016985,-56.97447656070256,8,"[6, 7, 33, 34, 87, 108, 109, 110]"
1064,71659331,306.3961106123543,50.90866213323474,8,"[14, 41, 54, 74, 75, 81, 119, 120]"
1065,71704392,192.641858093268,-47.63695465388015,11,"[10, 36, 37, 63, 90, 99, 100, 111, 112, 113, 114]"
1066,71735726,189.17244997062355,-44.05045843781742,10,"[9, 10, 36, 37, 63, 90, 99, 112, 113, 114]"
1067,91329512,33.18087827586875,7.161884147345278,5,"[17, 42, 43, 70, 71]"
1068,91329517,33.18163529275257,7.163798201887226,5,"[17, 42, 43, 70, 71]"
1069,91359060,103.19019978777594,3.31285410501862,4,"[44, 45, 71, 72]"
1070,12654622,332.15799823599684,-4.553922435304545,3,"[42, 92, 116]"
1071,12631032,48.69011091477682,-25.389069581575274,3,"[4, 31, 109]"
1072,12684336,321.7961912997176,54.46637844531749,7,"[14, 15, 41, 55, 75, 82, 120]"
1073,32452164,12.118865196795332,-39.0829374916523,7,"[3, 30, 97, 104, 105, 106, 107]"
1074,32479528,192.65490260133245,-3.746253315278326,3,"[46, 91, 115]"
1075,32528943,105.8669123702183,-26.351989850095016,4,"[6, 33, 87, 111]"
1076,32500750,82.05920659349611,-51.97559517990194,8,"[5, 6, 32, 33, 98, 107, 108, 109]"
1077,32500778,82.03652236115197,-51.91139127186198,8,"[5, 6, 32, 33, 98, 107, 108, 109]"
1078,52829287,149.0468796155978,-61.200245133293315,8,"[8, 9, 34, 35, 61, 62, 88, 89]"
1079,52829336,245.78456910099345,3.943017549007022,3,"[91, 115, 116]"
1080,71739520,190.26825499512879,-45.04022663844785,10,"[10, 36, 37, 63, 90, 99, 100, 112, 113, 114]"
1081,71743612,47.702350834496734,41.44490296799445,3,"[18, 58, 85]"
1082,71852020,47.15497669500902,40.541872551808815,3,"[18, 58, 85]"
1083,71834059,189.15941920210145,-43.487859246079374,8,"[10, 36, 37, 99, 100, 112, 113, 114]"
1084,71865555,91.60759183074894,-33.67413892105898,6,"[6, 33, 87, 107, 110, 111]"
1085,71801816,236.54128149611364,6.497762433635722,4,"[51, 91, 115, 117]"
1086,91437378,48.05206281485237,3.6045398088221754,5,"[42, 43, 44, 70, 71]"
1087,71859994,237.34918259412203,3.998032156264223,2,"[91, 115]"
1088,91481801,48.10321102253087,2.881563164325686,5,"[42, 43, 44, 70, 71]"
1089,91529289,19.691135683810028,-45.19207921374424,7,"[3, 30, 97, 104, 105, 106, 107]"
1090,91553439,104.00582811992916,2.738466177308514,4,"[44, 45, 71, 72]"
1091,91542972,27.12733822462672,-47.37920305834342,8,"[3, 4, 30, 31, 97, 105, 106, 107]"
1092,12785746,334.41903840457655,-3.25244266598242,3,"[42, 92, 116]"
1093,12786746,333.8611052846286,-4.8290750992418525,3,"[42, 92, 116]"
1094,12864195,358.3574261005228,-13.923837077569493,2,"[29, 107]"
1095,12880347,358.6610400860611,-14.11235107345417,3,"[3, 29, 107]"
1096,32560561,267.0194864577357,-19.32948518575986,2,"[39, 104]"
1097,52921104,108.856695131852,-57.57960819234203,9,"[6, 7, 33, 34, 87, 88, 108, 109, 110]"
1098,32636439,189.28066526219638,-28.647513301247248,7,"[10, 36, 63, 90, 100, 101, 114]"
1099,53020246,89.13754752220885,32.271581089177026,3,"[19, 59, 73]"
1100,52957498,245.50127208641328,8.437487019180734,4,"[91, 115, 116, 117]"
1101,71960105,244.50751608039502,17.05937061431816,1,[117]
1102,71966031,91.99078314933674,-29.630053221147186,5,"[6, 33, 87, 110, 111]"
1103,71928874,48.64572350441487,42.44230764200776,2,"[18, 85]"
1104,71983021,244.14033426534692,19.20140738021448,1,[117]
1105,91638523,19.58622682942047,-49.8702692925849,7,"[3, 30, 97, 104, 105, 106, 107]"
1106,91686663,103.89006583199911,6.656846839965766,6,"[20, 44, 45, 47, 71, 72]"
1107,12974182,336.4811926335063,-19.516845541134217,3,"[2, 29, 106]"
1108,13024620,337.91543081236875,-18.694600713075193,4,"[2, 29, 69, 96]"
1109,13065910,336.6932499165995,-22.233000576732252,5,"[2, 29, 69, 96, 106]"
1110,13071322,71.14073223648036,-46.91355738758491,6,"[5, 98, 106, 107, 108, 109]"
1111,32711983,169.23290512218384,-53.8492657330578,10,"[9, 35, 36, 62, 63, 89, 90, 99, 111, 112]"
1112,32828818,85.57250354938346,-50.52535662945316,8,"[6, 32, 33, 87, 98, 107, 108, 109]"
1113,53178075,168.9292128701166,-9.34346265019672,7,"[9, 36, 45, 46, 62, 72, 89]"
1114,53134037,276.067234851473,-6.52399299425323,4,"[13, 91, 92, 116]"
1115,53175558,109.75876135028628,-56.46554772003255,9,"[6, 7, 33, 34, 87, 88, 108, 109, 110]"
1116,53249605,89.95652539834765,31.88119431201227,4,"[19, 59, 60, 73]"
1117,72071788,244.737448701132,18.88539242748718,1,[117]
1118,72095565,92.53676141936417,-31.356405403611102,5,"[6, 33, 87, 110, 111]"
1119,72090499,92.5054644956897,-34.56729176414025,6,"[6, 33, 87, 107, 110, 111]"
1120,72121577,205.0723146629553,-36.00920431847147,5,"[10, 64, 100, 101, 114]"
1121,91754841,283.50458384118394,32.719728357082296,1,[80]
1122,32876138,283.42967755993186,13.24771162496502,1,[80]
1123,53280272,191.96173447097627,4.300582990260356,2,"[91, 115]"
1124,53304943,193.61014998801653,1.9737435098817175,3,"[46, 91, 115]"
1125,53336409,108.88479663937699,32.49644843573391,3,"[20, 47, 60]"
1126,53393980,108.85248422251105,33.59781183940602,3,"[20, 47, 60]"
1127,72310664,93.16089872603234,-30.163274425593674,4,"[33, 87, 110, 111]"
1128,91928222,89.02768520483468,-9.513137431506928,8,"[6, 33, 43, 44, 45, 71, 72, 87]"
1129,91989480,140.33219639454623,5.90223631537481,3,"[45, 46, 72]"
1130,13318586,249.6240444286123,0.4329812847713092,2,"[115, 116]"
1131,13345286,74.16855098294452,-51.16056126664461,8,"[5, 6, 32, 98, 106, 107, 108, 109]"
1132,13345794,74.51270577382074,-49.78541991553755,8,"[5, 6, 32, 98, 106, 107, 108, 109]"
1133,33003187,87.22509442655745,-48.6391884258699,9,"[6, 32, 33, 87, 98, 107, 108, 109, 110]"
1134,33063882,87.92397270020271,-52.57626387183578,7,"[6, 32, 33, 87, 98, 108, 109]"
1135,33066142,88.13368697910325,-50.09072968286855,8,"[6, 32, 33, 87, 98, 107, 109, 110]"
1136,53428328,109.12504580285582,34.98219108451838,3,"[20, 47, 60]"
1137,53550721,174.6017729703054,-40.3050571625088,10,"[9, 36, 63, 90, 99, 100, 110, 111, 112, 113]"
1138,72373386,304.45145627220285,-1.8070591061419714,2,"[92, 116]"
1139,72407079,172.65994467881924,13.899797308966795,2,"[22, 49]"
1140,72408098,177.59468766644682,17.041249868834633,1,[49]
1141,72429235,305.21509354468344,0.3916194180985245,1,[116]
1142,72429238,305.209283741009,0.38979357755529265,1,[116]
1143,72506701,197.92575098227394,26.51331459780538,2,"[23, 50]"
1144,92128422,185.00948806296495,20.857227755803084,1,[23]
1145,92128571,185.46194436935738,19.967102201874148,1,[23]
1146,92043454,186.03119881017386,15.647814166338351,1,[23]
1147,92082171,185.59114065592135,17.205405050099518,1,[23]
1148,92134019,187.37390248431194,16.720770236991658,2,"[23, 50]"
1149,92136299,350.1926861180732,-11.620234276336982,5,"[2, 29, 69, 70, 96]"
1150,92173551,201.09088923853582,-48.77045042992504,11,"[10, 37, 63, 64, 90, 99, 100, 111, 112, 113, 114]"
1151,13566784,137.5697286908849,-23.813887057719352,7,"[8, 34, 61, 88, 99, 112, 113]"
1152,13480756,137.55251614188563,-25.348589282271757,7,"[8, 34, 61, 88, 99, 112, 113]"
1153,13584952,299.77952882243073,4.889240207873547,2,"[92, 116]"
1154,33221859,154.33406431164258,-20.105219670757123,6,"[8, 35, 62, 89, 99, 113]"
1155,53612113,172.75413904112077,-36.777952989009904,10,"[9, 36, 63, 89, 90, 99, 100, 110, 112, 113]"
1156,53678115,26.02238285796161,27.090367914166258,3,"[17, 57, 84]"
1157,53619624,49.236559922852464,50.620635591384406,5,"[18, 24, 25, 78, 85]"
1158,53688090,108.9050397179253,-51.10549649210682,8,"[6, 7, 33, 34, 87, 108, 109, 110]"
1159,72510218,214.53782074388886,-12.108119921002064,4,"[11, 37, 64, 115]"
1160,53650754,276.2778801434284,-3.471209329780638,3,"[91, 92, 116]"
1161,72518665,200.39510195341137,22.83126309278614,2,"[23, 50]"
1162,72518710,200.4036530782665,22.63793124233774,2,"[23, 50]"
1163,72519389,70.38176383272452,36.0562118617786,3,"[19, 59, 86]"
1164,72546839,201.41257702096732,22.107911465211465,2,"[23, 50]"
1165,72576830,201.41005704347225,22.7300563041725,2,"[23, 50]"
1166,72528673,69.32821624121303,32.70487463608581,3,"[19, 59, 86]"
1167,72601126,202.86448403924737,25.688436870396345,2,"[23, 50]"
1168,72602427,208.96912643209265,30.7223541551324,1,[50]
1169,92226990,5.235302674122028,-16.318940638826234,2,"[3, 30]"
1170,92230819,3.7264709824556226,-19.80849101679438,3,"[3, 30, 107]"
1171,92230848,3.7589939787797584,-19.571719845145992,3,"[3, 30, 107]"
1172,92229576,39.63578818949641,-36.53765943224101,5,"[4, 31, 105, 107, 108]"
1173,92252166,41.162993272536646,-35.41594282007053,4,"[4, 31, 108, 109]"
1174,92234254,40.43251596993307,-34.81002483660209,4,"[4, 31, 108, 109]"
1175,92253544,306.2138275026087,-14.985546976299002,3,"[1, 27, 95]"
1176,92260423,41.353159618892725,-35.76689046918541,4,"[4, 31, 108, 109]"
1177,92281720,41.303872381215626,-37.31464673757629,5,"[4, 31, 105, 107, 108]"
1178,53701382,25.209037449478533,24.871086774105002,3,"[17, 57, 84]"
1179,53745922,108.15901190823419,-47.13159419965982,8,"[6, 7, 33, 87, 108, 109, 110, 111]"
1180,53743451,108.00367988274702,-47.29319364055717,8,"[6, 7, 33, 87, 108, 109, 110, 111]"
1181,72637786,18.212786926566057,-37.712514530594056,6,"[3, 30, 97, 105, 106, 108]"
1182,72650737,212.22640537881773,26.709900998394012,2,"[50, 51]"
1183,72648803,210.7644325410565,27.48747894233849,1,[50]
1184,72670776,208.37840659350147,-37.89633185442822,8,"[10, 37, 64, 100, 101, 112, 113, 114]"
1185,72748794,21.83676079434661,-37.24564456154025,6,"[3, 30, 97, 105, 107, 108]"
1186,92361191,42.23879936196314,-40.88490174786258,5,"[4, 105, 106, 107, 108]"
1187,92362554,44.16742753422474,-37.124461088704464,5,"[4, 31, 107, 108, 109]"
1188,92442460,306.9845605547353,-16.061991909684092,5,"[1, 27, 68, 95, 105]"
1189,13739860,139.94930431609825,-27.533553141833995,6,"[8, 34, 61, 88, 112, 113]"
1190,13798141,332.8731434598326,37.257537499393976,4,"[15, 55, 82, 121]"
1191,13811036,300.8005358814053,7.483413148292955,4,"[54, 81, 92, 116]"
1192,13741670,138.84516255715212,-24.280812859019463,7,"[8, 34, 61, 88, 99, 112, 113]"
1193,13741671,138.84487192668055,-24.279720250455824,7,"[8, 34, 61, 88, 99, 112, 113]"
1194,13799337,333.4238333247922,38.20057144907982,4,"[15, 55, 82, 121]"
1195,13863424,22.626940043470647,20.523537032977497,3,"[17, 57, 84]"
1196,13863427,22.62775682880527,20.522626176180335,3,"[17, 57, 84]"
1197,33418853,86.6224926426072,-46.381480943573585,8,"[6, 32, 33, 87, 98, 107, 108, 110]"
1198,33425819,342.8390885526011,-2.319499028055234,3,"[42, 70, 92]"
1199,33492996,13.929026188966796,-33.28516712148072,4,"[3, 97, 107, 108]"
1200,53834319,174.42278086416124,-36.91765527200627,9,"[9, 36, 63, 90, 99, 100, 110, 112, 113]"
1201,53832151,27.442714267397253,26.762488880795996,3,"[17, 57, 84]"
1202,72814920,208.2688854859811,-37.04086883461363,7,"[10, 37, 64, 100, 101, 112, 114]"
1203,72855589,217.22899351294396,-13.113234165985002,3,"[11, 37, 64]"
1204,72849025,173.56802767516635,-45.91999075819944,11,"[9, 36, 62, 63, 89, 90, 99, 110, 111, 112, 113]"
1205,72850868,216.64484089632538,-11.985572891229367,4,"[11, 37, 64, 115]"
1206,13961725,22.172755471043924,16.759043565073444,3,"[17, 57, 84]"
1207,13931687,65.982552105789,-59.05254163323687,5,"[31, 32, 98, 107, 108]"
1208,13984854,65.63336625385068,-64.00203633154162,4,"[4, 6, 32, 98]"
1209,13997060,23.71750233593217,19.509856283385822,1,[17]
1210,33494267,12.820099441007022,-35.392587074306874,5,"[3, 30, 97, 104, 107]"
1211,33526703,14.033151612225529,-34.654901603717,4,"[3, 97, 107, 108]"
1212,33589575,169.1528615685271,-51.62220576475087,12,"[9, 35, 36, 62, 63, 89, 90, 99, 110, 111, 112, 113]"
1213,33572291,255.49446006968097,-7.828221849758558,7,"[12, 39, 66, 91, 93, 115, 116]"
1214,33601621,93.5240240852419,-39.197641141400304,6,"[6, 33, 87, 107, 108, 109]"
1215,53986346,109.01379439628887,-48.039024617489446,7,"[6, 7, 33, 87, 109, 110, 111]"
1216,54003409,15.64186688252206,-23.677437382932652,4,"[3, 30, 97, 108]"
1217,54018090,16.81895095163766,-21.645630225626423,3,"[3, 30, 97]"
1218,54071627,15.128287938572722,-25.499822336156512,4,"[3, 30, 97, 108]"
1219,54113753,178.6600427738231,-40.10851821433463,10,"[9, 36, 63, 90, 99, 100, 110, 111, 112, 113]"
1220,72941890,70.63708037171392,33.54899818553142,3,"[19, 59, 86]"
1221,72980496,123.44529429128065,-24.889184709948697,5,"[7, 34, 61, 88, 112]"
1222,92591774,308.26343457781735,-15.283846784761625,4,"[1, 28, 68, 95]"
1223,14088139,67.79553723057826,-63.662722806648766,3,"[5, 32, 98]"
1224,14156987,61.75437910330892,2.005630594237828,4,"[42, 43, 44, 71]"
1225,33649880,16.599907942525043,-35.845234657627444,5,"[3, 30, 97, 107, 108]"
1226,54245210,237.98507947630782,-16.692584997589734,2,"[11, 38]"
1227,54207784,47.837610152255344,48.44777966998936,6,"[18, 24, 25, 58, 78, 85]"
1228,73118372,176.6984885881544,-47.91439986543585,10,"[9, 36, 63, 89, 90, 99, 110, 111, 112, 113]"
1229,92749735,310.15023799554325,-13.924736013182608,4,"[1, 28, 68, 95]"
1230,92828263,163.06223495767742,-66.29927127271998,8,"[8, 9, 35, 36, 61, 62, 89, 90]"
1231,92847613,80.59155423854116,-44.06775652029912,8,"[5, 6, 32, 98, 107, 108, 109, 110]"
1232,14255247,61.800742488251295,-2.376391363926993,4,"[42, 43, 44, 71]"
1233,14255752,62.82092614646986,2.526215271170618,4,"[43, 44, 70, 71]"
1234,14340036,100.31430569684454,31.96419054238147,4,"[20, 47, 60, 73]"
1235,14347470,302.49138093521265,7.164334807548043,3,"[54, 92, 116]"
1236,33770773,313.90277518444407,-78.959133600539,45,"[1, 2, 3, 4, 5, 6, 7, 8, 9, 10, 11, 12, 13, 27, 28, 29, 30, 31, 32, 33, 34, 35, 36, 37, 38, 39, 61, 62, 63, 64, 65, 66, 67, 68, 69, 87, 88, 89, 90, 93, 94, 95, 96, 97, 98]"
1237,33912893,345.4865468761848,-22.433393442814225,5,"[2, 29, 69, 96, 107]"
1238,33906065,267.823876351922,-23.837874776381117,4,"[39, 66, 93, 104]"
1239,54379496,237.13248453470158,-12.15635276213791,4,"[11, 38, 65, 115]"
1240,54415101,177.76481720652848,-35.88859141024041,8,"[9, 36, 63, 90, 99, 100, 113, 114]"
1241,73277893,110.92527531064448,39.385245472670334,4,"[20, 47, 60, 74]"
1242,73340212,124.3049448596955,-23.290650633281945,4,"[7, 34, 61, 88]"
1243,92911696,311.21631033080325,-13.762853360920548,4,"[1, 28, 68, 95]"
1244,92984630,19.535906832791138,-26.55720295112815,3,"[3, 30, 97]"
1245,33942031,94.61078654709954,-35.28202912085062,6,"[6, 33, 87, 107, 110, 111]"
1246,33984043,347.0849380010363,-22.12283583917757,5,"[2, 29, 69, 96, 107]"
1247,33982876,345.78714128069595,-24.349157945764357,5,"[2, 29, 69, 96, 107]"
1248,34035685,348.3712073224984,-21.469060246804133,5,"[2, 29, 69, 96, 107]"
1249,33982930,345.5682197440941,-24.559522751015773,5,"[2, 29, 69, 96, 107]"
1250,34038105,347.27712867886424,-24.10551423338089,5,"[2, 29, 69, 96, 107]"
1251,34041014,54.191669482022206,-30.535934523346086,2,"[5, 31]"
1252,54509879,236.81964266921776,10.229267554347247,4,"[51, 91, 115, 117]"
1253,73392538,177.50710309936866,-47.50463903352377,9,"[9, 36, 63, 90, 99, 110, 111, 112, 113]"
1254,73434673,111.62390894721625,44.58145427765136,4,"[20, 47, 60, 74]"
1255,93105467,46.572056725225096,-33.22139430702372,4,"[4, 31, 108, 109]"
1256,93137389,284.33472068380553,33.58142092497989,1,[80]
1257,14567914,123.76912991706193,-1.0039794256278893,4,"[44, 45, 46, 71]"
1258,14593975,303.50081139604424,7.224776043050752,3,"[54, 92, 116]"
1259,34075121,95.00612365775704,-35.41414793974817,6,"[6, 33, 87, 107, 110, 111]"
1260,34084149,54.520471840729634,-29.47080380826279,2,"[5, 109]"
1261,54646747,97.89489624615418,-1.0817234055549547,5,"[43, 44, 45, 71, 72]"
1262,54646754,97.88193028004805,-1.0889744503866283,5,"[43, 44, 45, 71, 72]"
1263,54698273,124.41297496668462,-33.78050805999115,6,"[7, 34, 61, 88, 111, 112]"
1264,54708239,136.2801486718457,-29.140568016385412,6,"[8, 34, 61, 88, 99, 112]"
1265,73563092,284.11613789318307,38.606460289167764,6,"[26, 40, 53, 54, 80, 119]"
1266,73570422,47.26952526546431,16.665067470184542,3,"[18, 58, 85]"
1267,73601124,252.84060504875237,-0.8525059511885071,1,[91]
1268,73626552,46.862458892426936,14.606289073306769,3,"[18, 58, 85]"
1269,93163975,244.457299568599,-12.20879217662574,5,"[12, 65, 103, 115, 116]"
1270,93244307,84.77669716064194,-43.01771909566527,8,"[6, 32, 33, 98, 107, 108, 109, 110]"
1271,93215387,243.91978371269542,-9.327049401677076,5,"[12, 65, 91, 115, 116]"
1272,93239342,84.69357821063947,-41.92028065407226,6,"[32, 33, 107, 108, 109, 110]"
1273,93243413,84.71606338468028,-44.64513823406663,9,"[6, 32, 33, 87, 98, 107, 108, 109, 110]"
1274,93279196,84.83478938740083,-45.79295137162275,8,"[6, 32, 33, 87, 98, 107, 108, 110]"
1275,14724795,171.63908336889443,11.962943046116482,3,"[22, 45, 46]"
1276,14725578,170.95659594029,13.810633162773787,2,"[22, 49]"
1277,14776754,172.09177740348633,13.421183466753819,2,"[22, 49]"
1278,14773776,172.9831382047029,10.354057811901727,5,"[22, 45, 46, 49, 72]"
1279,14858698,114.47004378419139,11.253578315805028,7,"[20, 44, 45, 46, 47, 60, 72]"
1280,14825252,172.34330444841683,15.759603014156411,2,"[22, 49]"
1281,34237594,57.3176358080546,-29.11791094148047,2,"[5, 109]"
1282,34270423,58.42760675909036,-26.416343644940998,4,"[5, 32, 109, 110]"
1283,34276326,255.83291563852114,-7.948440033801355,7,"[12, 39, 66, 91, 93, 115, 116]"
1284,34221487,283.81035730976066,12.267030656037432,2,"[80, 92]"
1285,34314931,96.08769211792871,-37.326835278764264,7,"[6, 33, 87, 107, 109, 110, 111]"
1286,34309908,58.58289764260116,-28.37367130509886,3,"[5, 32, 109]"
1287,54779347,135.41589201387293,-26.36794662506383,6,"[8, 34, 61, 88, 99, 112]"
1288,54874587,136.15349862775545,-26.95620781746373,6,"[8, 34, 61, 88, 99, 112]"
1289,73650483,210.91592465023774,-35.906888503117976,4,"[10, 37, 100, 114]"
1290,93280676,84.8403147067525,-45.819736828707455,8,"[6, 32, 33, 87, 98, 107, 108, 110]"
1291,93281916,84.96908393855253,-43.4979799177741,9,"[6, 32, 33, 87, 98, 107, 108, 109, 110]"
1292,73764350,175.97429449549352,-43.87631022110193,10,"[9, 36, 63, 90, 99, 100, 110, 111, 112, 113]"
1293,93290092,244.6567197136159,-12.549335622186794,3,"[12, 65, 103]"
1294,93315654,201.9682893351478,-46.88516057301587,10,"[10, 37, 64, 90, 99, 100, 111, 112, 113, 114]"
1295,14948284,175.92951805588982,31.736080041420617,2,"[22, 49]"
1296,14906983,333.97757490390734,38.95276415442227,4,"[15, 55, 82, 121]"
1297,14878438,114.00128481384994,14.352266297806866,3,"[20, 47, 60]"
1298,14901042,113.83989248474666,-7.096997121025738,6,"[7, 44, 45, 46, 71, 72]"
1299,14901249,113.8926589044267,-7.391394147177156,6,"[7, 44, 45, 46, 71, 72]"
1300,34507428,81.44678915684317,-33.30682545806181,5,"[6, 32, 98, 109, 110]"
1301,54986166,164.52820874418674,-13.717196487511975,4,"[9, 35, 62, 89]"
1302,55111103,167.4419235907538,-15.045850188461953,5,"[9, 36, 62, 89, 100]"
1303,73924781,265.6481972925312,-31.555070043248328,4,"[12, 39, 93, 103]"
1304,73806092,235.52928282544892,-1.0512174645322239,2,"[91, 115]"
1305,73852746,235.61394740490294,-0.5211456310265009,1,[91]
1306,73905437,83.64914147152156,4.487082443514058,5,"[43, 44, 45, 71, 72]"
1307,93593996,117.88867055736422,-28.831540549847738,6,"[7, 34, 61, 88, 111, 112]"
1308,15176872,335.5465839927057,39.98605203092734,4,"[15, 55, 82, 121]"
1309,15288321,254.74601234845815,-3.0533835415900317,3,"[91, 115, 116]"
1310,34652359,97.16287318937802,-38.12984191075977,7,"[6, 33, 87, 108, 109, 110, 111]"
1311,34612297,299.6312058498403,-15.543733065500778,4,"[27, 67, 94, 105]"
1312,34691643,50.70313133920319,9.020672659849032,7,"[18, 43, 44, 58, 70, 71, 85]"
1313,34730314,97.5800950162305,-39.5037418935044,7,"[6, 33, 87, 107, 108, 109, 111]"
1314,34688440,50.544924252865094,8.914291991279818,7,"[18, 43, 44, 58, 70, 71, 85]"
1315,34769739,256.0430091363851,-8.745547850649546,7,"[12, 39, 66, 91, 93, 115, 116]"
1316,34715560,51.408273006274676,10.5481232201695,8,"[18, 42, 43, 44, 58, 70, 71, 85]"
1317,55218767,93.33322310610738,38.38427999924322,4,"[19, 20, 60, 73]"
1318,55172317,167.19377032001546,-12.893064962552799,5,"[9, 36, 62, 89, 100]"
1319,55315634,138.6049117427764,-2.2466473289744844,3,"[45, 46, 72]"
1320,55316181,137.9004114297444,-0.09892674391872038,3,"[45, 46, 72]"
1321,55316441,137.56346139171052,1.0813752438786688,4,"[44, 45, 46, 72]"
1322,74059741,242.11025991638792,19.16121048238151,1,[117]
1323,15462531,325.1440803008089,55.041805744688766,8,"[14, 15, 41, 55, 75, 82, 120, 121]"
1324,15518194,23.102994071933665,16.828678616141755,3,"[17, 57, 84]"
1325,34798133,301.74327242470986,-11.410924762915842,5,"[27, 67, 94, 105, 116]"
1326,34888848,52.71234172720052,9.709278273477667,8,"[18, 42, 43, 44, 58, 70, 71, 85]"
1327,34947258,165.63993097875803,-6.473903371036037,4,"[9, 45, 46, 72]"
1328,55404385,10.251541749026606,-84.91629970901192,39,"[1, 2, 4, 5, 6, 7, 8, 9, 10, 11, 12, 27, 28, 29, 31, 32, 34, 35, 36, 37, 38, 39, 61, 62, 63, 64, 65, 67, 68, 69, 87, 88, 89, 90, 94, 95, 96, 97, 98]"
1329,55393705,94.71043235509401,36.83143022631912,3,"[20, 60, 73]"
1330,55440625,54.01954778595885,-29.127806594535645,3,"[5, 31, 109]"
1331,55501315,24.17071708831926,-80.61144331522736,42,"[1, 2, 3, 4, 5, 6, 7, 8, 9, 10, 11, 12, 13, 28, 29, 30, 31, 32, 33, 34, 35, 36, 38, 39, 61, 62, 63, 65, 66, 67, 68, 69, 87, 88, 89, 90, 93, 94, 95, 96, 97, 98]"
1332,74094052,242.4115985451149,19.343586395073043,1,[117]
1333,74100918,266.2833604963321,-31.132367598727136,4,"[12, 39, 66, 103]"
1334,74214081,83.97744321406583,1.3275950685925473,5,"[43, 44, 45, 71, 72]"
1335,93866005,245.14260829628338,-11.038549791327025,6,"[12, 65, 91, 103, 115, 116]"
1336,93927775,245.5393053688834,-12.197925951294172,5,"[12, 65, 103, 115, 116]"
1337,15612471,26.600435074881084,20.98029658327146,2,"[57, 84]"
1338,15571916,24.806167830421717,18.056066609006567,2,"[57, 84]"
1339,15653983,27.063481461416536,19.921381801123623,3,"[17, 57, 84]"
1340,35018079,181.3044342126246,-4.196731239877209,2,"[46, 115]"
1341,35101312,27.877728848798974,-26.743266896000595,3,"[4, 97, 108]"
1342,35055332,172.4811352214102,-51.76022977025572,11,"[35, 36, 62, 63, 89, 90, 99, 110, 111, 112, 113]"
1343,35156298,60.26783960546403,4.235030754164548,5,"[42, 43, 44, 70, 71]"
1344,55596668,96.08503626839953,38.69727319008331,3,"[20, 60, 73]"
1345,74259739,300.10598153100744,34.00453100268641,2,"[54, 81]"
1346,94069425,245.4216875940859,-10.429580211157345,6,"[12, 65, 91, 103, 115, 116]"
1347,94123745,118.78674841689353,-29.145860913238636,6,"[7, 34, 61, 88, 111, 112]"
1348,94193093,162.42498414943805,-64.15328620824258,8,"[8, 9, 35, 36, 62, 63, 89, 90]"
1349,15736408,63.584279171029415,1.1589744816503609,4,"[43, 44, 70, 71]"
1350,15859878,98.62304106759574,12.803681766118569,3,"[20, 60, 73]"
1351,15945020,99.06856392840938,16.28319495039454,3,"[20, 60, 73]"
1352,15933506,64.15172715698839,-2.5982607419721155,3,"[44, 70, 71]"
1353,35230290,104.22367278705096,-37.389877246534304,7,"[6, 33, 87, 108, 109, 110, 111]"
1354,35205647,60.714979820118344,3.743749750571673,5,"[42, 43, 44, 70, 71]"
1355,55761328,149.02808196042352,51.345294584940305,8,"[15, 21, 22, 41, 48, 75, 120, 121]"
1356,55857787,11.360215153008458,-31.293420435822316,4,"[30, 97, 107, 108]"
1357,55937327,65.33143109719072,-31.379108944096583,5,"[5, 32, 98, 109, 110]"
1358,74528791,161.84929350313024,-55.450014521431,10,"[8, 9, 35, 36, 62, 89, 110, 111, 112]"
1359,94281498,62.52811118755215,10.728189258178661,6,"[18, 43, 44, 70, 71, 86]"
1360,16045498,109.04991383204295,15.116091145495389,3,"[20, 47, 60]"
1361,16059316,255.23718437528368,-3.2273529694979115,3,"[91, 115, 116]"
1362,16041659,65.75167511981503,1.2048100125691972,4,"[43, 44, 70, 71]"
1363,16032776,108.5154566845444,16.92271057878128,3,"[20, 47, 60]"
1364,16119221,128.08478234729503,18.6720805172227,1,[21]
1365,16148515,127.66376726844587,20.74869258881975,1,[21]
1366,35426426,172.06833232568383,-50.508589926835555,11,"[35, 36, 62, 63, 89, 90, 99, 110, 111, 112, 113]"
1367,35403950,314.51070147947155,4.992341514717457,2,"[92, 116]"
1368,55989747,140.67181014833676,-49.389660599544165,10,"[8, 34, 35, 61, 62, 88, 89, 109, 110, 111]"
1369,56129374,67.88027628952327,-30.778605092697674,4,"[5, 32, 98, 109]"
1370,94549636,64.57090132025384,14.026613825657476,2,"[18, 86]"
1371,16245795,265.44436951686754,-23.162675369512677,4,"[12, 39, 93, 104]"
1372,16372149,218.7211158390551,48.28693084485192,3,"[24, 51, 78]"
1373,16345175,275.15387897450233,15.36804748180407,2,"[80, 118]"
1374,16328463,115.13363723636645,-5.943866796902885,5,"[44, 45, 46, 71, 72]"
1375,35611914,316.8077453909604,7.919317638036384,4,"[55, 81, 92, 116]"
1376,56287123,125.50115936262975,-36.44503600132392,5,"[7, 34, 61, 88, 112]"
1377,74745426,298.3510858203656,-2.1497867380035083,2,"[92, 116]"
1378,74726372,84.71007389909431,2.6087464886864464,5,"[43, 44, 45, 71, 72]"
1379,16465196,275.088128799884,13.753972822579412,2,"[80, 118]"
1380,35761475,37.66421404978774,-15.572419313559784,2,"[4, 31]"
1381,35862254,38.439318255273754,-18.895043945255342,2,"[31, 109]"
1382,56453471,65.65308872510974,5.3186716342143034,4,"[43, 44, 70, 71]"
1383,94826461,246.35129806199384,-10.908405745399017,6,"[12, 65, 91, 103, 115, 116]"
1384,94920145,111.41435980987231,3.259508669801122,5,"[44, 45, 46, 71, 72]"
1385,94928384,246.5309985064077,-11.431852016498732,5,"[12, 65, 103, 115, 116]"
1386,94908697,299.40553859083076,36.90387992122113,4,"[14, 40, 81, 119]"
1387,94939369,247.2091757353454,-14.353546140014798,4,"[12, 39, 65, 103]"
1388,94945758,80.14319034943944,-35.059389104673045,6,"[5, 6, 32, 98, 109, 110]"
1389,16774287,116.44930834925414,18.259563959097047,2,"[20, 60]"
1390,16779855,132.2713823162526,20.29041990587727,2,"[21, 48]"
1391,16785227,340.32249215245145,36.075567501592914,4,"[55, 56, 82, 83]"
1392,56555398,152.25206505673077,-18.01696060701009,4,"[62, 89, 99, 113]"
1393,75047606,166.63667129123564,-58.614081052175976,11,"[8, 9, 35, 36, 62, 63, 89, 90, 110, 111, 112]"
1394,94987316,79.75281308300664,-39.672140659301384,8,"[5, 6, 32, 98, 107, 108, 109, 110]"
1395,94961631,110.94320806504055,6.90629438452107,7,"[20, 44, 45, 46, 47, 71, 72]"
1396,94989786,80.13766434752444,-36.74120127520517,6,"[5, 6, 32, 98, 109, 110]"
1397,95077078,112.27357001433519,2.8007116569800536,5,"[44, 45, 46, 71, 72]"
1398,95126158,112.5125729662892,2.701023830575774,5,"[44, 45, 46, 71, 72]"
1399,16915763,217.8871762896863,52.83934361143985,5,"[24, 50, 51, 77, 78]"
1400,16878120,216.99551110280962,51.26641717777505,5,"[24, 50, 51, 77, 78]"
1401,16959673,221.3607115037653,47.571630344894736,2,"[24, 51]"
1402,16984366,221.09296484037938,49.17066674155924,2,"[51, 78]"
1403,16987556,28.78429870052199,17.465405838818445,3,"[17, 57, 84]"
1404,36259064,242.15897306216573,-40.628893360970665,8,"[12, 38, 65, 99, 100, 101, 102, 114]"
1405,56752100,100.34008488900007,-0.19939697123072017,4,"[44, 45, 71, 72]"
1406,56719508,164.81804119885732,-17.94935326584181,4,"[35, 62, 89, 100]"
1407,56762094,184.32230966377057,-3.8209314304101922,3,"[46, 91, 115]"
1408,56773393,184.10450837780317,-2.3385027187886855,3,"[46, 91, 115]"
1409,56748852,100.48825074394641,-2.170530155211499,4,"[44, 45, 71, 72]"
1410,75247258,85.40458299487712,0.8665827091338242,3,"[45, 71, 72]"
1411,75270044,328.71614858788814,-2.0813056687437386,3,"[42, 92, 116]"
1412,75324835,329.45216351799473,-1.7490085188523266,3,"[42, 92, 116]"
1413,75321549,328.75976925936806,-2.760688330759133,3,"[42, 92, 116]"
1414,75349368,314.8233929797997,30.674324917947754,2,"[55, 81]"
1415,75375145,359.6145119778407,-17.76748894964259,1,[107]
1416,75383849,267.93580384315004,-32.749005071660335,7,"[13, 39, 66, 93, 100, 103, 104]"
1417,95167130,112.80274379214238,3.5037752517272165,5,"[44, 45, 46, 71, 72]"
1418,17038893,329.5255467881559,57.70956476136684,10,"[14, 15, 41, 55, 56, 75, 76, 82, 120, 121]"
1419,17145415,66.05477526887084,-0.7515173588230328,2,"[43, 44]"
1420,17142859,133.1861937824217,24.629486744694397,2,"[21, 48]"
1421,17125337,329.2133315820643,57.31599132737618,9,"[14, 15, 41, 55, 56, 75, 76, 120, 121]"
1422,17047991,222.57089297171828,49.349092267411095,3,"[24, 51, 78]"
1423,17150156,65.83491786237332,-3.0699307142319507,4,"[43, 44, 70, 71]"
1424,17192581,134.28318457497863,23.630822562517192,2,"[21, 48]"
1425,17154445,265.690458729574,-19.212361957964244,3,"[12, 39, 104]"
1426,17195218,66.48572998274378,0.1893147656881875,3,"[43, 44, 70]"
1427,17232188,66.511233014691,-2.1952179169130934,3,"[43, 44, 70]"
1428,17233245,66.47600480469394,-2.6871159192803846,3,"[43, 44, 70]"
1429,17235689,134.86419874060232,24.78901787819114,1,[48]
1430,17227922,66.65174068042022,-0.2827610577108547,3,"[43, 44, 71]"
1431,36346568,103.61590969215202,-26.942955995432232,4,"[6, 33, 87, 111]"
1432,36432305,123.54396461784934,-30.79946662354272,6,"[7, 34, 61, 88, 111, 112]"
1433,36363632,103.25632369127044,-24.20403649885996,4,"[6, 33, 87, 111]"
1434,56912817,126.62006656641778,29.458040387668674,2,"[21, 47]"
1435,56939464,153.66150147555578,36.19509604915518,3,"[22, 48, 75]"
1436,56933908,126.88893238945579,29.679783168284604,1,[21]
1437,57011334,240.0391131487458,52.22821406125081,6,"[25, 51, 52, 78, 79, 117]"
1438,75436488,231.26477786042585,-13.137854105679295,3,"[11, 38, 65]"
1439,75536683,232.52779089806367,-16.035757326099297,3,"[11, 38, 65]"
1440,75472079,268.09434339136953,-31.981062366822368,6,"[13, 39, 66, 93, 103, 104]"
1441,75540884,232.87669558812013,-16.47674654344115,3,"[11, 38, 65]"
1442,95360265,147.49547876425646,11.931986044882112,3,"[45, 46, 48]"
1443,95360514,147.79686285267346,11.62091353669826,3,"[45, 46, 48]"
1444,95406412,106.79452656047798,-37.50549349503142,7,"[6, 7, 33, 87, 108, 110, 111]"
1445,95340781,147.9122859741226,9.584693137860878,4,"[45, 46, 48, 72]"
1446,95431211,149.69477955098662,8.448283167257136,4,"[45, 46, 48, 72]"
1447,17292477,66.68358459653155,-3.051849017378907,4,"[43, 44, 70, 71]"
1448,17294823,67.11613995215275,-0.4654521503276186,2,"[43, 44]"
1449,17294979,67.15342828734761,-0.32077205752057036,3,"[43, 44, 71]"
1450,17339628,67.85367485502454,0.11810527588900348,4,"[43, 44, 70, 71]"
1451,17342647,227.74486902645913,53.455421923491365,5,"[24, 25, 51, 78, 117]"
1452,17329905,145.83402982703936,30.66810416990201,2,"[21, 48]"
1453,17387328,68.200842986235,0.6266061935396259,2,"[70, 71]"
1454,17388998,67.58406651447848,-2.5677099655092928,4,"[43, 44, 70, 71]"
1455,17414107,68.1967480746158,0.5321676485895722,2,"[70, 71]"
1456,17418956,68.28506915647749,-0.22095082397285776,3,"[43, 44, 71]"
1457,17409896,67.53147519431008,-3.6878366213729157,4,"[43, 44, 70, 71]"
1458,17417633,68.49735287006094,1.10528311075945,4,"[43, 44, 70, 71]"
1459,57039365,142.98652549417898,-50.38031515581672,11,"[8, 34, 35, 61, 62, 88, 89, 109, 110, 111, 112]"
1460,75579180,165.13082226569136,-56.35524086523638,10,"[8, 9, 35, 36, 62, 63, 89, 110, 111, 112]"
1461,75673519,260.6789778021209,3.7866560021571973,3,"[91, 115, 116]"
1462,75651377,233.68841712341396,-17.896312363461995,1,[65]
1463,75700814,86.17462079140198,6.469077328148629,6,"[19, 43, 44, 45, 71, 72]"
1464,95473936,194.96699763267395,21.338096057077728,2,"[23, 50]"
1465,95548442,195.70584405431362,22.306295856720762,2,"[23, 50]"
1466,75726131,272.02108813706735,63.515267736608784,10,"[25, 26, 40, 52, 53, 74, 79, 80, 118, 119]"
1467,95572273,117.74588037961632,7.065433282342449,7,"[20, 44, 45, 46, 47, 71, 72]"
1468,17466464,231.5197556089935,50.8438520795524,6,"[24, 25, 51, 52, 78, 117]"
1469,17542164,231.38497889502025,53.82471755889253,5,"[24, 25, 52, 78, 117]"
1470,17542166,231.38274598209026,53.823204517956015,5,"[24, 25, 52, 78, 117]"
1471,17558287,68.97309799369978,0.12920322089274472,4,"[43, 44, 70, 71]"
1472,17516667,68.69997924122697,-0.13548155906986772,4,"[43, 44, 70, 71]"
1473,17617323,232.22349108722653,54.631111908573395,6,"[24, 25, 51, 52, 78, 117]"
1474,17618172,233.4015010311793,52.04740930803398,6,"[24, 25, 51, 52, 78, 117]"
1475,36692190,342.37208885252716,1.0049573370575065,3,"[42, 70, 92]"
1476,36693463,340.2285704902858,-4.199777791227618,3,"[42, 70, 92]"
1477,36705991,159.34355292878115,-17.392217598955597,4,"[35, 62, 89, 113]"
1478,36757950,36.57881390300372,-20.830576300180265,3,"[4, 31, 109]"
1479,36736310,160.30411328293079,-18.08874613659733,5,"[9, 62, 89, 100, 113]"
1480,36690359,340.66521234077476,-2.694505663960204,3,"[42, 70, 92]"
1481,36764770,159.33364434382614,-15.372218591721905,4,"[35, 62, 89, 113]"
1482,57287781,101.27470275163307,0.24236055960111144,4,"[44, 45, 71, 72]"
1483,57269920,257.63814398494185,-26.403874747775443,6,"[12, 39, 66, 93, 103, 104]"
1484,75784209,272.2337157111429,65.37622886107896,12,"[25, 26, 40, 52, 53, 54, 74, 79, 80, 117, 118, 119]"
1485,75917123,268.91523895050585,-35.431362403305585,7,"[13, 39, 66, 93, 100, 103, 104]"
1486,75866530,232.5031268502231,-12.610298611023914,4,"[11, 38, 65, 115]"
1487,75899957,260.9033394552571,2.0183362848804802,3,"[91, 115, 116]"
1488,17681570,151.55296413274198,-46.59781187989676,9,"[8, 35, 62, 89, 99, 109, 110, 111, 112]"
1489,17673971,116.79313468727885,-6.064295370537089,7,"[7, 34, 44, 45, 46, 71, 72]"
1490,17668162,174.55931943622068,40.115684167475294,3,"[22, 49, 76]"
1491,17654683,173.79032968292088,38.84900133187326,3,"[22, 49, 76]"
1492,36808779,178.29496452443712,-53.141199766411596,10,"[9, 36, 63, 89, 90, 99, 110, 111, 112, 113]"
1493,36882865,38.40871319406969,-23.235775205327023,2,"[31, 109]"
1494,36883881,37.60815338031901,-25.830568436291287,4,"[4, 31, 108, 109]"
1495,36876482,37.63470649992553,-24.781915235085098,4,"[4, 31, 108, 109]"
1496,75946144,273.99028787973725,61.86171269960498,9,"[26, 40, 52, 54, 74, 79, 80, 118, 119]"
1497,95776007,153.48098596743478,13.965590881139066,2,"[22, 48]"
1498,95779021,155.01521027794868,10.874402777674515,4,"[22, 45, 46, 72]"
1499,95864716,142.03031827841767,-25.599715733007017,6,"[8, 35, 61, 88, 112, 113]"
1500,95858053,154.9636479382716,14.810511303954916,2,"[22, 48]"
1501,17807269,105.43558481290607,18.48413963313476,3,"[20, 47, 60]"
1502,17827970,275.7110441274037,15.830497473800884,2,"[80, 118]"
1503,17933037,153.48131111839035,32.99160351887586,2,"[22, 48]"
1504,17929712,154.20332203348198,30.779313653711178,2,"[22, 48]"
1505,17930455,154.36230328738293,30.754108419769725,2,"[22, 48]"
1506,37077600,90.41417101988718,-48.85668604516767,8,"[6, 33, 87, 98, 107, 108, 109, 110]"
1507,37116146,90.73721601216965,-50.86563426735515,8,"[6, 33, 87, 98, 107, 108, 109, 110]"
1508,37090252,99.21817907035872,-29.049457183682563,5,"[6, 33, 87, 110, 111]"
1509,57524495,101.95371275921774,-1.1449165995128872,3,"[45, 71, 72]"
1510,57559390,284.5422538159321,16.989741117190146,1,[80]
1511,57611256,188.84185298589094,-32.31189961888143,7,"[10, 36, 63, 90, 100, 113, 114]"
1512,76136632,275.7857101578597,64.84817654166595,10,"[26, 40, 52, 53, 54, 74, 79, 80, 118, 119]"
1513,76138809,275.45887803957714,62.15081007432992,10,"[26, 40, 52, 53, 54, 74, 79, 80, 118, 119]"
1514,95962115,145.92805648467433,-20.436078097793995,5,"[35, 62, 89, 99, 113]"
1515,96028958,74.94074764515928,10.067681601310912,6,"[19, 43, 44, 59, 71, 86]"
1516,96093296,152.85138209573887,-22.449567260133637,6,"[8, 35, 62, 89, 99, 113]"
1517,96095036,152.95896570758484,-22.64792765661516,6,"[8, 35, 62, 89, 99, 113]"
1518,96118627,300.2826821620412,38.137427177685716,6,"[14, 40, 41, 54, 81, 119]"
1519,18020103,155.59771104558897,32.69568098752389,2,"[22, 48]"
1520,17992601,155.67895126888496,30.361706405443236,2,"[22, 48]"
1521,17970246,153.8435441018001,32.86361026333903,2,"[22, 48]"
1522,18018478,156.0948177676144,31.33664151446221,2,"[22, 48]"
1523,18065952,154.96807739484777,34.80228954029061,2,"[22, 48]"
1524,18121498,30.546354372219387,18.167179641304813,2,"[57, 84]"
1525,37149743,232.06468654108312,9.223648635999552,4,"[51, 91, 115, 117]"
1526,18116966,261.42317122388005,54.05057179618094,7,"[25, 26, 52, 53, 79, 117, 118]"
1527,18126269,272.2465566336019,25.642059458720865,2,"[80, 118]"
1528,37305583,92.29720133308334,-48.352356808980716,8,"[6, 33, 87, 98, 107, 108, 109, 110]"
1529,37302048,92.20309606309625,-53.18641454869011,7,"[6, 33, 87, 98, 107, 108, 109]"
1530,57650036,190.5907624915114,-34.68895916522039,8,"[10, 36, 63, 90, 100, 101, 113, 114]"
1531,57652994,187.82673280788634,-30.39173991806795,6,"[10, 36, 63, 90, 100, 101]"
1532,57717864,189.48845433283495,-32.20439503333329,7,"[10, 36, 63, 90, 100, 101, 114]"
1533,96142148,153.02283222988348,-21.740510960164087,6,"[8, 35, 62, 89, 99, 113]"
1534,96176168,152.53696547012714,-19.198727656642802,6,"[8, 35, 62, 89, 99, 113]"
1535,96196913,181.21537266113054,-4.685267748069055,2,"[46, 115]"
1536,96211765,75.79619195952932,13.215823476513675,4,"[19, 59, 73, 86]"
1537,18152208,31.494485400126283,19.09477616401255,1,[17]
1538,18189813,30.64501864315249,15.255320942264843,3,"[17, 57, 84]"
1539,18231597,262.4468122292248,53.55669065401548,8,"[25, 26, 52, 53, 79, 80, 117, 118]"
1540,18224448,32.19059671248077,18.42824250946827,3,"[17, 57, 84]"
1541,37435039,148.08885892002516,-42.62658234003625,10,"[8, 35, 61, 62, 89, 99, 109, 110, 111, 112]"
1542,57823138,285.0987525693863,20.903429988357818,1,[80]
1543,57920096,17.715443369825724,26.876593506045626,3,"[17, 57, 84]"
1544,57911824,247.3032107292843,17.48751651114882,1,[117]
1545,96462143,254.3162375198017,-11.418530672496873,6,"[12, 39, 66, 93, 115, 116]"
1546,18391127,272.45102008813996,25.416143810989478,2,"[80, 118]"
1547,18372016,68.95495784515049,-1.9757793477564138,4,"[43, 44, 70, 71]"
1548,37604071,94.48249502289315,-52.40889285514894,8,"[6, 33, 87, 107, 108, 109, 110]"
1549,37664595,358.70194309504853,-9.227327821934002,2,"[42, 70]"
1550,37644584,148.0298300421709,-41.28892892784687,8,"[8, 35, 62, 89, 99, 109, 110, 111]"
1551,37691927,147.87277628473237,-40.19564386450659,8,"[8, 35, 62, 89, 99, 109, 110, 111]"
1552,58092025,247.76669494265153,19.51432972540273,1,[117]
1553,96680681,76.08023050213907,7.884311368000065,6,"[19, 43, 44, 59, 71, 86]"
1554,96745915,266.45035407081497,-26.0373527679025,6,"[12, 39, 66, 93, 103, 104]"
1555,18585367,73.43108583603885,-1.1048253730732642,4,"[43, 44, 70, 71]"
1556,18556657,152.297437938248,-44.08593499346328,9,"[8, 35, 62, 89, 99, 109, 110, 111, 112]"
1557,18692746,107.473667874166,18.54538881919326,3,"[20, 47, 60]"
1558,18583347,73.10715278417887,-3.6925895428232334,4,"[43, 44, 70, 71]"
1559,37748347,1.0603685772383307,-9.24453013827003,3,"[3, 42, 70]"
1560,37817326,62.228708351400876,-27.383630424119062,4,"[5, 32, 109, 110]"
1561,37887026,256.02819321707295,-28.994889687288175,5,"[12, 39, 66, 93, 103]"
1562,76857581,308.33496387844207,-4.728811016915726,2,"[92, 116]"
1563,76957315,333.3779123884856,44.223796251583046,5,"[15, 55, 82, 120, 121]"
1564,76913580,309.2352564935415,-1.365655006169465,2,"[92, 116]"
1565,76922247,270.7379503449489,-35.77354139554851,8,"[13, 39, 66, 93, 100, 103, 104, 114]"
1566,76970170,309.2883546956774,-3.5109144108570938,2,"[92, 116]"
1567,96796224,111.89127523030866,-53.44352752611793,9,"[6, 7, 33, 34, 87, 88, 108, 109, 110]"
1568,96821958,329.4878570477343,25.34573912957777,1,[55]
1569,96834078,266.5523825780555,-26.577010230672695,6,"[12, 39, 66, 93, 103, 104]"
1570,18749959,108.28410190486846,16.150338983984692,3,"[20, 47, 60]"
1571,18745031,275.815344960354,13.103970413084474,2,"[80, 118]"
1572,18809756,256.45404127422796,-2.2506115265651863,3,"[91, 115, 116]"
1573,58360410,249.09860345570823,19.16116776182623,1,[117]
1574,58358932,248.83070110138604,21.002945511955005,1,[117]
1575,58445695,308.90951428565563,53.62959140373523,7,"[41, 55, 74, 75, 81, 119, 120]"
1576,77038207,162.3307180357422,6.212346743756443,5,"[22, 45, 46, 49, 72]"
1577,77072856,162.54922232976887,7.598748180744026,5,"[22, 45, 46, 49, 72]"
1578,77056985,336.48635624524235,48.729871724395004,6,"[55, 56, 75, 76, 82, 83]"
1579,77139286,163.26561503999713,8.488971519061616,5,"[22, 45, 46, 49, 72]"
1580,77121035,310.6409550095567,-1.4865923258081626,3,"[92, 116]"
1581,77151637,310.853696777584,-1.3348620196518186,2,"[92, 116]"
1582,18969225,273.63721235261823,26.37859177046648,2,"[80, 118]"
1583,38114367,171.31501505788955,-5.544642517284951,3,"[45, 46, 72]"
1584,38125059,149.5272679376645,-40.04242740415151,8,"[8, 35, 62, 89, 99, 109, 110, 111]"
1585,38086286,172.4425749266474,-8.777995228803,5,"[36, 45, 46, 63, 72]"
1586,38151942,150.027924179953,-40.8892129666049,8,"[8, 35, 62, 89, 99, 109, 110, 111]"
1587,38201845,332.1959792684212,2.865660535638528,3,"[42, 92, 116]"
1588,38161203,172.82638397187472,-5.50544919983816,3,"[45, 46, 72]"
1589,58473048,68.1125134106602,4.0212863694511105,4,"[43, 44, 70, 71]"
1590,58536474,209.8910651295249,-14.795611852895432,3,"[10, 37, 64]"
1591,58545061,68.1191533508025,2.779454365118191,4,"[43, 44, 70, 71]"
1592,77208811,56.956104497916066,-58.892507230765695,7,"[4, 5, 31, 32, 98, 106, 107]"
1593,77231053,54.8760138086231,-62.81425878780521,5,"[4, 5, 31, 32, 98]"
1594,77263680,56.14272836970803,-62.98827354128713,5,"[4, 5, 31, 32, 98]"
1595,77288515,59.37826067979548,-58.529118786661265,8,"[4, 5, 31, 32, 98, 106, 107, 108]"
1596,77288649,59.1748394828839,-58.98738723972373,8,"[4, 5, 31, 32, 98, 106, 107, 108]"
1597,97135074,293.1176681585404,-3.4512450409994493,2,"[92, 116]"
1598,97187032,355.65577324012764,18.65856707916764,2,"[56, 83]"
1599,19116828,119.08266132292313,-3.9693713572808638,5,"[44, 45, 46, 71, 72]"
1600,38245247,333.4030790426448,5.9314317691029474,3,"[42, 92, 116]"
1601,38254511,344.2640866059681,3.191359464663699,3,"[42, 70, 92]"
1602,38271828,344.85519817400126,3.8662872066259073,3,"[42, 70, 92]"
1603,38272044,345.2668147462286,4.762588682872497,3,"[42, 70, 92]"
1604,38350889,22.383919555231703,-9.75360747354857,6,"[3, 30, 42, 43, 70, 97]"
1605,58596146,210.77132664501036,-16.8023459700491,3,"[10, 37, 64]"
1606,58651139,244.61219382950952,-15.157144940741802,3,"[12, 65, 103]"
1607,58619656,291.6520326892428,21.04512063061373,2,"[54, 80]"
1608,58622002,291.54892742813047,20.63744258727917,2,"[54, 80]"
1609,58719427,211.39331650303714,-15.686019549112197,2,"[37, 64]"
1610,58715528,212.51589908160938,-18.464438629310482,3,"[37, 64, 102]"
1611,58715973,212.1678727413728,-17.657241255266957,2,"[64, 102]"
1612,58734758,3.8627946842995566,-0.2618172814719177,2,"[42, 70]"
1613,58677742,211.71208587703114,-17.209706382776854,2,"[37, 64]"
1614,77370782,61.85435843157903,-60.3117982911588,6,"[4, 5, 31, 32, 98, 107]"
1615,77371530,60.31525175732319,-62.974863654542055,5,"[4, 5, 31, 32, 98]"
1616,77390459,242.2276012741366,-5.777618712524919,3,"[91, 115, 116]"
1617,97273469,113.75953545702467,-54.05754575738159,9,"[7, 33, 34, 61, 87, 88, 108, 109, 110]"
1618,97369520,36.014056742746,3.92095306014639,4,"[42, 43, 70, 71]"
1619,38377077,29.26974281412722,-14.456175121090546,2,"[4, 97]"
1620,38391717,152.16966596675937,-42.576085762580945,9,"[8, 35, 62, 89, 99, 109, 110, 111, 112]"
1621,38425450,8.250943016065415,-76.25103894322392,22,"[1, 2, 3, 4, 5, 8, 11, 28, 29, 30, 31, 35, 38, 62, 64, 65, 68, 69, 89, 95, 96, 97]"
1622,38381642,5.314994506100688,-9.387856533680482,5,"[3, 30, 42, 43, 70]"
1623,38469670,358.21067925084964,-78.1510474375965,42,"[1, 2, 3, 4, 5, 6, 7, 8, 9, 10, 11, 12, 13, 27, 28, 29, 30, 31, 32, 33, 34, 35, 37, 38, 39, 61, 62, 64, 65, 66, 67, 68, 69, 88, 89, 90, 93, 94, 95, 96, 97, 98]"
1624,38465250,50.238726033026,-27.782438068400737,3,"[4, 31, 109]"
1625,38471811,49.70114731159066,-30.51764245791174,4,"[4, 31, 108, 109]"
1626,38463350,50.77981665632247,-25.570510438311228,3,"[4, 31, 109]"
1627,58824749,16.834893368829494,6.687456874101401,4,"[17, 42, 43, 70]"
1628,58853031,103.41871799229624,-0.287596561980061,4,"[44, 45, 71, 72]"
1629,58858845,25.53921389887335,7.878500428191025,6,"[17, 42, 43, 57, 70, 84]"
1630,77488926,49.74697524336281,14.914763383530518,2,"[18, 85]"
1631,77453085,49.20577784549879,13.563413752371533,3,"[18, 58, 85]"
1632,97402066,322.01780273732186,-21.156069357028645,4,"[1, 28, 68, 95]"
1633,97402436,322.6544668753275,-19.815479409671763,5,"[1, 28, 68, 95, 106]"
1634,97475280,12.281637786503355,-32.59732591404666,5,"[3, 30, 97, 104, 107]"
1635,97507956,33.05294930874559,-38.71518760615775,7,"[4, 31, 97, 105, 106, 107, 108]"
1636,38510324,9.641572751138503,-77.14163133132578,33,"[1, 2, 3, 4, 5, 8, 11, 12, 28, 29, 30, 31, 32, 34, 35, 38, 61, 62, 63, 64, 65, 66, 67, 68, 69, 89, 90, 93, 94, 95, 96, 97, 98]"
1637,38513339,50.73303991970122,-29.394583346706952,2,"[31, 109]"
1638,58898300,37.98465569877103,-2.3257276397273476,3,"[42, 43, 71]"
1639,59004151,58.66420643169762,-3.4874289171007007,5,"[42, 43, 44, 70, 71]"
1640,77550908,145.45081921262897,-16.146284232153125,5,"[8, 35, 62, 89, 99]"
1641,77551215,145.75586515687627,-17.061256947114682,4,"[35, 62, 89, 99]"
1642,77549396,145.57596091900038,-16.68226517509268,6,"[8, 35, 62, 89, 99, 113]"
1643,77549823,145.03812346333595,-15.280311248655977,4,"[8, 35, 62, 99]"
1644,77618684,242.891389292161,-7.045775689851623,5,"[12, 38, 91, 115, 116]"
1645,77669416,68.34462358092759,-58.10464389933924,5,"[5, 32, 98, 107, 108]"
1646,97569733,90.06728695571687,-10.827894735549005,8,"[6, 33, 43, 44, 45, 71, 72, 87]"
1647,97522466,158.7240434065651,16.293768616618287,1,[22]
1648,97599181,123.05357841232222,5.204048152038536,5,"[44, 45, 46, 71, 72]"
1649,97646800,114.80661086419684,-53.409042591043765,7,"[7, 33, 61, 87, 88, 109, 110]"
1650,19566581,129.9305789130611,-28.906845301983115,6,"[7, 34, 61, 88, 99, 112]"
1651,19464066,82.69207771015884,-4.879341343246648,4,"[43, 44, 45, 71]"
1652,19563644,84.53436679215235,-1.3349265284296084,5,"[43, 44, 45, 71, 72]"
1653,38710321,9.945413653886302,-79.45575232523467,42,"[1, 2, 4, 5, 6, 7, 8, 9, 10, 11, 12, 27, 28, 29, 30, 31, 32, 34, 35, 36, 37, 38, 39, 61, 62, 63, 64, 65, 66, 67, 68, 69, 87, 88, 89, 90, 93, 94, 95, 96, 97, 98]"
1654,38816199,226.08279872973236,14.993586345914785,1,[51]
1655,38838329,226.38282808699307,16.019349744368455,1,[51]
1656,38898850,322.9934594426175,-59.9052944366178,10,"[1, 2, 28, 29, 68, 69, 95, 96, 103, 104]"
1657,38847248,313.57621299794073,-62.55131789853765,7,"[1, 27, 28, 67, 68, 94, 95]"
1658,77837924,72.47411130929538,-52.92975977059238,7,"[5, 32, 98, 106, 107, 108, 109]"
1659,97673330,293.9183804862635,-7.589096963195978,5,"[27, 67, 92, 94, 116]"
1660,19694949,130.83500422110777,-29.604460053645276,6,"[7, 34, 61, 88, 99, 112]"
1661,19759376,130.12047910890328,-27.31410159995895,6,"[7, 34, 61, 88, 99, 112]"
1662,19766237,130.83829754865414,-29.295045038011022,5,"[7, 34, 61, 88, 99]"
1663,38909679,16.131765576695148,-80.36307927343488,45,"[1, 2, 3, 4, 5, 6, 7, 8, 9, 10, 11, 12, 13, 27, 28, 29, 30, 31, 32, 33, 34, 35, 36, 37, 38, 39, 61, 62, 63, 64, 65, 66, 67, 68, 69, 87, 88, 89, 90, 93, 94, 95, 96, 97, 98]"
1664,38956909,113.12508787216208,15.056979354768279,2,"[20, 60]"
1665,38991680,227.72598380557602,16.134788348890115,1,[51]
1666,39052531,129.16583479636833,21.563729121443025,1,[21]
1667,39074957,130.56688165854496,20.100058095716133,2,"[21, 48]"
1668,39048880,315.35788397801986,-63.711366809824526,8,"[2, 27, 28, 67, 68, 94, 95, 96]"
1669,39071101,318.6875892078994,-63.00044903365873,9,"[1, 2, 27, 28, 67, 68, 94, 95, 96]"
1670,39071103,318.6795866163032,-62.99609184452622,9,"[1, 2, 27, 28, 67, 68, 94, 95, 96]"
1671,59206049,76.50982551328323,-7.935448713810524,6,"[5, 32, 43, 44, 71, 98]"
1672,59272735,308.35188616268977,51.4116522338407,8,"[41, 54, 55, 74, 75, 81, 119, 120]"
1673,59325655,246.05094253993093,-18.094758740051393,2,"[65, 103]"
1674,77855134,167.92320670977648,-54.765025350357476,11,"[9, 35, 36, 62, 63, 89, 90, 99, 110, 111, 112]"
1675,59330258,246.37030925278307,-19.407150099644404,2,"[12, 103]"
1676,77850930,166.69936808966483,-53.622048196225364,10,"[9, 35, 36, 62, 63, 89, 99, 110, 111, 112]"
1677,77859184,72.8029013837596,-54.81641495534699,8,"[5, 6, 32, 98, 106, 107, 108, 109]"
1678,77896615,72.88186107645282,-57.71089030338511,5,"[5, 6, 32, 98, 107]"
1679,77951686,73.71465595775855,-55.33853584807216,7,"[5, 6, 32, 98, 106, 107, 109]"
1680,77929282,254.732698589833,-16.50276139580642,5,"[12, 39, 66, 93, 103]"
1681,77954764,74.21116851429552,-54.12783832079051,7,"[5, 6, 32, 98, 106, 107, 109]"
1682,97916297,285.7683221481593,-17.18039712872723,4,"[13, 27, 67, 94]"
1683,97986726,286.34926190784057,-14.341446707167986,4,"[13, 27, 67, 94]"
1684,19819072,129.6521301741546,-24.84765901432152,5,"[7, 34, 61, 99, 112]"
1685,19916013,158.99721684614926,-47.57123897081781,8,"[8, 9, 35, 62, 99, 110, 111, 112]"
1686,19917534,212.1634972015106,3.1600640643739495,2,"[91, 115]"
1687,19922930,212.4895584792364,3.6673241549004914,2,"[91, 115]"
1688,19924794,212.72957431544418,3.3051636486869964,2,"[91, 115]"
1689,19957906,213.99061174612754,1.0843620677208972,2,"[91, 115]"
1690,19936579,85.22428855682006,-1.5914305295452822,5,"[43, 44, 45, 71, 72]"
1691,19869251,274.68431051429667,24.3754248865306,2,"[80, 118]"
1692,19995868,276.2773632408363,15.130585283615956,2,"[80, 118]"
1693,39299237,88.69925766629557,-28.259866547605927,6,"[6, 33, 87, 98, 110, 111]"
1694,39299275,88.74899878410936,-28.223212161119104,6,"[6, 33, 87, 98, 110, 111]"
1695,39302840,257.76816947813086,54.30588146548573,7,"[25, 26, 52, 53, 79, 117, 118]"
1696,39304744,257.12719766026424,57.764708096160454,8,"[25, 26, 52, 53, 79, 80, 117, 118]"
1697,59476871,260.06956998164253,20.731223067703187,1,[118]
1698,78004131,167.9595558370534,-54.74344297253984,11,"[9, 35, 36, 62, 63, 89, 90, 99, 110, 111, 112]"
1699,78153865,151.507308613304,-16.21387950847861,5,"[8, 35, 62, 89, 113]"
1700,98077296,115.959871721976,-52.64878741572047,9,"[7, 33, 34, 61, 87, 88, 108, 109, 110]"
1701,98092067,246.510447210833,-2.928805013958966,3,"[91, 115, 116]"
1702,98200662,255.11985674846125,-11.485958399435704,6,"[12, 39, 66, 93, 115, 116]"
1703,39464221,259.2125419465549,57.44906610153466,8,"[25, 26, 52, 53, 79, 80, 117, 118]"
1704,39543054,89.53298538139295,-28.09015775798151,5,"[6, 33, 87, 110, 111]"
1705,39572110,260.1899131214203,57.97620432109754,8,"[25, 26, 52, 53, 79, 80, 117, 118]"
1706,59545062,94.76140044568291,-7.344792251999437,7,"[6, 33, 43, 44, 45, 71, 72]"
1707,59729160,126.1749388366434,-66.27510985819563,7,"[7, 8, 33, 35, 61, 87, 88]"
1708,78187120,171.90353370140943,-57.381340900834,9,"[35, 36, 62, 63, 89, 90, 110, 111, 112]"
1709,78272071,177.6034989380527,-1.3841741860928012,3,"[46, 72, 115]"
1710,98306472,247.67282743723473,-7.124316073353539,5,"[12, 39, 91, 115, 116]"
1711,98427944,187.45238122054715,26.431270147382186,2,"[23, 50]"
1712,98350165,167.2009428471347,20.392952289453167,2,"[22, 49]"
1713,98423184,286.6319681278532,-18.380693359080173,4,"[13, 27, 67, 94]"
1714,39733489,137.34560052283047,33.86210340056497,2,"[21, 48]"
1715,39733806,138.40178537882056,31.777203571440023,2,"[21, 48]"
1716,39836825,229.82685947763812,59.706961225580784,7,"[24, 25, 51, 52, 78, 79, 117]"
1717,39777146,139.3373687111287,31.04881799218937,2,"[21, 48]"
1718,59846132,95.67172951155366,-46.07162518654133,7,"[6, 33, 87, 107, 108, 109, 110]"
1719,59850018,95.37769565649472,-41.96707360934016,4,"[87, 107, 108, 109]"
1720,59882029,74.30903317092267,6.766885525023208,4,"[19, 43, 44, 71]"
1721,78492107,106.27707378571908,-41.73295269590429,7,"[6, 7, 87, 108, 109, 110, 111]"
1722,98663691,187.803044713092,-3.289300610606002,3,"[46, 91, 115]"
1723,98670899,190.39403969787907,-8.15811479339585,7,"[10, 36, 46, 63, 90, 91, 115]"
1724,98672046,358.83505180970536,-25.366555001829376,3,"[3, 29, 107]"
1725,98660068,358.62809314965233,-24.43692350320327,3,"[3, 29, 107]"
1726,98721899,36.499749043757205,-29.28114540884719,4,"[4, 31, 108, 109]"
1727,39953039,335.6598576402532,2.2105957498995013,2,"[42, 92]"
1728,39954008,334.2795990765987,-1.3843446727745101,3,"[42, 92, 116]"
1729,59945298,105.46528484006893,-8.25831771788419,6,"[33, 44, 45, 71, 72, 87]"
1730,39979392,233.20444915008218,57.850744588823126,6,"[24, 25, 51, 52, 78, 117]"
1731,78796132,259.7907156614424,-3.9498289796977892,3,"[91, 115, 116]"
1732,78816109,106.96372230996204,-41.690128616878646,7,"[6, 7, 87, 108, 109, 110, 111]"
1733,78899769,106.96338883062143,-41.589363037759824,7,"[6, 7, 87, 108, 109, 110, 111]"
1734,98797950,189.26782866689754,-2.5559523187805606,3,"[46, 91, 115]"
1735,98878315,112.14606301200358,-40.78569817161311,7,"[7, 33, 87, 108, 109, 110, 111]"
1736,98868653,38.333667373067996,-32.56081189867101,4,"[31, 105, 108, 109]"
1737,99054776,191.72721426830444,-21.143307159799026,5,"[10, 36, 63, 90, 114]"
1738,99009586,110.75560681024591,24.32154971301979,3,"[20, 47, 60]"
1739,99010702,118.2580951755864,20.43933918617632,2,"[20, 47]"
1740,79015105,301.76433236753326,-32.68048496296754,7,"[1, 27, 67, 94, 95, 104, 105]"
1741,78939530,259.88540849168425,1.1988378622553484,3,"[91, 115, 116]"
1742,79153687,303.8961014718619,-30.419974822902066,6,"[1, 27, 67, 94, 95, 105]"
1743,79215518,107.8814152415365,-42.71601944630148,8,"[6, 7, 33, 87, 108, 109, 110, 111]"
1744,79276648,228.90057159976345,6.6846597996793315,3,"[51, 91, 115]"
1745,99100752,114.53095102296491,22.49122474268599,3,"[20, 47, 60]"
1746,99143516,193.64796613027212,-21.182331944013377,6,"[10, 37, 63, 90, 101, 114]"
1747,99172502,116.05715617433631,22.597159394867443,3,"[20, 47, 60]"
1748,99299560,163.3966338579883,31.79324479961257,2,"[22, 49]"
1749,99297800,163.39635276570638,31.671299415499405,2,"[22, 49]"
1750,99302268,165.48883144381088,29.15272603561025,2,"[22, 49]"
1751,99303738,173.13302256343817,31.61009917533184,2,"[22, 49]"
1752,99384278,312.3730666003069,-6.323829434332916,4,"[1, 28, 92, 116]"
1753,99371010,257.06398884334317,2.3265902917455863,3,"[91, 115, 116]"
1754,99415106,313.68852807638893,-4.014545421934907,2,"[92, 116]"
1755,99389357,313.27942746896537,-4.555441477285934,2,"[92, 116]"
1756,79392957,229.78976820726933,7.451133668967487,3,"[51, 91, 115]"
1757,79394646,304.1946292783565,-35.779932455280594,7,"[1, 27, 67, 94, 95, 104, 105]"
1758,79404795,305.22922218283895,-34.29179119695938,8,"[1, 27, 67, 68, 94, 95, 104, 105]"
1759,79430862,108.20100005176884,-41.981785420540156,8,"[6, 7, 33, 87, 108, 109, 110, 111]"
1760,79611815,31.563872885131335,-60.05783954605371,6,"[3, 4, 30, 31, 97, 106]"
1761,79687511,109.56230649902344,-46.33000219035355,8,"[6, 7, 33, 87, 108, 109, 110, 111]"
1762,79698690,143.78398597814643,-64.16667863661992,8,"[8, 9, 34, 35, 61, 62, 88, 89]"
1763,99474177,89.75929934794966,46.16547112196393,5,"[19, 20, 59, 60, 73]"
1764,99500691,90.1046525055704,43.57460396472681,4,"[19, 20, 59, 60]"
1765,99550246,257.3868448542157,0.7720935731246609,2,"[115, 116]"
1766,99665635,257.4993626201109,1.2927332144470267,3,"[91, 115, 116]"
1767,99605164,326.83991924400436,50.84963171674481,8,"[14, 15, 41, 55, 75, 82, 120, 121]"
1768,99736183,108.32396213763856,47.764725119413725,8,"[20, 26, 40, 47, 53, 60, 74, 119]"
1769,99766307,318.7083006894637,-4.139243649153097,2,"[92, 116]"
1770,79881477,290.7191916659313,-21.819021492082197,4,"[13, 27, 67, 105]"
1771,79841001,260.1977245118045,-3.4832814998587205,3,"[91, 115, 116]"
1772,99842694,135.22869620784167,49.57638120591868,5,"[14, 41, 48, 75, 120]"
1773,99820700,319.0014486776438,-4.331488504520858,2,"[92, 116]"
1774,99834970,133.24078024897213,50.830059398765165,7,"[14, 21, 41, 48, 74, 75, 120]"
1775,99867708,132.4832230051619,52.22051716396406,9,"[14, 21, 41, 47, 48, 74, 75, 119, 120]"
1776,99896567,327.4224695579405,51.240010017744694,8,"[14, 15, 41, 55, 75, 82, 120, 121]"
1777,99989598,138.88875300400306,51.54692967238915,7,"[14, 15, 21, 41, 48, 75, 120]"
1778,99954528,135.3226598583361,53.047035076802224,7,"[14, 15, 41, 48, 74, 75, 120]"
1779,100011351,140.08125949677105,51.25427536708711,7,"[14, 15, 21, 41, 48, 75, 120]"
1780,100012575,135.80642650841824,54.52554185640056,8,"[14, 15, 21, 41, 48, 74, 75, 120]"
1781,100101337,356.2650082508631,-52.36570148470229,10,"[2, 3, 29, 30, 69, 96, 103, 104, 105, 106]"
1782,100102390,0.7736775176857528,-48.26665902800206,8,"[2, 3, 29, 30, 69, 97, 105, 106]"
1783,100205079,115.26600532450475,-45.083486964846266,10,"[7, 33, 34, 61, 87, 88, 108, 109, 110, 111]"
1784,117643553,351.1317989935236,-37.38962857791279,7,"[2, 29, 69, 96, 104, 105, 107]"
1785,125047557,289.527514272987,16.121057135528794,2,"[54, 80]"
1786,129887847,38.6656447078358,-55.83034588750709,5,"[31, 97, 105, 106, 107]"
1787,125080827,239.46731124031885,-29.654739869029665,4,"[38, 65, 102, 103]"
1788,125080828,239.47418461431408,-29.658950540966014,4,"[38, 65, 102, 103]"
1789,125097931,260.8486423470932,21.517945340389307,1,[118]
1790,100374998,293.4140209372322,15.096336185053667,2,"[54, 81]"
1791,100492823,292.6343049075157,10.185135345406433,3,"[54, 92, 116]"
1792,100531398,84.50271930023352,-55.03814041965675,9,"[5, 6, 32, 33, 87, 98, 107, 108, 109]"
1793,100606047,298.6945019498663,-29.77709077860177,5,"[27, 67, 94, 104, 105]"
1794,100601011,355.9086267186104,41.27274924027469,4,"[16, 56, 83, 121]"
1795,125238849,340.3995205961933,8.14650256926687,4,"[42, 70, 82, 92]"
1796,125284227,12.431089304295964,29.670463931108607,2,"[57, 84]"
1797,125400344,130.97481104892617,-36.03972929240867,6,"[7, 34, 61, 88, 111, 112]"
1798,125382781,292.2563089697525,0.828534435651924,1,[116]
1799,150002512,71.84702691848581,4.774461974030498,4,"[43, 44, 70, 71]"
1800,100680883,86.27468265471008,-56.21682728632449,9,"[5, 6, 32, 33, 87, 98, 107, 108, 109]"
1801,100627131,353.23623538714276,37.2640307804025,4,"[16, 56, 83, 121]"
1802,100628936,354.01078862721755,38.47553172281891,4,"[16, 56, 83, 121]"
1803,100708841,298.66730126593905,-32.485641827771424,5,"[27, 67, 94, 104, 105]"
1804,100711809,292.9500085131026,10.348183129662647,4,"[54, 81, 92, 116]"
1805,100701385,264.1946285126147,-10.979070146121792,8,"[12, 39, 66, 91, 92, 93, 115, 116]"
1806,125521270,12.41768738014525,35.1291411230495,3,"[17, 57, 84]"
1807,125530326,138.71539842584696,10.713846526056566,5,"[21, 45, 46, 48, 72]"
1808,125520057,12.839711593897782,36.004203367815634,3,"[17, 57, 84]"
1809,150131404,72.24933721049881,1.76378567348065,4,"[43, 44, 70, 71]"
1810,150182413,123.11280400424431,33.45378319219807,2,"[21, 47]"
1811,150151885,128.0169718022051,-50.167693088849184,8,"[7, 8, 34, 61, 88, 108, 109, 111]"
1812,150125205,72.70206502831542,6.348714001354932,5,"[19, 43, 44, 70, 71]"
1813,150227188,128.34236243527178,32.84516026158031,1,[21]
1814,150268783,142.86944522007656,34.89624829488141,1,[21]
1815,150276644,142.9545371681798,34.93538336665149,1,[21]
1816,150254506,272.6183096973302,37.704515354438776,5,"[26, 40, 53, 80, 118]"
1817,100908125,8.703752350369513,-50.31226475105035,7,"[3, 30, 97, 104, 105, 106, 107]"
1818,100918613,9.95440722071938,-49.616390934802894,6,"[3, 30, 97, 104, 106, 107]"
1819,100950426,135.65089530990423,-29.996613853446892,6,"[8, 34, 61, 88, 99, 112]"
1820,101002898,29.21330240640162,-64.10012406545854,5,"[3, 4, 30, 31, 97]"
1821,101003375,31.381830801116585,-62.56305635531533,5,"[3, 4, 30, 31, 97]"
1822,125754991,60.029997125762435,4.229225974327457,5,"[42, 43, 44, 70, 71]"
1823,125747932,324.178595470851,30.452037661699844,2,"[55, 82]"
1824,150322340,114.22192514969532,-83.18134935196333,43,"[1, 2, 3, 4, 5, 6, 7, 8, 9, 10, 11, 12, 13, 28, 29, 30, 31, 32, 33, 34, 35, 36, 38, 39, 61, 62, 63, 64, 65, 66, 67, 68, 69, 87, 88, 89, 90, 93, 94, 95, 96, 97, 98]"
1825,150300388,112.62069444296483,-83.0385094148849,44,"[1, 2, 3, 4, 5, 6, 7, 8, 9, 10, 11, 12, 13, 27, 28, 29, 30, 31, 32, 33, 34, 35, 36, 38, 39, 61, 62, 63, 64, 65, 66, 67, 68, 69, 87, 88, 89, 90, 93, 94, 95, 96, 97, 98]"
1826,150359260,116.0845102178356,-83.16793406122126,43,"[1, 2, 3, 4, 5, 6, 7, 8, 9, 10, 11, 12, 13, 28, 29, 30, 31, 32, 33, 34, 35, 36, 38, 39, 61, 62, 63, 64, 65, 66, 67, 68, 69, 87, 88, 89, 90, 93, 94, 95, 96, 97, 98]"
1827,150394126,127.47327116293451,-84.6672208054521,40,"[1, 2, 3, 5, 6, 7, 8, 9, 10, 11, 12, 13, 27, 28, 29, 30, 31, 32, 33, 35, 36, 37, 38, 39, 61, 62, 63, 64, 66, 67, 69, 87, 88, 89, 90, 93, 94, 96, 97, 98]"
1828,150388753,160.34219176097247,53.71783584346114,8,"[15, 16, 22, 48, 49, 75, 76, 121]"
1829,150388948,161.3975556518425,53.12138939029681,8,"[15, 16, 22, 48, 49, 75, 76, 121]"
1830,150410671,204.25406114009084,26.89479481549968,2,"[23, 50]"
1831,150437899,165.4137929887805,-86.7967993062997,38,"[1, 3, 4, 5, 6, 7, 8, 9, 10, 11, 13, 27, 28, 30, 31, 33, 34, 35, 36, 37, 38, 61, 62, 63, 64, 65, 66, 67, 68, 69, 87, 88, 89, 90, 93, 95, 96, 97]"
1832,150434403,200.77333371752556,57.94443155091729,5,"[16, 23, 24, 50, 77]"
1833,175193677,125.94923073950338,5.063018370841222,4,"[45, 46, 71, 72]"
1834,175146262,91.33056147633333,15.050758278188946,1,[73]
1835,175239776,127.16184261180464,1.3418380990449694,4,"[44, 45, 46, 72]"
1836,175264571,127.40659610675137,1.3454739116947072,4,"[44, 45, 46, 72]"
1837,175264623,127.49195576339685,1.2243477543195567,4,"[44, 45, 46, 72]"
1838,175261925,127.41402536958702,0.964312583530742,3,"[44, 46, 72]"
1839,175261992,127.38992383832598,1.1605052937737013,4,"[44, 45, 46, 72]"
1840,175262127,127.22169467359953,1.5569667906257874,4,"[44, 45, 46, 72]"
1841,175178258,129.38346739637635,-55.99616308903274,8,"[7, 8, 34, 61, 88, 109, 110, 111]"
1842,175286843,331.35398018806984,-30.327979580825996,5,"[2, 28, 68, 96, 106]"
1843,175299655,154.1120806128911,-11.115558025422178,7,"[8, 35, 45, 62, 72, 89, 113]"
1844,101102301,33.090739043831114,-64.54964095754386,3,"[4, 31, 97]"
1845,101145648,102.67904097072055,-50.66559971566245,8,"[6, 7, 33, 87, 107, 108, 109, 110]"
1846,125802421,240.73499154295075,-32.8446299769507,6,"[12, 38, 65, 99, 102, 103]"
1847,125915560,72.5226144680676,1.8062691079995483,4,"[43, 44, 70, 71]"
1848,125958765,260.21673019356956,-23.684218775566467,6,"[12, 39, 66, 93, 103, 104]"
1849,150600340,253.39574751727537,44.805353275590655,4,"[25, 52, 117, 118]"
1850,175378162,189.43514923303928,1.5415976110472205,3,"[46, 91, 115]"
1851,175378869,190.73815475636823,-1.717876902701441,3,"[46, 91, 115]"
1852,175400332,332.5753939730229,-33.036051943230206,8,"[2, 28, 29, 68, 69, 96, 105, 106]"
1853,175478667,212.58881067362114,6.803108532637644,2,"[91, 115]"
1854,175475830,333.16093847029504,-34.17592040779284,8,"[2, 28, 29, 68, 69, 96, 105, 106]"
1855,101261503,55.868382570939374,15.978271024612004,3,"[18, 58, 85]"
1856,101225771,162.61216591947576,-21.898260710928184,6,"[9, 35, 62, 89, 100, 113]"
1857,101300781,55.30426752602197,14.22883194494187,3,"[18, 58, 85]"
1858,101311292,291.4759395141123,-28.993105793157195,6,"[13, 27, 67, 94, 104, 105]"
1859,101249475,162.866486392725,-21.762900178180473,6,"[9, 35, 62, 89, 100, 113]"
1860,101349357,55.22384502735309,12.455236512770973,6,"[18, 42, 43, 44, 58, 85]"
1861,101411043,98.42462754540234,5.825321679826641,5,"[43, 44, 45, 71, 72]"
1862,101395750,159.8696531245216,-32.83552820518793,9,"[8, 9, 35, 62, 89, 99, 100, 112, 113]"
1863,101423036,164.87530820322826,-40.45886027404125,9,"[9, 35, 36, 62, 89, 110, 111, 112, 113]"
1864,125994146,30.762088507872186,24.551301884075357,3,"[17, 57, 84]"
1865,126006658,292.7632058782001,2.70104777128604,2,"[92, 116]"
1866,126047031,226.1860796013753,-19.73190191591814,3,"[38, 65, 102]"
1867,150650653,352.6258216297781,35.63500789635022,1,[83]
1868,150796339,131.36989981720157,-54.18635673773198,9,"[7, 8, 34, 61, 88, 108, 109, 110, 111]"
1869,175605022,132.2780560593238,-58.673275911309496,7,"[7, 8, 34, 35, 88, 109, 110]"
1870,175640074,249.78527319754286,-7.457275049414402,5,"[12, 39, 91, 115, 116]"
1871,101444131,98.71111945369611,1.3002926543006519,5,"[43, 44, 45, 71, 72]"
1872,101496357,167.3731847280126,-43.70425166721228,11,"[9, 35, 36, 62, 63, 89, 99, 110, 111, 112, 113]"
1873,101571163,105.91124705004664,4.397797744426201,4,"[44, 45, 71, 72]"
1874,101588050,292.2328372704147,-31.58364148255921,6,"[13, 27, 67, 94, 104, 105]"
1875,101585382,168.20373683061598,-42.640624714489306,8,"[9, 35, 36, 99, 110, 111, 112, 113]"
1876,126211165,125.126879850144,-48.014109481961626,8,"[7, 34, 61, 88, 108, 109, 110, 111]"
1877,126278130,129.6086465297024,6.86183005822227,5,"[21, 44, 45, 46, 72]"
1878,126319262,129.90902082005456,7.945858293500375,5,"[21, 44, 45, 46, 72]"
1879,126324222,129.83384969833534,10.530026410367402,5,"[21, 44, 45, 46, 72]"
1880,126321615,129.8610175221624,9.00615179443883,5,"[21, 44, 45, 46, 72]"
1881,126336928,328.83830548309334,42.387406872405684,6,"[15, 41, 55, 82, 120, 121]"
1882,126349649,131.0391613711801,7.286004868734782,6,"[21, 44, 45, 46, 48, 72]"
1883,126368710,130.34091974051825,10.676850561960283,5,"[21, 44, 45, 46, 72]"
1884,150861052,12.579515194186095,18.90167817391355,1,[84]
1885,175732679,264.21582272498034,-15.722386813809027,4,"[12, 39, 66, 93]"
1886,175739268,195.20175027165186,2.3588111207373132,3,"[46, 91, 115]"
1887,175746011,249.34955027881426,-3.643754339895064,3,"[91, 115, 116]"
1888,175860856,249.37146133759248,-2.7140964550216875,3,"[91, 115, 116]"
1889,175800228,223.14657956925498,11.972813729502606,2,"[51, 91]"
1890,175838533,223.74880433769604,11.479924957024627,2,"[51, 91]"
1891,101641846,160.84448048113458,29.24398277642153,2,"[22, 49]"
1892,101640521,106.48383756272943,1.7197262543078347,4,"[44, 45, 71, 72]"
1893,101642558,162.20582140307516,27.100856775590817,2,"[22, 49]"
1894,101724127,106.86343797834165,2.3549850021869716,4,"[44, 45, 71, 72]"
1895,101672599,252.94928343559909,60.10633370434101,6,"[25, 26, 52, 53, 117, 118]"
1896,101732968,208.84796977688413,-15.894322759186938,3,"[10, 37, 64]"
1897,126584063,303.90072701014645,-25.78183850422921,6,"[1, 27, 67, 94, 95, 105]"
1898,176017171,337.2666797065393,6.51107237882482,3,"[42, 55, 92]"
1899,176085186,129.29124549154173,-39.13274934830656,8,"[7, 34, 61, 88, 109, 110, 111, 112]"
1900,101882563,294.0911178504229,-31.319237351031635,6,"[13, 27, 67, 94, 104, 105]"
1901,101936170,347.57769727227185,-47.70079490444425,8,"[2, 29, 69, 96, 103, 104, 105, 106]"
1902,101872152,213.94566289173568,-14.184188605022861,3,"[11, 37, 64]"
1903,102014470,313.19684849247415,54.16319630115878,10,"[14, 41, 54, 55, 74, 75, 81, 82, 119, 120]"
1904,101969923,216.31154111891894,-22.284903627956787,4,"[11, 37, 64, 102]"
1905,101994891,259.0000636002844,1.3825950486301148,3,"[91, 115, 116]"
1906,102052517,177.2399129273329,-48.4635842953042,9,"[9, 36, 63, 90, 99, 110, 111, 112, 113]"
1907,102052882,176.99083500771334,-48.25918166271896,9,"[9, 36, 63, 90, 99, 110, 111, 112, 113]"
1908,126702952,305.1587073300092,-24.964021013164054,5,"[1, 27, 67, 95, 105]"
1909,126763848,304.4350735602556,-28.17888794147716,5,"[1, 27, 67, 95, 105]"
1910,126803030,305.35624391805015,-27.53303634159467,5,"[1, 27, 67, 95, 105]"
1911,151236987,91.21534004117096,-9.046390181768869,8,"[6, 33, 43, 44, 45, 71, 72, 87]"
1912,176188045,291.6295953814603,27.169868721603905,3,"[54, 80, 81]"
1913,176285709,357.40127958440763,-9.365670510217297,4,"[29, 42, 70, 92]"
1914,176315992,69.62538387279238,-25.10223655409085,4,"[5, 32, 98, 110]"
1915,176321880,254.72613664155242,22.550120256030258,1,[117]
1916,176313551,69.47674131624397,-25.036757210294624,4,"[5, 32, 98, 110]"
1917,176379354,69.81444050691022,-27.8725894479184,5,"[5, 32, 98, 109, 110]"
1918,102223885,310.96516345866775,50.13515220616512,10,"[14, 41, 54, 55, 74, 75, 81, 82, 119, 120]"
1919,102291873,181.69433231173338,-51.91165174453643,10,"[9, 10, 36, 63, 90, 99, 110, 111, 112, 113]"
1920,126890407,306.54445215834244,-25.787497707925475,5,"[1, 27, 68, 95, 105]"
1921,127092145,230.265497500335,-29.759403406465587,4,"[11, 38, 65, 102]"
1922,151412067,91.7231772459497,-6.872862432215663,6,"[6, 33, 43, 44, 71, 72]"
1923,176521059,86.78619201801287,-27.503116876871143,5,"[6, 33, 98, 110, 111]"
1924,176518865,86.89813953844786,-24.910826708991586,5,"[6, 33, 98, 110, 111]"
1925,176607817,142.16320827612242,-37.12110471470765,8,"[8, 34, 35, 61, 88, 99, 109, 111]"
1926,102469293,183.3398366827598,-52.572382872812845,10,"[9, 10, 36, 63, 90, 99, 110, 111, 112, 113]"
1927,127199595,229.6207629241128,-28.042943116976872,4,"[11, 38, 65, 102]"
1928,127232950,85.23529866761785,-6.965797219610104,7,"[6, 43, 44, 45, 71, 72, 98]"
1929,151654299,278.38306138343245,-2.5036807322710706,2,"[92, 116]"
1930,176648937,15.674364996801183,41.96780994113639,4,"[16, 17, 57, 84]"
1931,176654531,151.73737490381538,-33.83913542087405,7,"[8, 35, 62, 89, 99, 112, 113]"
1932,176640151,14.81236499048887,41.12443215929631,3,"[16, 57, 84]"
1933,176659584,151.25438865368227,-32.270380612584,6,"[8, 35, 62, 89, 112, 113]"
1934,176759633,87.91345399431549,-25.711095346150557,6,"[6, 33, 87, 98, 110, 111]"
1935,176780031,30.749043178380013,-51.1539857572949,7,"[4, 30, 31, 97, 105, 106, 107]"
1936,176791985,18.171190060814062,43.51963679811793,1,[17]
1937,176841012,34.79657466812992,-46.730982456401584,6,"[4, 31, 97, 105, 106, 108]"
1938,176848605,152.79124161114188,-32.01272908007555,7,"[8, 35, 62, 89, 99, 112, 113]"
1939,176832633,31.952009342574826,-51.22377954439409,6,"[4, 30, 31, 97, 106, 107]"
1940,102717680,75.74306501039351,46.290220709933536,5,"[19, 26, 59, 73, 86]"
1941,102718782,76.14550831100678,47.4245651736186,6,"[19, 25, 26, 52, 73, 86]"
1942,127370064,9.048720875093073,38.33446736415803,4,"[16, 57, 83, 84]"
1943,127442482,229.88853953406942,-27.452679616585225,4,"[11, 38, 65, 102]"
1944,127499234,125.59919364984319,-44.7295296584603,8,"[7, 34, 61, 88, 108, 109, 110, 111]"
1945,151897383,260.93819640877155,-12.654927664806284,5,"[12, 39, 66, 93, 115]"
1946,151962684,189.9042067957804,-41.24528178175589,10,"[10, 37, 63, 90, 99, 100, 111, 112, 113, 114]"
1947,152025698,188.13840296634547,-38.55219981020144,9,"[10, 36, 63, 90, 99, 111, 112, 113, 114]"
1948,151955216,282.56023085264314,-8.017288408223152,5,"[13, 67, 92, 94, 116]"
1949,151956235,188.68786104814387,-39.818527398399276,10,"[10, 36, 63, 90, 99, 100, 111, 112, 113, 114]"
1950,176852905,33.213423710928794,-50.827966815190344,6,"[4, 31, 97, 105, 106, 107]"
1951,152056666,190.3837381810342,-41.45765292045774,9,"[37, 63, 90, 99, 100, 111, 112, 113, 114]"
1952,152057161,190.7785754458902,-41.914967129449884,10,"[36, 37, 63, 90, 99, 100, 111, 112, 113, 114]"
1953,176867792,185.49308302163752,-6.092427342542211,4,"[36, 46, 91, 115]"
1954,176935619,202.16799839604596,-85.70109003779294,39,"[1, 2, 3, 4, 5, 6, 7, 8, 9, 11, 12, 13, 28, 29, 30, 31, 32, 33, 34, 35, 36, 38, 39, 61, 62, 63, 64, 65, 66, 67, 68, 69, 87, 88, 89, 93, 94, 96, 98]"
1955,176945734,17.29498366896709,41.71773589361727,2,"[57, 84]"
1956,176973532,17.966001073990025,41.90129430036742,2,"[57, 84]"
1957,176951539,18.804663306477376,43.24260338172411,1,[17]
1958,177005507,276.6934359903739,7.905966148269091,5,"[80, 91, 92, 116, 118]"
1959,177060316,17.7656151467809,40.80632304734659,3,"[17, 57, 84]"
1960,102995616,311.5405504884087,50.23344424703865,10,"[14, 41, 54, 55, 74, 75, 81, 82, 119, 120]"
1961,152087791,352.403418901833,-18.62112703454507,4,"[2, 29, 69, 107]"
1962,152308886,10.404412297532664,-44.23863286729644,7,"[3, 30, 97, 104, 105, 106, 107]"
1963,177152440,291.36633721517177,24.039409232584614,2,"[54, 80]"
1964,177305415,287.46286783218034,24.299699802827934,2,"[54, 80]"
1965,103181404,182.521475489662,-49.99134413769472,10,"[9, 10, 36, 63, 90, 99, 110, 111, 112, 113]"
1966,103194210,77.87643366783091,51.29451615952943,8,"[25, 26, 52, 53, 59, 73, 79, 86]"
1967,103231393,314.0061353205732,54.49009457878469,9,"[14, 54, 55, 74, 75, 81, 82, 119, 120]"
1968,103175512,78.46250416341366,52.86222959886538,8,"[25, 26, 52, 53, 59, 73, 79, 86]"
1969,103186949,184.56514586677724,-51.64784045143366,9,"[9, 10, 36, 90, 99, 110, 111, 112, 113]"
1970,127847922,292.7866687423082,-1.9414632215760361,2,"[92, 116]"
1971,152363888,188.3831332459528,-36.228782710278075,9,"[10, 36, 63, 90, 99, 100, 111, 113, 114]"
1972,152332064,260.6374548981616,-7.2615209094918445,5,"[12, 39, 91, 115, 116]"
1973,152473055,40.64332688950342,-64.60415000656536,4,"[4, 5, 30, 31]"
1974,152478727,40.435334152406405,-65.76004779479815,4,"[3, 5, 30, 97]"
1975,152449405,260.8458050393211,-9.564162743011721,7,"[12, 39, 66, 91, 93, 115, 116]"
1976,103412393,181.61680781524998,-48.31081935543114,10,"[9, 10, 36, 63, 90, 99, 100, 110, 111, 113]"
1977,103310092,80.2967566711782,53.4982196597294,9,"[19, 25, 26, 52, 53, 59, 73, 79, 86]"
1978,103359967,312.2793802915272,50.966761246272185,10,"[14, 41, 54, 55, 74, 75, 81, 82, 119, 120]"
1979,128057356,126.4443195929004,-44.519260959693234,8,"[7, 34, 61, 88, 108, 109, 110, 111]"
1980,152571918,44.37041273058669,-65.10189724388022,5,"[4, 5, 31, 32, 97]"
1981,152738837,184.3607378228515,-9.503908056086868,6,"[36, 46, 63, 90, 91, 115]"
1982,152624787,298.32537225757574,-15.053208421269625,4,"[27, 67, 94, 105]"
1983,152746198,299.8159641437345,-11.832722572828885,5,"[27, 67, 94, 105, 116]"
1984,152796589,299.6768413718381,-12.71231173568657,5,"[27, 67, 94, 105, 116]"
1985,152812783,248.81324248942389,13.06375417907185,1,[117]
1986,177672630,287.8398327308622,25.781470638223787,2,"[54, 80]"
1987,103566595,80.12089706475012,49.82967803741112,9,"[19, 25, 26, 52, 53, 59, 73, 79, 86]"
1988,103690782,120.12424439494744,54.30639237247742,10,"[14, 20, 21, 40, 41, 47, 60, 74, 119, 120]"
1989,103697179,205.63276418816784,-23.39318985523897,4,"[10, 64, 101, 102]"
1990,103697955,204.88946741605713,-22.154341279521685,4,"[10, 37, 64, 101]"
1991,103692670,122.84511540804299,52.631815746722104,9,"[14, 20, 21, 40, 41, 47, 74, 119, 120]"
1992,128495519,359.87863117596976,44.041936542659194,3,"[16, 56, 83]"
1993,152854208,186.92740821491185,-9.928973751560074,7,"[10, 36, 46, 63, 90, 91, 115]"
1994,152958777,248.84710706934894,15.409250560827218,1,[117]
1995,152951842,129.9190568554388,-44.74154336252559,6,"[7, 8, 34, 61, 109, 111]"
1996,153027837,23.23381317199709,-59.919544228022076,7,"[3, 4, 30, 31, 97, 105, 106]"
1997,177754717,107.99263617621477,-23.437452570919657,4,"[7, 33, 87, 111]"
1998,177793615,109.71829069249308,-28.30071554007992,4,"[7, 33, 87, 111]"
1999,103754466,126.46506828442419,51.24939085735548,9,"[14, 21, 41, 47, 48, 74, 75, 119, 120]"
2000,103916576,207.3062274473217,-24.413251269761545,5,"[10, 37, 64, 101, 102]"
2001,128692749,0.2243896173398931,42.91638584907676,3,"[16, 56, 83]"
2002,128703021,232.66961968364515,-29.43834686526206,4,"[11, 38, 65, 102]"
2003,153072777,249.69975864348683,12.479959018784246,2,"[91, 117]"
2004,128709723,292.29474071482264,-24.92467222186086,6,"[13, 27, 67, 94, 104, 105]"
2005,153079294,240.7700968946189,-22.200966481085167,4,"[12, 38, 65, 103]"
2006,153103291,249.29112532937432,15.932102830186228,1,[117]
2007,178000713,115.41487883703029,-23.449206318378334,4,"[7, 34, 111, 112]"
2008,178107694,57.783319801345826,20.001455882692927,3,"[18, 58, 85]"
2009,178048167,57.540926951374395,20.303601108654675,3,"[18, 58, 85]"
2010,178155732,27.955063672864917,-44.660576908280184,9,"[3, 4, 30, 31, 97, 105, 106, 107, 108]"
2011,178103825,57.45390257186112,19.46909057150186,1,[18]
2012,104180604,269.7545958476769,18.390472465719977,2,"[80, 118]"
2013,128791834,292.8714707073016,-24.043024117234065,4,"[13, 27, 94, 105]"
2014,128794153,292.42658148553863,-26.29425180645241,5,"[13, 27, 94, 104, 105]"
2015,153284116,93.00329060078626,-15.629821746018244,3,"[33, 87, 111]"
2016,153289168,93.10854093843678,-16.624865914199596,3,"[33, 87, 111]"
2017,178274673,52.66948851225781,-38.87860496687773,7,"[4, 5, 31, 106, 107, 108, 109]"
2018,178362210,186.70806916551646,-43.896247756020706,10,"[9, 10, 36, 63, 99, 100, 111, 112, 113, 114]"
2019,104394597,269.11331813290883,0.9760753111558776,4,"[91, 92, 115, 116]"
2020,153498031,93.32436063962338,-12.775274281260291,3,"[6, 33, 87]"
2021,153600301,131.41255865756716,-46.054419690033875,7,"[7, 8, 34, 88, 109, 110, 111]"
2022,178479222,127.25520754562359,-22.361849032687406,5,"[7, 61, 88, 99, 112]"
2023,178449163,187.3186646526761,-43.83961096774756,10,"[9, 10, 36, 63, 99, 100, 111, 112, 113, 114]"
2024,178549284,127.48001928340506,-22.45200054165094,5,"[7, 61, 88, 99, 112]"
2025,178645961,128.63594131884082,-24.510026952292304,6,"[7, 34, 61, 88, 99, 112]"
2026,104642645,265.0661928304498,-8.787952055839266,6,"[12, 39, 92, 93, 115, 116]"
2027,104572330,270.12500447269235,19.748757852010403,2,"[80, 118]"
2028,104711664,269.0265572866482,4.633599771210366,4,"[91, 92, 115, 116]"
2029,129384168,267.8440124723446,-3.640589133093324,4,"[91, 92, 115, 116]"
2030,129463749,296.90436679698706,-22.36567858843853,4,"[27, 67, 94, 105]"
2031,129479892,295.6608847832727,-27.19716047541003,4,"[67, 94, 104, 105]"
2032,129462560,296.7659345502064,-22.580356724527384,4,"[27, 67, 94, 105]"
2033,129489432,2.6214120848635982,39.932257387045226,3,"[16, 56, 83]"
2034,153723183,45.804738740790626,-66.45024229811916,6,"[4, 5, 31, 32, 97, 98]"
2035,153725546,48.510299862285486,-64.22892702221719,4,"[4, 5, 31, 98]"
2036,153797277,46.619074786557576,-66.92349698230441,6,"[4, 5, 31, 32, 97, 98]"
2037,178650755,127.63592975995955,-19.885920784193093,5,"[7, 34, 61, 88, 112]"
2038,178709675,192.5888585030161,-47.95130404154016,11,"[10, 36, 37, 63, 90, 99, 100, 111, 112, 113, 114]"
2039,178826090,152.83281142268203,-12.28441450582048,6,"[8, 35, 62, 72, 89, 113]"
2040,178819013,209.6394089402057,-29.92379664236663,7,"[10, 37, 64, 101, 102, 114]"
2041,178866096,211.32500637441922,-31.966118559915536,6,"[10, 37, 64, 101, 102, 114]"
2042,178859846,208.45202670889284,-27.492125498325407,5,"[10, 37, 64, 101, 102]"
2043,178823687,209.9092917603356,-30.01829023161952,6,"[10, 37, 64, 101, 102, 114]"
2044,104849956,72.30675843721747,31.74671951823301,2,"[19, 59]"
2045,129538376,5.7464135958560245,43.499713257598664,5,"[16, 56, 57, 83, 84]"
2046,129549285,233.2635789469207,-27.418634126205593,5,"[11, 38, 65, 102, 103]"
2047,129543945,296.5347921853623,-25.29885436408293,4,"[27, 67, 94, 105]"
2048,129574092,8.263010120646051,24.529172652091358,2,"[57, 84]"
2049,129579498,297.7926699114295,-21.986312684237088,4,"[27, 67, 94, 105]"
2050,129560048,234.35478261181888,-29.8090118470978,5,"[11, 38, 65, 102, 103]"
2051,129636999,310.45812697091526,-23.48444384860203,6,"[1, 28, 68, 95, 105, 106]"
2052,129632742,10.081114199969964,27.278407746643683,2,"[57, 84]"
2053,129685810,46.22651113570024,24.87338002848477,2,"[18, 58]"
2054,153891265,104.55517031390306,55.603776363856014,9,"[20, 26, 40, 47, 53, 60, 73, 74, 119]"
2055,153860833,106.25444778476232,53.499280222523346,8,"[26, 40, 47, 53, 60, 73, 74, 119]"
2056,153882140,6.743192127841902,48.65398364789864,6,"[56, 57, 76, 77, 83, 84]"
2057,178918886,202.17601083752692,-3.0698362838194,3,"[46, 91, 115]"
2058,178920597,201.22747028196974,-0.4867888614066688,2,"[46, 91]"
2059,178924969,201.84371791275058,-2.193040182850163,3,"[46, 91, 115]"
2060,178939513,60.139774893406575,-49.68564427931744,7,"[5, 31, 32, 98, 106, 108, 109]"
2061,178938057,60.8079606915773,-46.82346884615362,5,"[5, 32, 98, 107, 109]"
2062,178953046,61.449390817179356,-48.44163172960985,7,"[5, 32, 98, 106, 107, 108, 109]"
2063,178947400,61.80646582292475,-45.92143002788589,6,"[5, 32, 98, 107, 108, 109]"
2064,178956981,201.38024449194864,2.3032698899641635,3,"[46, 91, 115]"
2065,105070246,270.654706639559,20.280706450927493,2,"[80, 118]"
2066,105083750,269.15061979216955,1.480361329404085,4,"[91, 92, 115, 116]"
2067,105116346,270.72174735217754,18.07937649311167,1,[80]
2068,129781038,16.344461179791907,-47.995069953784004,7,"[3, 30, 97, 104, 105, 106, 107]"
2069,129865530,47.49653845509591,25.628041054214552,3,"[18, 58, 85]"
2070,129836071,35.713412857375346,-57.37178840074263,6,"[4, 30, 31, 97, 106, 107]"
2071,154048450,261.2241844442822,-8.23207253713967,7,"[12, 39, 66, 91, 93, 115, 116]"
2072,154091615,152.9481698903234,66.71595086424934,12,"[14, 15, 16, 21, 22, 41, 48, 49, 75, 76, 120, 121]"
2073,154095382,6.077714656972233,47.16778632354111,5,"[16, 56, 57, 83, 84]"
2074,179069247,303.947371313481,13.250428192404339,2,"[54, 81]"
2075,179194782,224.05624844069018,-27.307380333286385,2,"[11, 38]"
2076,179103440,221.35712606588504,-22.221997810595283,4,"[11, 38, 64, 102]"
2077,179197984,169.30490867515925,-29.196067017521496,8,"[9, 36, 62, 89, 99, 100, 113, 114]"
2078,179282596,353.3961009410688,-39.84202570506145,8,"[2, 29, 69, 96, 104, 105, 106, 107]"
2079,105183074,265.293213131702,-11.003807554809079,5,"[12, 39, 92, 115, 116]"
2080,105440452,129.68058851981155,30.56935557628336,2,"[21, 48]"
2081,129992389,47.55845669754185,22.878113450392416,3,"[18, 58, 85]"
2082,129948345,233.46552289392858,-25.189821862075668,5,"[11, 38, 65, 102, 103]"
2083,130058911,47.19114359526393,21.393503158894998,3,"[18, 58, 85]"
2084,130160780,114.73653558009313,3.366045490142601,5,"[44, 45, 46, 71, 72]"
2085,154225293,175.06583177452927,58.45014251078939,6,"[15, 16, 22, 23, 49, 76]"
2086,154271808,194.3298915848476,55.440514418457965,4,"[16, 23, 50, 77]"
2087,154234114,133.42402467928113,-48.16949602202189,7,"[7, 8, 34, 61, 88, 110, 111]"
2088,154343870,96.58024260739366,52.15325858293954,10,"[19, 20, 26, 40, 47, 53, 60, 73, 74, 119]"
2089,154359160,177.08772862326558,61.31207453245261,9,"[15, 16, 22, 23, 49, 50, 76, 77, 121]"
2090,154359523,175.96229158002464,62.02288013614414,9,"[15, 16, 22, 23, 49, 50, 76, 77, 121]"
2091,154437999,98.96992435903117,60.13149239770528,12,"[19, 20, 26, 40, 47, 53, 59, 60, 73, 74, 79, 119]"
2092,179348425,243.1144523216767,-17.519178907798555,2,"[65, 103]"
2093,179486821,223.05694038261052,-52.795502349268276,11,"[11, 37, 38, 64, 65, 99, 100, 101, 112, 113, 114]"
2094,105508476,137.32334058635263,28.03886589359397,2,"[21, 48]"
2095,105554560,271.30587667874534,3.67875764562142,3,"[91, 92, 116]"
2096,105617796,181.8489992279328,39.63932051262232,3,"[23, 49, 76]"
2097,105681291,196.47552290702677,41.847783060415345,1,[77]
2098,105642278,194.58230204223142,37.55448774131073,3,"[23, 50, 77]"
2099,105705741,176.5248553503901,-43.98413001555273,9,"[9, 36, 63, 90, 99, 100, 111, 112, 113]"
2100,130181474,114.19250139405436,7.039129576613467,6,"[20, 44, 45, 46, 47, 72]"
2101,130181866,114.34078475713818,6.21661671843353,6,"[20, 44, 45, 46, 47, 72]"
2102,130204157,115.09983789309032,3.1005892769802816,5,"[44, 45, 46, 71, 72]"
2103,130375747,117.79728845426095,-68.1400537263584,8,"[6, 7, 8, 33, 34, 61, 87, 88]"
2104,154481904,9.180305253331772,48.16722586287792,8,"[16, 17, 56, 57, 76, 77, 83, 84]"
2105,154475006,124.94488494874423,63.53963826229759,12,"[14, 20, 21, 40, 41, 47, 48, 60, 74, 75, 119, 120]"
2106,130380820,282.74752282599474,31.580209735640544,1,[80]
2107,154561824,131.2970701650026,63.17608763221229,12,"[14, 15, 20, 21, 40, 41, 47, 48, 74, 75, 119, 120]"
2108,179673391,225.33826075891324,-25.78414788141273,4,"[11, 38, 65, 102]"
2109,179712650,223.83399604669623,-21.799488548010928,3,"[11, 38, 102]"
2110,105805348,177.47348318682424,-44.04715163171235,9,"[9, 36, 63, 90, 99, 100, 111, 112, 113]"
2111,105999792,312.6023132833422,48.864267287002185,6,"[54, 55, 74, 75, 81, 82]"
2112,106012577,313.43928069094,50.10490632527489,9,"[14, 41, 54, 55, 74, 75, 81, 82, 120]"
2113,130416157,117.86910386729653,-67.79204965722788,8,"[6, 7, 8, 33, 34, 61, 87, 88]"
2114,130430168,240.01678764637398,-28.7756164670453,4,"[38, 65, 102, 103]"
2115,130430186,239.95566377903359,-28.822768998566687,4,"[38, 65, 102, 103]"
2116,130572924,117.85630739725207,-65.34472392140984,8,"[6, 7, 8, 33, 34, 61, 87, 88]"
2117,130587035,188.2141792470868,-1.475503248668163,3,"[46, 91, 115]"
2118,130645531,118.70905512471428,-65.46234349075146,8,"[6, 7, 8, 33, 34, 61, 87, 88]"
2119,130645536,118.69563992304916,-65.46039422198457,8,"[6, 7, 8, 33, 34, 61, 87, 88]"
2120,130630794,288.74976862467,6.216903817278884,3,"[54, 92, 116]"
2121,130637818,188.05976627945154,1.5521244751836558,3,"[46, 91, 115]"
2122,154717941,101.99043293443599,64.03519704674358,11,"[14, 20, 26, 40, 47, 53, 59, 73, 74, 79, 119]"
2123,154699543,256.03297506320257,37.44012457660329,6,"[25, 26, 52, 79, 117, 118]"
2124,154778978,242.0313503009077,-25.149599242288918,5,"[12, 38, 65, 102, 103]"
2125,154789910,100.66531172922055,65.75171191130897,11,"[14, 19, 26, 40, 53, 60, 73, 74, 79, 86, 119]"
2126,154813066,101.00974523818829,66.25657930057412,14,"[14, 19, 20, 26, 40, 47, 53, 59, 60, 73, 74, 79, 86, 119]"
2127,154841643,98.96543722594585,66.56773904860287,15,"[14, 19, 20, 26, 40, 47, 52, 53, 59, 60, 73, 74, 79, 86, 119]"
2128,154841835,95.78374455991278,66.6079614709878,14,"[19, 20, 25, 26, 40, 47, 52, 53, 60, 73, 74, 79, 86, 119]"
2129,154842794,332.7282344898867,-26.307393564240073,5,"[2, 28, 69, 96, 106]"
2130,154868221,100.77635932328546,66.84170387267704,14,"[14, 19, 20, 26, 40, 47, 52, 53, 59, 60, 74, 79, 86, 119]"
2131,154905855,103.19924111247144,67.72211692697559,15,"[14, 19, 20, 21, 26, 40, 41, 47, 53, 59, 73, 74, 79, 86, 119]"
2132,179905128,225.1141704111762,-21.757159437034225,4,"[11, 38, 65, 102]"
2133,179958960,225.6816463027744,-22.502113868254305,2,"[38, 65]"
2134,106173687,265.5846551325856,-11.125412581986852,7,"[12, 39, 66, 91, 92, 115, 116]"
2135,106258690,178.07477526839577,-42.26497788186478,10,"[9, 36, 63, 90, 99, 100, 110, 111, 112, 113]"
2136,106311810,178.33073103061773,-42.126044988154135,8,"[63, 90, 99, 100, 110, 111, 112, 113]"
2137,106360806,280.0583874682107,28.064722728797626,2,"[80, 118]"
2138,130722760,200.1213975221198,-27.279348783661284,5,"[10, 37, 64, 101, 114]"
2139,130875665,132.26795331555786,-57.71824460865644,7,"[7, 8, 34, 35, 88, 109, 110]"
2140,130869600,201.07716479807735,-26.528410846008136,5,"[10, 37, 64, 101, 114]"
2141,154927782,100.21451540144204,68.20055552989659,14,"[14, 19, 20, 26, 40, 47, 53, 59, 60, 73, 74, 79, 86, 119]"
2142,155010776,141.91722897901366,-1.6337559910678756,3,"[45, 46, 72]"
2143,155012536,141.5668405523341,0.0691510351768901,3,"[45, 46, 72]"
2144,180205383,184.86155507422,-12.903845644964226,4,"[36, 63, 90, 114]"
2145,180205814,184.1729198023109,-11.400491181351658,7,"[9, 36, 63, 90, 91, 114, 115]"
2146,180240197,289.57159873411547,28.347459432473585,2,"[54, 80]"
2147,180172954,221.83529481958738,-51.25617651463787,11,"[11, 37, 38, 64, 65, 99, 100, 101, 112, 113, 114]"
2148,180173870,221.73654879927378,-51.17634921547819,11,"[11, 37, 38, 64, 65, 99, 100, 101, 112, 113, 114]"
2149,131001807,202.98133710638862,-28.312783278861872,5,"[10, 37, 64, 101, 114]"
2150,130979616,201.31050639611846,-25.935261272584373,5,"[10, 37, 64, 101, 114]"
2151,155207713,135.30495879273974,20.027647802934798,1,[48]
2152,155230105,135.3717477475905,20.14984514556159,2,"[21, 48]"
2153,155232953,120.92055068331278,6.5475101814368974,6,"[44, 45, 46, 47, 71, 72]"
2154,155258663,15.216481308052593,31.921649824781415,3,"[17, 57, 84]"
2155,155315739,332.71281306904825,-27.51936163759556,5,"[2, 28, 69, 96, 106]"
2156,155316194,335.64558153922127,-22.361151518357516,5,"[2, 29, 69, 96, 106]"
2157,155251038,170.30680625178542,38.62594839978305,3,"[22, 49, 76]"
2158,180332342,228.77730374243748,17.00251176037709,1,[51]
2159,155401087,72.02526589694608,14.962005610540317,3,"[19, 59, 86]"
2160,180353704,229.3472570693723,16.90940163760954,1,[51]
2161,180497060,148.65769166044532,-55.78686164414424,9,"[8, 35, 61, 62, 88, 89, 109, 110, 111]"
2162,180499294,149.54028277604507,-56.54537491198797,9,"[8, 35, 61, 62, 88, 89, 109, 110, 111]"
2163,106760549,181.36541697118886,-42.77957531441616,8,"[9, 36, 63, 90, 99, 100, 111, 112]"
2164,106741806,117.49379779473425,-48.23529125431447,10,"[7, 33, 34, 61, 87, 88, 108, 109, 110, 111]"
2165,106802788,180.16470184266274,-40.83810679176758,9,"[9, 36, 63, 90, 99, 100, 111, 112, 113]"
2166,106900981,183.69425571040946,-44.57080451928392,9,"[9, 10, 36, 90, 99, 100, 111, 112, 113]"
2167,131431998,214.15610946800732,-20.68670612041854,4,"[11, 37, 64, 102]"
2168,155581098,161.39740802444032,26.893457275225693,2,"[22, 49]"
2169,155559947,143.87992684773252,28.88301805274724,2,"[21, 48]"
2170,180568795,177.57597573058567,41.668137143332515,3,"[22, 23, 76]"
2171,180627122,177.14641077236632,44.22996611509604,4,"[22, 23, 49, 76]"
2172,180670084,180.54934554322395,42.22082701093729,3,"[23, 49, 76]"
2173,180581211,147.86028540301658,-54.3242904385423,10,"[8, 35, 61, 62, 88, 89, 109, 110, 111]"
2174,180664865,149.44251724275213,-55.765097410879086,9,"[8, 35, 61, 62, 88, 89, 109, 110, 111]"
2175,180608094,178.4086233112674,41.77570500832376,3,"[22, 23, 76]"
2176,180768897,274.096010995142,58.57361854529735,6,"[26, 40, 79, 80, 118, 119]"
2177,180762527,273.394012263157,53.36366697795714,7,"[26, 40, 53, 79, 80, 118, 119]"
2178,155706668,322.69569233658507,-0.9445429640527129,1,[92]
2179,155706950,322.97268937572755,-0.2019698278208824,1,[92]
2180,155772218,323.30748187289754,-1.0600079418711743,1,[92]
2181,155782207,324.2668207530087,0.6871150000674064,1,[116]
2182,180929040,147.44321489444982,-52.39968870370191,10,"[8, 35, 61, 62, 88, 89, 109, 110, 111, 112]"
2183,180871884,354.82053400436945,-42.813443198346434,5,"[2, 3, 29, 96, 104]"
2184,180946244,88.55109910342605,-67.44407298293281,6,"[5, 6, 7, 32, 33, 98]"
2185,180982797,150.44015485731427,-55.61139259803716,9,"[8, 35, 61, 62, 88, 89, 109, 110, 111]"
2186,181020271,190.4271674007879,-35.44486614499513,9,"[10, 36, 63, 90, 100, 101, 111, 113, 114]"
2187,180999411,355.2990105845927,-42.72225691146832,8,"[2, 3, 29, 96, 104, 105, 106, 107]"
2188,107289258,215.89541811664586,-23.100131370719716,4,"[11, 37, 64, 102]"
2189,107262570,119.45426586725826,-50.60646613589266,8,"[34, 61, 87, 88, 108, 109, 110, 111]"
2190,107381933,280.1771660069524,24.062809891830508,2,"[80, 118]"
2191,131721747,293.6136208420596,33.35136267772583,2,"[54, 81]"
2192,107505111,220.85748873893107,-16.44722217944614,4,"[11, 38, 64, 102]"
2193,155856272,155.76351863337092,57.828101409215506,9,"[15, 21, 22, 41, 48, 49, 75, 76, 121]"
2194,155950028,338.423649977336,-47.76875832091917,7,"[2, 29, 69, 96, 104, 105, 106]"
2195,155970575,212.90039468600028,60.553858043993614,6,"[23, 24, 50, 51, 77, 78]"
2196,155948315,206.07908812801446,61.1007995011169,7,"[16, 23, 24, 50, 51, 77, 78]"
2197,155996406,341.62174403161293,-46.5662040150925,7,"[2, 29, 69, 96, 104, 105, 106]"
2198,155997423,211.74222696748703,62.43196738143751,6,"[23, 24, 50, 51, 77, 78]"
2199,156048663,74.19092058120968,18.438265796652505,3,"[19, 59, 86]"
2200,156016477,343.13012535060733,-46.3122038914002,5,"[29, 69, 96, 104, 105]"
2201,156016697,342.36983404069025,-47.329443775956896,6,"[2, 29, 69, 96, 103, 104]"
2202,156067565,211.83312609637,63.85920925947514,6,"[23, 24, 50, 51, 77, 78]"
2203,156008580,243.00911399953876,-27.470755814614407,5,"[12, 38, 65, 102, 103]"
2204,181152530,191.86803276782402,-35.96941987283645,10,"[10, 36, 37, 63, 90, 100, 101, 111, 113, 114]"
2205,181158879,192.99016438290047,-37.43930864552821,11,"[10, 36, 37, 63, 90, 99, 100, 101, 111, 113, 114]"
2206,181151732,191.18305689867555,-35.0027728624879,10,"[10, 36, 37, 63, 90, 100, 101, 111, 113, 114]"
2207,181273463,150.2527926877305,-54.11820704205675,10,"[8, 35, 61, 62, 88, 89, 109, 110, 111, 112]"
2208,132241321,240.3103694901952,-28.544346555564662,5,"[12, 38, 65, 102, 103]"
2209,156081769,217.5584749542724,60.26772973390185,5,"[24, 50, 51, 77, 78]"
2210,156083207,343.6496906523774,-48.25759827282756,7,"[29, 69, 96, 103, 104, 105, 106]"
2211,156084350,339.6967904994556,-51.76666160275523,7,"[2, 29, 69, 96, 103, 104, 105]"
2212,156085530,111.71098150335469,62.1267600299406,13,"[14, 20, 21, 26, 40, 41, 47, 53, 60, 73, 74, 119, 120]"
2213,156157340,74.15324355566268,15.909017356782583,3,"[19, 59, 86]"
2214,156168580,110.45237983053622,64.02433564559848,12,"[14, 20, 26, 40, 41, 47, 53, 60, 73, 74, 119, 120]"
2215,156200902,114.18913150123421,65.32719847950915,14,"[14, 20, 21, 26, 40, 41, 47, 48, 53, 60, 74, 75, 119, 120]"
2216,156210840,74.36603846934409,16.02885109991433,3,"[19, 59, 86]"
2217,156378166,162.28301132667735,30.709777614165436,2,"[22, 49]"
2218,156372021,150.1899598051124,34.25356215066452,2,"[22, 48]"
2219,181477457,289.9129871327414,26.406986742777647,2,"[54, 80]"
2220,181584365,253.7257410025543,10.729036887464646,4,"[91, 115, 116, 117]"
2221,132480701,180.11031741127078,-56.87129021123304,10,"[9, 10, 36, 62, 63, 89, 90, 99, 111, 112]"
2222,156427870,87.03683714893022,-15.858521699658256,2,"[6, 98]"
2223,156513671,179.3080576812751,29.977066796197136,2,"[23, 49]"
2224,156576373,90.84952293011301,-11.755707670043316,5,"[6, 33, 71, 72, 87]"
2225,156638998,194.48144633366184,-2.085107329916617,3,"[46, 91, 115]"
2226,181741837,153.858960097618,-56.268898033492015,8,"[8, 9, 61, 62, 89, 109, 110, 111]"
2227,181862539,194.59420484959242,-7.885969942710425,7,"[10, 37, 46, 63, 90, 91, 115]"
2228,181862541,194.59558376362563,-7.886472957897924,7,"[10, 37, 46, 63, 90, 91, 115]"
2229,181915184,195.24802870676618,-7.747222398505226,6,"[10, 37, 46, 90, 91, 115]"
2230,108240432,269.9486941122969,-0.37706247817206007,4,"[91, 92, 115, 116]"
2231,132606801,268.5644246773313,-3.8513372459824136,4,"[91, 92, 115, 116]"
2232,156646494,203.21540563188503,37.07312766967386,3,"[23, 50, 77]"
2233,156712422,110.35696400227222,-58.759527345590875,9,"[6, 7, 33, 34, 61, 87, 88, 108, 109]"
2234,156815870,129.84784323586877,23.554335578997616,2,"[21, 48]"
2235,156817668,130.0749844112729,23.53877600926208,2,"[21, 48]"
2236,156895271,276.7714657623835,35.336303935960885,2,"[80, 118]"
2237,156890613,104.05017428423498,24.720641393190387,2,"[20, 47]"
2238,181950783,216.54379170633086,9.99355632695579,3,"[51, 91, 115]"
2239,181952974,216.60635088115282,10.206570543001137,3,"[51, 91, 115]"
2240,181953504,217.287473679636,8.59979265568486,2,"[51, 115]"
2241,182220794,140.11841270352133,-55.73234461291183,11,"[7, 8, 34, 35, 61, 62, 88, 89, 109, 110, 111]"
2242,182229269,278.9682866823968,-19.485123877379362,1,[13]
2243,157055810,225.91130576533794,35.154533888474255,1,[51]
2244,157016177,172.06794692054737,20.0328082232288,2,"[22, 49]"
2245,157032175,277.15934919281,37.99439549973899,5,"[26, 40, 53, 80, 118]"
2246,157138079,191.91260268947366,-34.08286968750619,9,"[10, 36, 37, 63, 90, 100, 101, 113, 114]"
2247,157112917,235.8724754503946,37.40845827317628,5,"[25, 51, 52, 78, 117]"
2248,182324696,290.80562866449213,27.632923574829018,2,"[54, 80]"
2249,182547705,291.3064606607139,22.42232552473083,2,"[54, 80]"
2250,133253896,135.7882271397616,-55.0732306398928,9,"[7, 8, 34, 35, 61, 88, 109, 110, 111]"
2251,157253743,118.2105529448451,28.816709882879817,2,"[20, 47]"
2252,157272202,161.57291684147975,56.70422681766997,8,"[15, 16, 22, 48, 49, 75, 76, 121]"
2253,157320424,139.82456075351126,56.33578502212828,7,"[14, 15, 21, 41, 48, 75, 120]"
2254,157324520,190.29017876271547,-28.803601024561207,7,"[10, 36, 63, 90, 100, 101, 114]"
2255,157414155,219.31362004801684,-0.25407933918619224,1,[91]
2256,157364190,218.23658513900645,60.30288607520003,6,"[24, 50, 51, 77, 78, 117]"
2257,182680659,292.0333381929412,27.08349129869996,3,"[54, 80, 81]"
2258,182938696,141.0851162529593,-54.127470272094875,10,"[8, 34, 35, 61, 62, 88, 89, 109, 110, 111]"
2259,182898752,279.40341479216863,-20.638774200279958,3,"[13, 94, 104]"
2260,109132460,281.6363519981598,27.580623355593136,2,"[80, 118]"
2261,157549721,284.81316336900966,61.00891595102051,11,"[14, 26, 40, 53, 54, 74, 80, 81, 118, 119]"
2262,157635974,251.49238222105342,19.673519529570008,1,[117]
2263,157740391,251.97407072859482,19.585691313921103,1,[117]
2264,157699892,116.97532046063192,-57.813504411935284,9,"[7, 33, 34, 61, 87, 88, 108, 109, 110]"
2265,157760804,286.2022457513648,60.87539609571017,10,"[14, 26, 40, 53, 54, 74, 80, 81, 118, 119]"
2266,157756086,178.55307860176742,-14.872628666007646,5,"[9, 36, 63, 90, 114]"
2267,157765888,286.51426538970156,61.23139752536664,9,"[14, 26, 53, 54, 74, 80, 81, 118, 119]"
2268,157838901,202.61876586419584,8.466956807793325,5,"[23, 46, 50, 91, 115]"
2269,109564770,120.93397860072035,-45.679813574286065,8,"[7, 34, 61, 88, 108, 109, 110, 111]"
2270,157852795,287.8962007337054,63.51083730449929,11,"[14, 26, 40, 41, 53, 54, 74, 80, 81, 118, 119]"
2271,157862921,252.36098815448918,20.824852041182712,1,[117]
2272,157880551,163.66189822742618,49.219359009367906,5,"[15, 16, 49, 76, 121]"
2273,157910432,224.12068109402477,13.63304977749266,1,[51]
2274,157921708,262.4915451109961,-11.593148057330298,5,"[12, 39, 66, 93, 115]"
2275,157966796,203.89605034994864,42.145071699785014,3,"[23, 24, 77]"
2276,157968700,164.08985515296573,42.91485660119074,2,"[49, 76]"
2277,157972244,205.5890639338593,40.239832623919405,4,"[23, 24, 50, 77]"
2278,158072888,193.30656012281415,53.85391025438546,4,"[16, 23, 50, 77]"
2279,158086721,194.27140991620058,53.768440489803055,4,"[16, 23, 50, 77]"
2280,158087714,190.7090293966223,56.960638931654294,6,"[16, 23, 49, 50, 76, 77]"
2281,183306205,310.97636587202356,-66.30322129097233,6,"[1, 13, 27, 28, 68, 95]"
2282,183356952,144.16726292797063,-56.685763932379444,9,"[8, 34, 35, 61, 62, 88, 89, 110, 111]"
2283,183357243,144.08403644641115,-56.61463332856986,9,"[8, 34, 35, 61, 62, 88, 89, 110, 111]"
2284,183528244,344.9053877342991,-29.921040467560378,7,"[2, 29, 96, 106, 107]"
2285,183560533,346.7623528271878,-37.679485518858066,6,"[2, 69, 96, 103, 105, 106]"
2286,109829137,121.82046670317564,-46.98045536795202,8,"[7, 34, 61, 88, 108, 109, 110, 111]"
2287,134113566,137.2526137250188,-54.72816968776136,9,"[7, 8, 34, 35, 61, 88, 109, 110, 111]"
2288,134196771,119.70246897490937,-65.3483065977881,7,"[6, 8, 33, 34, 61, 87, 88]"
2289,158111564,92.14897873576783,-68.4664697739378,6,"[5, 7, 32, 33, 87, 98]"
2290,158111591,92.24507075440751,-68.50800674832536,6,"[5, 7, 32, 33, 87, 98]"
2291,134352603,296.06823266475,32.47923893699566,2,"[54, 81]"
2292,158158265,278.4245443669707,-26.998639279637167,5,"[13, 66, 93, 94, 104]"
2293,158158932,278.54743018449744,-26.542561580947048,5,"[13, 66, 93, 94, 104]"
2294,158187836,225.75031726128904,-1.2907990534609028,2,"[91, 115]"
2295,158317987,299.9202311652235,65.01561839616494,13,"[14, 26, 40, 41, 53, 55, 74, 75, 80, 81, 82, 119, 120]"
2296,183595451,358.6230818241667,-41.38286002829847,7,"[2, 30, 69, 104, 105, 106, 107]"
2297,183596451,357.6217252177301,-42.89953314388817,8,"[2, 3, 29, 30, 104, 105, 106, 107]"
2298,183637071,171.9204126776023,-15.563727358268524,3,"[36, 63, 100]"
2299,183587877,354.7113055679525,-44.19452988302917,8,"[2, 3, 29, 69, 96, 103, 104, 106]"
2300,183651707,187.79093006427817,-6.3309892783093185,5,"[10, 36, 46, 91, 115]"
2301,183648073,182.90432520185976,-8.061654980295664,7,"[9, 36, 46, 63, 90, 91, 115]"
2302,109985547,122.34372831089291,-47.42061397096965,8,"[7, 34, 61, 88, 108, 109, 110, 111]"
2303,110038466,292.5073415964713,26.6609600956105,3,"[54, 80, 81]"
2304,134497068,124.73844550220723,-68.02188392692403,9,"[6, 7, 8, 33, 34, 35, 61, 87, 88]"
2305,134500902,123.70862284961792,-66.49285314504574,9,"[6, 7, 8, 33, 34, 35, 61, 87, 88]"
2306,158381571,181.9704323896789,-39.50429792557125,10,"[9, 36, 63, 90, 99, 100, 111, 112, 113, 114]"
2307,158549421,350.8474565104366,-52.13503932071424,8,"[2, 29, 69, 96, 103, 104, 105, 106]"
2308,158569794,306.62056117290103,7.108786008321757,3,"[54, 92, 116]"
2309,158581302,183.3786038131648,65.7006179062463,7,"[15, 16, 22, 50, 76, 77, 121]"
2310,183921054,261.5794124309834,4.735415540179101,3,"[91, 115, 116]"
2311,183984086,340.25591421409104,-35.89761767638537,6,"[2, 29, 69, 96, 103, 105]"
2312,184011496,310.9433264761704,59.9002574258505,10,"[14, 15, 41, 54, 55, 74, 81, 82, 119, 120]"
2313,184071291,145.20283097564126,-55.70791256357556,10,"[8, 34, 35, 61, 62, 88, 89, 109, 110, 111]"
2314,110541820,298.53065991024357,46.25609269685241,6,"[14, 40, 41, 54, 81, 119]"
2315,134754537,199.38739114377745,-33.281513922225294,8,"[10, 37, 64, 90, 100, 101, 111, 114]"
2316,134871040,202.1995344431947,-35.73820981220704,6,"[10, 37, 64, 100, 101, 114]"
2317,158637830,350.4394515045951,-56.716406890789344,8,"[2, 3, 29, 69, 96, 103, 104, 105]"
2318,158778489,262.6729992482199,-11.478747095967446,6,"[12, 39, 66, 93, 115, 116]"
2319,184164142,311.4314059712998,59.784186516917266,9,"[14, 15, 41, 54, 55, 81, 82, 119, 120]"
2320,184281898,0.3032837845604716,-13.459752135511447,1,[3]
2321,184448915,358.1584919247761,-18.675223401630376,3,"[3, 29, 107]"
2322,135086433,174.72793676840448,22.94336234523237,2,"[22, 49]"
2323,135090596,175.81716872070285,22.134872799975298,2,"[22, 49]"
2324,158917706,270.22941576457254,53.01182046086355,5,"[40, 53, 79, 80, 118]"
2325,135120729,269.1928104144391,-3.3369753726672053,4,"[91, 92, 115, 116]"
2326,158985758,306.8029602649483,67.99907076726366,14,"[14, 15, 40, 41, 53, 54, 55, 74, 75, 80, 81, 82, 119, 120]"
2327,159019691,270.8707966197174,49.74777472799347,5,"[40, 53, 79, 80, 118]"
2328,159117671,106.73207245531042,67.09491778190043,14,"[14, 19, 20, 21, 26, 41, 47, 53, 59, 60, 73, 74, 119, 120]"
2329,159117674,106.7189578797354,67.0918466878345,13,"[14, 19, 21, 26, 41, 47, 53, 59, 60, 73, 74, 119, 120]"
2330,184590671,44.28989827892382,26.918379342718048,3,"[18, 58, 85]"
2331,184676701,43.259274491617404,23.33348780930491,3,"[18, 58, 85]"
2332,184737443,45.2645232898803,25.459458219646244,3,"[18, 58, 85]"
2333,184690812,44.21260294168774,24.262547287413792,3,"[18, 58, 85]"
2334,184690815,44.2083231294918,24.26004896258025,3,"[18, 58, 85]"
2335,184735829,45.270429802659145,25.630270685139426,3,"[18, 58, 85]"
2336,135176716,202.88561333023222,-33.33193563202318,6,"[10, 37, 64, 100, 101, 114]"
2337,135171750,204.03099950042284,31.682895134630137,2,"[23, 50]"
2338,135169898,204.45400561772718,30.523195604599703,2,"[23, 50]"
2339,135165545,202.63957269792732,-33.30167417995516,6,"[10, 37, 64, 100, 101, 114]"
2340,135225662,202.78968263762178,-32.93416661225486,6,"[10, 37, 64, 100, 101, 114]"
2341,135225667,202.6920006548576,-32.97530398852787,6,"[10, 37, 64, 100, 101, 114]"
2342,159164209,180.45075194281137,20.29495401261874,2,"[23, 49]"
2343,159190005,165.703877574976,56.37779803339785,6,"[15, 16, 22, 49, 76, 121]"
2344,159190692,163.4519985436356,58.043850981082606,5,"[15, 48, 49, 75, 76]"
2345,159191044,165.87126110187566,56.550885658915455,6,"[15, 16, 22, 49, 76, 121]"
2346,184842719,108.51531248981071,-0.17848099220687139,5,"[44, 45, 46, 71, 72]"
2347,184893591,127.53418105615269,3.19022364703214,4,"[44, 45, 46, 72]"
2348,185013064,149.47094764443634,-57.40592897274391,10,"[8, 34, 35, 61, 62, 88, 89, 109, 110, 111]"
2349,184914049,128.72857746048075,0.7672866590572616,1,[72]
2350,111089620,301.4262521291849,24.799878119725182,2,"[54, 81]"
2351,111146604,325.2794683916844,0.3935408272750318,1,[116]
2352,111056708,191.83870845778225,-3.932494889433419,2,"[91, 115]"
2353,111227964,6.919227866496703,-48.76000907398808,7,"[3, 30, 97, 104, 105, 106, 107]"
2354,135362677,271.57198267164165,47.374587669133284,6,"[26, 40, 53, 79, 80, 118]"
2355,135371083,203.70950406207174,-32.66670287074662,6,"[10, 37, 64, 100, 101, 114]"
2356,135485021,269.26531345494465,-4.628288306718309,4,"[91, 92, 115, 116]"
2357,159331746,110.46947366930196,73.13271138558704,23,"[14, 15, 19, 20, 21, 25, 26, 40, 41, 47, 48, 52, 53, 59, 60, 73, 74, 75, 79, 82, 86, 119, 120]"
2358,159331748,110.4484966976899,73.13902175456158,23,"[14, 15, 19, 20, 21, 25, 26, 40, 41, 47, 48, 52, 53, 59, 60, 73, 74, 75, 79, 82, 86, 119, 120]"
2359,159332203,105.47235051434798,72.09972838707446,20,"[14, 19, 21, 25, 26, 40, 41, 47, 48, 52, 53, 59, 60, 73, 74, 75, 79, 86, 119, 120]"
2360,159433559,248.322768573115,53.24840971508139,4,"[25, 52, 79, 117]"
2361,159428519,230.68375812169825,-23.97145111675646,5,"[11, 38, 65, 102, 103]"
2362,159448461,306.01361143626065,63.8412273586958,12,"[14, 40, 41, 54, 55, 74, 75, 80, 81, 82, 119, 120]"
2363,159502465,108.44614426165832,76.00220484369403,29,"[14, 15, 18, 19, 20, 21, 22, 25, 26, 41, 47, 48, 52, 53, 55, 59, 60, 73, 74, 75, 78, 79, 81, 82, 86, 117, 119, 120, 121]"
2364,159504148,115.35857886714159,53.14730648874781,8,"[14, 20, 21, 40, 41, 47, 60, 119]"
2365,159500639,98.68070521337987,72.08294530971628,19,"[14, 19, 20, 21, 25, 26, 40, 41, 47, 52, 53, 59, 60, 73, 74, 79, 86, 119, 120]"
2366,159511543,105.51973805305444,75.52327892834703,25,"[14, 15, 18, 19, 21, 25, 26, 40, 41, 47, 48, 52, 53, 55, 59, 60, 73, 74, 75, 79, 82, 86, 117, 119, 120]"
2367,159548152,149.1172818643338,58.559500481100564,9,"[14, 21, 22, 41, 48, 49, 75, 76, 121]"
2368,185099888,146.09018712886993,-53.10277167690062,10,"[34, 35, 61, 62, 88, 89, 109, 110, 111, 112]"
2369,111245241,7.771492947403536,-48.59215427534318,6,"[3, 30, 97, 104, 105, 106]"
2370,111450976,267.38028486193775,-16.981846972368757,4,"[39, 66, 93, 104]"
2371,135656809,243.504489497703,12.700184834703842,2,"[91, 117]"
2372,159636127,171.07735868659873,68.33749932032194,10,"[15, 16, 22, 23, 48, 50, 75, 77, 120, 121]"
2373,159630982,170.338273465107,68.23582475905081,11,"[15, 16, 22, 23, 48, 49, 50, 75, 77, 120, 121]"
2374,159670453,308.0494538232176,-22.96676095784825,6,"[1, 27, 28, 68, 95, 105]"
2375,159672173,308.5057109774597,-22.21742614454055,5,"[1, 28, 68, 95, 105]"
2376,159746875,309.5156943492737,-21.952301368965564,5,"[1, 28, 68, 95, 105]"
2377,185284200,220.12819647481575,9.670913191477243,3,"[51, 91, 115]"
2378,185260035,178.91788649064154,-9.63508838133104,7,"[9, 36, 46, 63, 72, 90, 115]"
2379,111547382,119.80562562663424,-51.745564781832236,8,"[34, 61, 87, 88, 108, 109, 110, 111]"
2380,159831469,203.2625049203555,68.00699174222991,9,"[16, 23, 24, 49, 50, 51, 76, 77, 78]"
2381,159838529,202.73808228461908,68.64159077012648,8,"[16, 23, 24, 49, 50, 51, 77, 78]"
2382,159871716,205.14333518546567,69.19958443129002,9,"[16, 23, 24, 49, 50, 51, 76, 77, 78]"
2383,159880447,212.48691838422894,67.37809066973104,8,"[16, 23, 24, 50, 51, 77, 78, 117]"
2384,159888150,268.8427684510092,60.297077268610444,8,"[25, 26, 40, 52, 53, 79, 80, 119]"
2385,159895674,28.94262292955671,-53.80547337283879,8,"[3, 4, 30, 31, 97, 105, 106, 107]"
2386,160034048,167.14216820703083,57.67603310179725,6,"[15, 16, 22, 49, 76, 121]"
2387,160010717,180.56270825246497,27.4947377287394,2,"[23, 49]"
2388,160037874,324.44589313001256,-29.288494149806496,6,"[1, 28, 68, 95, 105, 106]"
2389,185556216,238.44911323213154,-41.082417965693715,6,"[38, 99, 100, 101, 102, 113]"
2390,185755388,148.0594615636312,-51.495453623332196,10,"[8, 35, 61, 62, 88, 89, 109, 110, 111, 112]"
2391,111834564,217.2266624948937,-18.533662416217222,4,"[11, 37, 64, 102]"
2392,111835485,217.9285190584845,-20.072593749675022,4,"[11, 37, 64, 102]"
2393,111949053,219.14691567848345,-21.341278473437534,4,"[11, 38, 64, 102]"
2394,160054407,231.82533227943244,-22.64037750707669,4,"[11, 65, 102, 103]"
2395,160103179,338.3001537774565,44.12776702936047,6,"[15, 55, 56, 82, 83, 121]"
2396,160109883,340.2728808181707,46.99681765079267,6,"[15, 55, 56, 82, 83, 121]"
2397,160143733,98.05905852160001,70.23244614262002,18,"[14, 19, 20, 21, 25, 26, 40, 41, 47, 52, 53, 59, 60, 73, 74, 79, 86, 119]"
2398,160224876,120.88926954786596,63.51883623804939,13,"[14, 20, 21, 40, 41, 47, 48, 53, 60, 74, 75, 119, 120]"
2399,160268882,119.52608861500003,64.24685388656145,12,"[14, 20, 21, 40, 41, 47, 53, 60, 74, 75, 119, 120]"
2400,160268912,119.87421947678429,64.1557284725722,12,"[14, 20, 21, 40, 41, 47, 53, 60, 74, 75, 119, 120]"
2401,160280715,291.68902635931227,6.4101887823879,3,"[54, 92, 116]"
2402,160268226,125.29674955601955,62.784347752212504,12,"[14, 20, 21, 40, 41, 47, 48, 60, 74, 75, 119, 120]"
2403,160271830,155.22279817477448,7.033605903603038,4,"[22, 45, 46, 72]"
2404,186007537,146.39374094846121,-47.9329083822831,8,"[35, 61, 62, 88, 89, 109, 110, 112]"
2405,112072597,122.52893625091478,-55.322005628468936,8,"[7, 34, 61, 87, 88, 108, 109, 110]"
2406,112027764,217.83469994921893,-17.507439965607293,3,"[11, 64, 102]"
2407,112215584,269.5290518992459,-15.663559457320355,5,"[13, 39, 66, 93, 104]"
2408,136357075,345.32229503796225,59.003342101686954,9,"[15, 16, 55, 56, 75, 76, 82, 83, 121]"
2409,160324545,106.09171163379717,66.82763052631154,11,"[14, 19, 21, 26, 41, 47, 53, 59, 60, 74, 119]"
2410,160330452,92.14747836291147,-58.942677834868825,7,"[6, 32, 33, 87, 98, 108, 109]"
2411,160301040,88.2235120757568,-43.13527498826493,7,"[6, 33, 98, 107, 108, 109, 110]"
2412,160308419,114.4109379804607,66.10148895138792,12,"[14, 21, 26, 40, 41, 48, 53, 60, 73, 75, 119, 120]"
2413,160332823,144.21288136847684,23.311983066457586,2,"[21, 48]"
2414,160333047,144.77475539886365,22.109473892729905,2,"[21, 48]"
2415,160350901,92.31472291645268,-56.64604253419453,8,"[6, 32, 33, 87, 98, 107, 108, 109]"
2416,160428583,338.84342694789433,43.6397658151721,6,"[15, 55, 56, 82, 83, 121]"
2417,160449956,232.315220367305,-20.7303524461033,4,"[11, 38, 65, 102]"
2418,160527775,211.32545088886386,-40.12574858251876,9,"[10, 11, 37, 99, 100, 101, 112, 113, 114]"
2419,160502844,232.94601322622532,-22.106339549028966,5,"[11, 38, 65, 102, 103]"
2420,160533144,118.5673739903129,76.55820733726034,34,"[14, 15, 16, 19, 20, 21, 22, 25, 26, 40, 41, 47, 48, 49, 52, 53, 55, 56, 59, 60, 73, 74, 75, 76, 79, 80, 81, 82, 86, 117, 118, 119, 120, 121]"
2421,160534539,133.50015176718577,78.22021647657905,43,"[14, 15, 16, 17, 18, 19, 20, 22, 23, 24, 25, 26, 40, 47, 48, 49, 50, 52, 53, 54, 55, 56, 57, 59, 60, 73, 74, 75, 76, 77, 78, 79, 80, 81, 82, 83, 84, 86, 117, 118, 119, 120, 121]"
2422,186116592,277.9067899476794,8.573126690646802,4,"[80, 92, 116, 118]"
2423,186287370,236.88851291955388,-5.171763485142641,2,"[91, 115]"
2424,186271747,277.4208722415539,4.328086350455729,2,"[92, 116]"
2425,112443047,269.5705650154156,-12.569447936820058,7,"[13, 39, 66, 93, 104, 115, 116]"
2426,136398316,321.2663942359682,52.277222880812175,8,"[14, 15, 41, 55, 75, 81, 82, 120]"
2427,160600809,120.30831560625744,77.8287840056704,41,"[14, 15, 16, 18, 19, 20, 21, 22, 23, 24, 26, 40, 41, 47, 48, 49, 50, 51, 52, 53, 55, 56, 59, 60, 73, 74, 75, 76, 77, 78, 79, 80, 81, 82, 83, 86, 117, 118, 119, 120, 121]"
2428,160585671,130.93915317652235,78.83516117839187,46,"[14, 15, 17, 18, 19, 20, 21, 22, 23, 24, 25, 26, 40, 41, 47, 48, 49, 50, 51, 52, 53, 54, 55, 56, 57, 58, 59, 60, 73, 74, 75, 76, 77, 78, 79, 80, 82, 83, 84, 85, 86, 117, 118, 119, 120, 121]"
2429,160603693,118.4447104552557,77.7119176570631,39,"[14, 15, 16, 18, 19, 20, 21, 22, 23, 25, 26, 40, 41, 47, 48, 49, 51, 52, 53, 55, 56, 59, 60, 73, 74, 75, 76, 78, 79, 80, 81, 82, 83, 86, 117, 118, 119, 120, 121]"
2430,160636601,233.71560962321064,-23.576030145186138,5,"[11, 38, 65, 102, 103]"
2431,186363552,34.04130422183435,31.103147250588773,3,"[17, 57, 85]"
2432,186513891,34.21272696336329,26.673037737160453,2,"[17, 85]"
2433,186449244,33.77343303208056,28.801625371227143,4,"[17, 57, 84, 85]"
2434,186579346,237.58583154024103,-39.068148983541064,9,"[11, 38, 65, 99, 100, 101, 102, 113, 114]"
2435,136744612,299.15054512828567,21.846901151460816,2,"[54, 81]"
2436,160890392,237.54319415542423,-24.929266407356202,4,"[11, 38, 102, 103]"
2437,160890430,237.5423164340758,-24.94304780683865,4,"[11, 38, 102, 103]"
2438,160894541,298.9595160032233,4.574618537132775,2,"[92, 116]"
2439,161005122,189.27313436365986,62.148322224615015,8,"[16, 22, 23, 49, 50, 76, 77, 121]"
2440,160991902,274.4252304049843,-26.30857310369479,4,"[13, 66, 93, 104]"
2441,161024940,188.01024484927942,63.01739207716692,8,"[16, 22, 23, 49, 50, 76, 77, 121]"
2442,161025531,192.65444203173007,60.05684068833243,5,"[16, 49, 50, 76, 77]"
2443,186598770,53.69034158374947,20.186689368416264,3,"[18, 58, 85]"
2444,186626503,54.26495623908548,20.800471744827234,3,"[18, 58, 85]"
2445,186642657,277.4781546078482,4.832588193985334,2,"[92, 116]"
2446,186763855,54.35850926387642,18.59773917046413,3,"[18, 58, 85]"
2447,186760876,151.08682751509778,-50.28061324684121,8,"[8, 35, 62, 89, 109, 110, 111, 112]"
2448,186807955,54.7222053574871,18.30406853140625,3,"[18, 58, 85]"
2449,186876651,7.536496741218555,27.74222888705476,3,"[57, 83, 84]"
2450,112766331,267.42937346093964,-10.898608891626449,7,"[39, 66, 91, 92, 93, 115, 116]"
2451,136916387,241.10406541684713,-28.770122560004687,5,"[12, 38, 65, 102, 103]"
2452,136915882,241.04394274148535,-28.378261875822243,5,"[12, 38, 65, 102, 103]"
2453,137031758,231.52268670291747,31.887880149488794,2,"[51, 117]"
2454,137002881,170.98918085197187,44.64321734020786,2,"[22, 49]"
2455,137054392,227.70874970158934,36.972984161428734,3,"[24, 51, 78]"
2456,161172103,318.1958629773149,-40.27426126741503,8,"[1, 28, 68, 95, 102, 103, 104, 105]"
2457,161162087,212.39913021625574,-40.63763837349797,10,"[10, 11, 37, 64, 99, 100, 101, 112, 113, 114]"
2458,161265414,321.7426201226483,-37.554983810745014,8,"[1, 28, 68, 95, 102, 104, 105, 106]"
2459,161314759,323.34267708557167,-37.81305492258168,8,"[1, 28, 68, 95, 102, 103, 104, 106]"
2460,161335014,323.7059465173148,-37.849041595820715,8,"[1, 28, 68, 95, 102, 103, 104, 106]"
2461,187064019,320.5589668644674,5.147980873044774,2,"[92, 116]"
2462,187064395,321.3662518346173,8.077823733032265,4,"[55, 82, 92, 116]"
2463,187093246,65.98882362252441,20.96466060182445,3,"[19, 59, 86]"
2464,187111394,64.83812635699185,15.686319881402701,1,[86]
2465,113061684,289.3325496496679,-10.773873399612679,6,"[13, 27, 67, 92, 94, 116]"
2466,113051738,289.2791052289903,-10.150310334381734,6,"[13, 27, 67, 92, 94, 116]"
2467,137200814,63.554532788084195,54.39208145194318,9,"[18, 19, 25, 52, 58, 59, 78, 79, 86]"
2468,137202539,65.0104190944678,55.551743713879084,9,"[18, 19, 52, 58, 59, 78, 79, 85, 86]"
2469,137326629,73.44170350722437,52.97173397793686,8,"[19, 25, 26, 52, 59, 73, 79, 86]"
2470,137333763,72.42949687193604,51.09905751035536,8,"[19, 25, 26, 52, 59, 73, 79, 86]"
2471,161522366,299.0094513048906,3.5616908983755278,2,"[92, 116]"
2472,161522892,299.76776807566694,6.706083451225399,2,"[92, 116]"
2473,161631693,323.75330588798846,47.88089217340848,5,"[15, 41, 55, 82, 120]"
2474,187278079,207.33454047620208,4.090526864375409,2,"[91, 115]"
2475,187286518,75.91589820938246,15.162152672801277,4,"[19, 59, 73, 86]"
2476,113403971,267.4572329868031,-10.608565004304946,7,"[39, 66, 91, 92, 93, 115, 116]"
2477,113425037,289.66643492613616,-12.344447329607238,5,"[13, 27, 67, 94, 116]"
2478,137504158,99.0371231509869,61.865314499710294,12,"[19, 20, 26, 40, 47, 53, 59, 60, 73, 74, 79, 119]"
2479,137507497,100.75366396328903,61.0496481181487,11,"[19, 20, 26, 40, 47, 53, 59, 60, 73, 74, 119]"
2480,137493886,304.37798679689706,57.08676806373124,9,"[14, 40, 41, 54, 55, 74, 75, 119, 120]"
2481,137497304,100.43058326035803,60.33188285616074,11,"[19, 20, 26, 40, 47, 53, 59, 60, 73, 74, 119]"
2482,161721671,191.6440195308332,72.69057130813908,12,"[15, 16, 22, 24, 49, 50, 51, 76, 77, 78, 82, 121]"
2483,161725476,199.42265315920633,70.79535010616094,9,"[16, 22, 23, 24, 49, 51, 76, 78, 121]"
2484,161786114,248.51005348246343,-23.827938726067774,4,"[12, 39, 65, 103]"
2485,161820187,193.7646371597227,74.08823555124007,14,"[15, 16, 22, 23, 24, 49, 50, 51, 58, 76, 77, 78, 82, 121]"
2486,161825882,196.65469599870477,74.43669830962483,16,"[15, 16, 22, 23, 24, 25, 49, 50, 51, 58, 76, 77, 78, 82, 117, 121]"
2487,187411636,234.5850817685403,19.183516996839508,2,"[51, 117]"
2488,187413972,321.9342543699011,7.574898496953894,3,"[55, 82, 116]"
2489,187423650,235.85491132962,15.82216530879856,2,"[51, 117]"
2490,187571246,114.08208563537978,-31.357007592730586,4,"[7, 34, 87, 111]"
2491,187571538,320.5251253290105,3.139944461762854,2,"[92, 116]"
2492,113583603,288.76096723120213,-18.11626204889674,3,"[67, 94, 105]"
2493,113662487,124.6480537997267,-54.105320839439365,8,"[7, 34, 61, 88, 108, 109, 110, 111]"
2494,113710966,31.08268345546426,8.999363761580344,7,"[17, 42, 43, 57, 70, 71, 84]"
2495,137603904,102.23381018880978,61.86836591253123,10,"[14, 19, 20, 26, 40, 47, 53, 73, 74, 119]"
2496,137648019,123.30708021001054,36.107580092824904,3,"[21, 47, 74]"
2497,162030302,347.85422404466254,41.87904458100323,5,"[15, 16, 56, 83, 121]"
2498,162024200,192.98572293340334,-46.04750164174681,11,"[10, 36, 37, 63, 90, 99, 100, 111, 112, 113, 114]"
2499,187648986,262.92051902250586,-2.263883117940478,4,"[91, 92, 115, 116]"
2500,187704594,80.52002630168003,13.972231497403543,4,"[19, 59, 73, 86]"
2501,187730895,238.63046230297232,-40.448360920581905,8,"[11, 12, 38, 99, 100, 101, 102, 113]"
2502,187679739,80.43675826534314,14.284170923393804,4,"[19, 59, 73, 86]"
2503,187758147,320.69364459373844,3.1883289199965588,2,"[92, 116]"
2504,187685079,80.56409063630764,15.425339292933325,4,"[19, 59, 73, 86]"
2505,113803745,50.290471748639206,1.6202272521421268,4,"[43, 44, 70, 71]"
2506,113907306,290.6190003764123,-12.857553666822284,3,"[13, 27, 67]"
2507,113919695,56.57494301636672,0.6961655253848352,2,"[70, 71]"
2508,113922837,57.434666570426764,3.7229108415181473,5,"[42, 43, 44, 70, 71]"
2509,113956708,57.690840710794276,3.095022434070636,5,"[42, 43, 44, 70, 71]"
2510,113980644,57.36226632994093,1.3807746513747052,5,"[42, 43, 44, 70, 71]"
2511,114028559,57.78267346610491,1.7855329244532923,5,"[42, 43, 44, 70, 71]"
2512,137822799,304.80210249465887,56.95750716083026,10,"[14, 40, 41, 54, 55, 74, 75, 81, 119, 120]"
2513,137872867,243.02078831697165,-33.7968036641682,5,"[12, 38, 65, 102, 103]"
2514,137882612,128.7719194165222,42.55753534017826,5,"[21, 47, 48, 74, 75]"
2515,137887609,131.55399411162588,38.91247657784311,3,"[21, 48, 75]"
2516,137958972,130.46865066169508,43.11918822027149,4,"[21, 48, 74, 75]"
2517,162147997,190.86411090785253,-42.95830374856989,9,"[10, 36, 37, 90, 99, 111, 112, 113, 114]"
2518,162132187,250.6334850821977,3.859235874561579,2,"[91, 115]"
2519,162211294,190.89507999977357,-42.65989284542316,10,"[10, 36, 37, 63, 90, 99, 111, 112, 113, 114]"
2520,187914009,286.3361088570425,3.78403895991948,2,"[92, 116]"
2521,114084387,58.526210680728454,3.02998155089575,5,"[42, 43, 44, 70, 71]"
2522,138021141,57.036298190832774,14.26117025646227,3,"[18, 58, 85]"
2523,138050179,57.303024156299855,14.403370411973611,3,"[18, 58, 85]"
2524,138172859,189.50202147271648,23.19581519258438,2,"[23, 50]"
2525,162490676,350.8706595596156,42.763311625132516,5,"[15, 16, 56, 83, 121]"
2526,162457231,350.6361834059662,42.76098964113574,5,"[15, 16, 56, 83, 121]"
2527,162499828,280.75436790413437,13.992915814885828,2,"[80, 118]"
2528,162581678,194.2720498009355,-44.795553206846606,12,"[10, 36, 37, 63, 64, 90, 99, 100, 111, 112, 113, 114]"
2529,162576186,213.59857415250292,71.60255300540149,11,"[16, 23, 24, 25, 50, 51, 52, 77, 78, 79, 117]"
2530,188043641,175.17751930116452,-34.03277586808267,8,"[9, 36, 63, 90, 99, 100, 113, 114]"
2531,188129892,175.84671353419344,-32.46482595931505,8,"[9, 36, 63, 90, 99, 100, 113, 114]"
2532,114435313,1.000995575386884,-24.53929067692236,3,"[3, 30, 107]"
2533,138295548,209.0709619255786,56.28370343796811,6,"[23, 24, 50, 51, 77, 78]"
2534,162617256,217.438317706047,70.96377515416941,9,"[16, 23, 24, 50, 51, 52, 77, 79, 117]"
2535,162631539,221.01410851059455,69.6965863016524,10,"[23, 24, 25, 50, 51, 52, 77, 78, 79, 117]"
2536,162672611,218.69239261424,71.49464364326639,9,"[16, 23, 25, 50, 51, 52, 77, 79, 117]"
2537,162685946,220.8930384769884,70.57675950560343,9,"[23, 24, 25, 50, 51, 77, 78, 79, 117]"
2538,188334018,236.79681868161603,16.836128375742643,2,"[51, 117]"
2539,188386754,300.55009266237784,0.6635914626976634,1,[116]
2540,188401533,306.2485115390925,-5.231566296114002,2,"[92, 116]"
2541,114549408,125.08891200593344,-51.94397100621899,8,"[7, 34, 61, 88, 108, 109, 110, 111]"
2542,138486206,306.96505680312464,57.34983599564671,11,"[14, 40, 41, 54, 55, 74, 75, 81, 82, 119, 120]"
2543,138505483,128.20917088649873,49.51882630395832,8,"[21, 41, 47, 48, 74, 75, 119, 120]"
2544,162918828,193.86280144280897,-42.40916637584367,11,"[10, 36, 37, 63, 90, 99, 100, 111, 112, 113, 114]"
2545,188466839,125.30502632434576,18.786902860177964,2,"[21, 47]"
2546,188480881,330.6716670602952,-5.858139394030084,3,"[42, 92, 116]"
2547,188503588,126.12570338476655,18.10969500773941,2,"[21, 47]"
2548,188512866,132.70714991429844,24.168486398409577,2,"[21, 48]"
2549,188504653,124.98558150538852,21.970745790113735,2,"[21, 47]"
2550,188530883,339.50242465150774,-2.7540782762371347,3,"[42, 70, 92]"
2551,188564117,334.99894216080173,61.83836569219693,10,"[16, 41, 55, 56, 75, 76, 82, 83, 120, 121]"
2552,188527432,332.84610653026346,60.51095755672908,10,"[15, 41, 55, 56, 75, 76, 82, 83, 120, 121]"
2553,114721100,303.9873531427533,4.598286970293661,2,"[92, 116]"
2554,114723106,304.42933197556323,6.5758926451842346,3,"[54, 92, 116]"
2555,114776214,88.67606503337528,-3.1569781209055927,5,"[43, 44, 45, 71, 72]"
2556,114809327,352.37739307096257,-21.32827735255146,5,"[2, 29, 69, 96, 107]"
2557,114786312,295.1784481890294,-17.111094408244192,3,"[67, 94, 105]"
2558,114816470,296.9978078870458,-20.61975920702788,4,"[27, 67, 94, 105]"
2559,114824306,139.85811011078002,-31.97458063941159,7,"[8, 34, 35, 61, 88, 99, 112]"
2560,114922178,68.76407898732245,-35.92326984535384,5,"[5, 32, 98, 109, 110]"
2561,114916975,306.97273353719015,-18.287381628886482,5,"[1, 27, 68, 95, 105]"
2562,138558673,139.14639860473002,52.902153997773716,7,"[14, 15, 21, 41, 48, 75, 120]"
2563,138590902,141.95794471917074,52.64193514915529,7,"[14, 15, 21, 41, 48, 75, 120]"
2564,138560887,139.8782542016538,52.866479222203665,7,"[14, 15, 21, 41, 48, 75, 120]"
2565,138708566,131.82169008547382,8.747585391542883,6,"[21, 44, 45, 46, 48, 72]"
2566,188646744,331.2680918050908,58.87631901499087,9,"[15, 41, 55, 56, 75, 82, 83, 120, 121]"
2567,188692003,249.54974000572116,70.92908825467535,11,"[24, 25, 26, 40, 51, 53, 78, 79, 80, 117, 118]"
2568,188768068,248.56492954230205,75.58583548531445,24,"[17, 20, 24, 25, 26, 40, 47, 50, 51, 53, 54, 57, 60, 74, 77, 78, 79, 80, 81, 84, 85, 117, 118, 119]"
2569,188766488,249.92382751967145,73.50838201250465,15,"[24, 25, 26, 40, 51, 53, 57, 74, 78, 79, 80, 84, 117, 118, 119]"
2570,188774365,252.61395068916636,71.19791623600706,11,"[24, 25, 26, 40, 51, 52, 53, 78, 80, 117, 118]"
2571,114960770,201.46534094438874,3.4563156593921844,3,"[46, 91, 115]"
2572,115010633,200.35999767184234,7.294232162048981,5,"[23, 46, 50, 91, 115]"
2573,115014847,306.61464225733687,-21.29178959307996,5,"[1, 27, 68, 95, 105]"
2574,115015109,306.7715983999971,-20.850929438391987,5,"[1, 27, 68, 95, 105]"
2575,115056877,291.83821657992905,51.802091815408836,8,"[14, 40, 53, 54, 74, 80, 81, 119]"
2576,115071316,200.7260772618395,7.817616866377312,5,"[23, 46, 50, 91, 115]"
2577,115119794,233.2378190390172,63.16213230589362,7,"[24, 25, 51, 52, 78, 79, 117]"
2578,115110335,198.79422076311155,31.47222867046558,1,[23]
2579,138738145,154.99482106537255,17.093364393938877,2,"[22, 48]"
2580,138755826,153.20250557234704,20.86987967944528,2,"[22, 48]"
2581,138757095,155.50291099535107,16.49607097819821,1,[22]
2582,138757096,155.50099432606336,16.49603940162631,1,[22]
2583,138797363,71.75491895086401,-30.905879829582137,5,"[5, 32, 98, 109, 110]"
2584,138867034,348.03575946625745,57.36016876205595,8,"[15, 16, 55, 56, 76, 82, 83, 121]"
2585,188873717,359.19326158613063,36.552397963648886,2,"[56, 83]"
2586,188874716,0.025610440151845677,37.977233725903254,3,"[16, 56, 83]"
2587,188882492,0.9511617354920903,38.665331729851694,2,"[56, 83]"
2588,189068982,331.9351355671942,58.09994199551443,10,"[15, 41, 55, 56, 75, 76, 82, 83, 120, 121]"
2589,115128091,84.27802093331125,8.98256444911614,9,"[19, 43, 44, 45, 59, 71, 72, 73, 86]"
2590,115198795,84.47354619238722,11.412494892559335,7,"[19, 43, 44, 45, 59, 73, 86]"
2591,115178586,308.68718704619744,-19.408690318444243,3,"[1, 28, 105]"
2592,115203317,84.34438368215821,9.49175604153274,9,"[19, 43, 44, 45, 59, 71, 72, 73, 86]"
2593,115272975,6.145694724988946,-43.403784435221915,7,"[3, 30, 97, 104, 105, 106, 107]"
2594,115271591,5.103318000062495,-44.47197325557033,7,"[3, 30, 97, 104, 105, 106, 107]"
2595,115350793,8.374001408680902,-44.55468198508833,7,"[3, 30, 97, 104, 105, 106, 107]"
2596,115347503,6.915792981549794,-45.530884239373016,7,"[3, 30, 97, 104, 105, 106, 107]"
2597,115319029,4.23139907726191,-48.03441658895094,7,"[3, 29, 30, 97, 105, 106, 107]"
2598,138897086,167.8864505589561,23.971233748631047,2,"[22, 49]"
2599,138996444,297.1778577670709,-26.607785946117463,4,"[27, 67, 94, 105]"
2600,163450908,198.87440889383004,-44.91607005783805,10,"[37, 63, 64, 90, 99, 100, 111, 112, 113, 114]"
2601,189228580,153.83025851421795,-38.09024628590853,8,"[8, 62, 89, 99, 110, 111, 112, 113]"
2602,115420152,236.68589783956733,67.38747280352246,8,"[24, 25, 51, 52, 78, 79, 117, 118]"
2603,115482129,23.616833549337173,31.89683597406436,3,"[17, 57, 84]"
2604,115518160,238.43988819888787,68.1868339882105,9,"[24, 25, 26, 51, 52, 78, 79, 117, 118]"
2605,115509518,240.7442281145946,64.58465097345243,8,"[24, 25, 51, 52, 78, 79, 117, 118]"
2606,115521808,238.5301925127897,69.07099541951506,9,"[24, 25, 26, 51, 52, 78, 79, 117, 118]"
2607,139070533,170.99601682934517,29.336205031315945,2,"[22, 49]"
2608,139112038,308.1445482266657,-26.242309261670304,6,"[1, 27, 28, 68, 95, 105]"
2609,139118015,177.1338663745078,35.77202723413083,3,"[22, 49, 76]"
2610,139197566,326.9575490445076,-35.63927250945814,7,"[1, 28, 68, 95, 96, 105, 106]"
2611,139198097,325.5209239287584,-37.91023833890445,9,"[1, 28, 68, 95, 96, 103, 104, 105, 106]"
2612,163730470,281.33661908464325,16.190401176645153,1,[80]
2613,189343665,154.6756797411808,-37.907618805837714,9,"[8, 35, 62, 89, 99, 110, 111, 112, 113]"
2614,163826277,249.4537035412536,-23.813309026789323,4,"[12, 39, 65, 103]"
2615,189381343,36.57193129869369,29.44137315511035,3,"[17, 58, 85]"
2616,189526794,36.12950361692244,25.37574467370497,3,"[17, 58, 85]"
2617,189476500,157.31775839692648,-40.49121962224823,9,"[8, 9, 35, 89, 99, 110, 111, 112, 113]"
2618,115621918,241.74733542969543,67.76438831883571,10,"[24, 25, 26, 51, 52, 53, 78, 79, 117, 118]"
2619,115582977,239.27200087646693,69.1471098554277,9,"[24, 25, 26, 51, 52, 78, 79, 117, 118]"
2620,115582979,239.35092223646626,69.16073775264711,9,"[24, 25, 26, 51, 52, 78, 79, 117, 118]"
2621,139232635,328.83559088105375,-34.43909275241767,7,"[1, 28, 68, 95, 96, 105, 106]"
2622,139258210,329.8080074634712,-34.11970198088964,8,"[1, 2, 28, 68, 95, 96, 105, 106]"
2623,139298196,354.2812460325567,25.186327115217868,2,"[56, 83]"
2624,139344491,118.48465237602657,15.63496475589158,2,"[20, 47]"
2625,139361417,118.99794841861232,15.052106189122846,1,[47]
2626,163975402,246.76473782960713,13.49055151121397,1,[117]
2627,163946606,213.90382193535063,-40.86071790234659,9,"[11, 37, 64, 99, 100, 101, 112, 113, 114]"
2628,163903090,336.5310441869441,43.31008673266184,4,"[15, 55, 56, 121]"
2629,163938779,246.5499364278133,13.211120715938174,1,[117]
2630,189576919,38.544772979564385,28.97912901760681,3,"[17, 58, 85]"
2631,189621047,156.37138124746872,-36.52127510342204,7,"[8, 35, 62, 89, 99, 112, 113]"
2632,189608533,245.44580106710976,-31.899555626426142,6,"[12, 38, 39, 65, 102, 103]"
2633,139374243,48.92353117156404,23.943924645589647,3,"[18, 58, 85]"
2634,115907066,165.91844862854379,44.27561890078978,3,"[22, 49, 76]"
2635,139409739,77.08755439889022,-44.23700163197433,6,"[5, 6, 32, 98, 107, 109]"
2636,139430471,49.306367265802315,23.17057982808442,2,"[18, 85]"
2637,139480497,88.29989900306194,-11.615528878470654,4,"[6, 33, 71, 72]"
2638,139468902,322.3904222640709,-30.336589413391437,6,"[1, 28, 68, 95, 105, 106]"
2639,139469490,321.5716581166324,-31.99948103838924,6,"[1, 28, 68, 95, 105, 106]"
2640,139508114,49.172461513084336,21.159512060234288,2,"[18, 85]"
2641,139464217,49.26338428369569,22.19625491653671,2,"[18, 85]"
2642,164063794,247.53688737831044,11.268605804821906,3,"[91, 116, 117]"
2643,164132813,262.17858107301936,18.868841910012137,1,[118]
2644,189745770,220.04684996171187,14.698012923463347,1,[51]
2645,189802023,93.28605735315303,23.034888513316183,3,"[20, 60, 73]"
2646,189847689,93.52914448189205,24.013089894051284,3,"[20, 60, 73]"
2647,189860996,253.451113634636,19.53158576308758,1,[117]
2648,189884606,94.15568627618546,18.977728793231368,2,"[20, 73]"
2649,115920445,166.16785896819442,45.18383586779023,3,"[22, 49, 76]"
2650,139529851,49.334476760092706,21.490878873948155,2,"[18, 85]"
2651,139548173,56.46895094463965,-42.60786553612881,7,"[5, 31, 32, 106, 107, 108, 109]"
2652,139548413,56.08558019360245,-43.65739789767925,7,"[5, 31, 32, 106, 107, 108, 109]"
2653,139573536,117.43162304970151,-39.86867786111419,8,"[7, 34, 61, 88, 108, 109, 110, 111]"
2654,139576180,57.0537536655448,-43.55339421495578,7,"[5, 31, 32, 106, 107, 108, 109]"
2655,139595654,58.39684851964361,-41.39280348870739,6,"[5, 31, 106, 107, 108, 109]"
2656,139648100,88.6311490581849,-11.669789566965404,5,"[6, 33, 71, 72, 87]"
2657,139705151,60.84400132888209,-39.768620904898704,7,"[5, 32, 98, 106, 107, 108, 109]"
2658,139699247,307.25462181719826,-33.42161280649835,7,"[1, 27, 28, 68, 95, 104, 105]"
2659,164264814,352.9539494550759,39.16099049835676,4,"[16, 56, 83, 121]"
2660,164304803,259.85586202020227,66.84513638400276,9,"[25, 26, 40, 52, 53, 79, 80, 117, 118]"
2661,164305613,259.33492482638326,68.794078057863,12,"[25, 26, 40, 51, 52, 53, 78, 79, 80, 117, 118, 119]"
2662,164307430,260.42704306275436,67.27056507367597,10,"[25, 26, 40, 52, 53, 79, 80, 117, 118, 119]"
2663,164332676,301.35955491712815,-5.513849138233123,2,"[92, 116]"
2664,190063883,95.15206391454808,24.090207807546058,3,"[20, 60, 73]"
2665,189996908,152.1238901925279,-53.96106629780735,10,"[8, 9, 35, 61, 62, 89, 109, 110, 111, 112]"
2666,116246139,266.2378579572412,63.48319720439624,10,"[25, 26, 40, 52, 53, 79, 80, 117, 118, 119]"
2667,116157537,347.2918207205524,-39.86751097584121,7,"[2, 29, 69, 96, 103, 104, 105]"
2668,116273717,58.88090195314956,33.63984988143627,4,"[18, 58, 85, 86]"
2669,116307204,195.43836793936893,57.8808398959601,3,"[23, 50, 77]"
2670,116279676,195.0754232591041,56.63929444140623,4,"[16, 23, 50, 77]"
2671,139753621,60.75247593976231,-44.21988926471332,7,"[5, 32, 98, 106, 107, 108, 109]"
2672,139770629,308.3264053391004,-34.36473562448031,8,"[1, 27, 28, 68, 95, 104, 105]"
2673,139842723,309.68685842702615,-34.02754916606912,6,"[1, 27, 28, 68, 95, 104]"
2674,139898417,309.2396587758259,-36.97122876807866,8,"[1, 27, 28, 68, 95, 102, 104, 105]"
2675,164382752,300.59348652988086,-9.411704678901032,5,"[27, 67, 92, 94, 116]"
2676,164414051,293.7636722986406,66.07428267836013,11,"[14, 26, 40, 41, 53, 74, 75, 80, 81, 118, 120]"
2677,164542749,263.0809440135048,17.535157572172118,1,[118]
2678,190158777,152.3913684480113,-53.77712192364664,9,"[8, 9, 35, 62, 89, 109, 110, 111, 112]"
2679,190166086,150.56290771314565,-51.50820354549044,9,"[8, 35, 61, 62, 89, 109, 110, 111, 112]"
2680,116385975,209.76487901249544,58.62194753028708,6,"[23, 24, 50, 51, 77, 78]"
2681,116384247,204.74930211333765,62.01774586117687,7,"[16, 23, 24, 50, 51, 77, 78]"
2682,116388361,85.94558468803481,9.523596288292898,8,"[19, 43, 44, 45, 59, 71, 72, 73]"
2683,116384918,206.82410161090172,60.915275963751206,6,"[23, 24, 50, 51, 77, 78]"
2684,116362165,206.15867769891582,59.36760881805539,7,"[23, 24, 50, 51, 77, 78]"
2685,116415984,205.70738603301723,62.46180488730545,7,"[16, 23, 24, 50, 51, 77, 78]"
2686,116416167,205.31746048747544,62.95386400884065,7,"[16, 23, 24, 50, 51, 77, 78]"
2687,116522302,212.48698791404283,60.17353792661591,6,"[23, 24, 50, 51, 77, 78]"
2688,139922313,122.87551019868643,-42.98255687137518,7,"[7, 34, 88, 108, 109, 110, 111]"
2689,116541746,209.19761029194393,62.9569791046961,6,"[23, 24, 50, 51, 77, 78]"
2690,140072708,38.60605750219389,-58.1295345116284,5,"[31, 97, 105, 106, 107]"
2691,140069652,311.4948436713783,-38.00158963012645,8,"[1, 28, 68, 95, 102, 103, 104, 105]"
2692,140072112,40.552736802370994,-55.56219249905083,5,"[4, 31, 105, 106, 107]"
2693,140072113,40.54921490308021,-55.56338879890986,5,"[4, 31, 105, 106, 107]"
2694,164649009,263.11388996297484,20.22921946196176,1,[118]
2695,164651693,295.6602897707293,66.42590604048566,13,"[14, 26, 40, 41, 53, 54, 55, 75, 80, 81, 118, 119, 120]"
2696,164674435,295.0918419335995,64.29659016486745,12,"[14, 26, 40, 41, 53, 54, 74, 80, 81, 118, 119, 120]"
2697,164682222,14.129574256424828,-29.20219438190751,4,"[3, 97, 107, 108]"
2698,164669048,297.6199287983675,68.8539840100808,15,"[14, 26, 40, 41, 53, 54, 55, 74, 75, 80, 81, 82, 118, 119, 120]"
2699,164720249,16.514515149961962,-26.434574496540808,4,"[3, 30, 97, 108]"
2700,116606652,86.24311029235682,12.250843575619033,6,"[19, 43, 44, 45, 59, 73]"
2701,116743529,86.38528779178883,9.928514154305248,8,"[19, 43, 44, 45, 59, 71, 72, 73]"
2702,140122230,41.989471863895744,-54.60588832201971,4,"[4, 105, 106, 107]"
2703,140150083,160.3960211787688,-67.5035688007847,8,"[8, 9, 35, 36, 61, 63, 88, 90]"
2704,140143053,39.512318277567054,-59.242000061254416,5,"[4, 31, 97, 106, 107]"
2705,140174044,122.05005348675216,-39.74108697065963,8,"[7, 34, 61, 88, 108, 109, 110, 111]"
2706,140204398,41.954077205441706,-57.11344206712335,4,"[4, 105, 106, 107]"
2707,140206979,42.22196529401701,-57.3920804034692,3,"[4, 106, 107]"
2708,140286693,83.48490385619024,-53.87413593730437,9,"[5, 6, 32, 33, 87, 98, 107, 108, 109]"
2709,140288359,83.10028381185359,-58.00072154738526,9,"[5, 6, 32, 33, 87, 98, 107, 108, 109]"
2710,140284971,82.92881728884511,-56.72635590523449,9,"[5, 6, 32, 33, 87, 98, 107, 108, 109]"
2711,140349824,161.22151962646262,-67.61151544550347,8,"[8, 9, 35, 36, 61, 63, 88, 90]"
2712,164829414,296.7951843167271,65.30467535238978,13,"[14, 26, 40, 41, 53, 54, 55, 75, 80, 81, 118, 119, 120]"
2713,164886225,296.5905110330255,64.29349425949393,12,"[14, 26, 40, 41, 53, 54, 75, 80, 81, 118, 119, 120]"
2714,164787170,296.70881149210624,65.79587347200203,12,"[14, 26, 40, 41, 53, 55, 75, 80, 81, 118, 119, 120]"
2715,164870223,90.61913752204066,9.197083570928546,6,"[43, 44, 45, 71, 72, 73]"
2716,190856325,152.76640337416342,-51.40316266549596,8,"[8, 35, 62, 89, 109, 110, 111, 112]"
2717,116988032,59.272168766208026,30.629941264907426,3,"[18, 58, 85]"
2718,116886271,59.73313969266683,32.13631208435391,4,"[18, 58, 85, 86]"
2719,116888202,60.06620616798271,33.146877024107575,3,"[18, 58, 86]"
2720,116997257,86.84751846234107,10.227333154293929,8,"[19, 43, 44, 45, 59, 71, 72, 73]"
2721,117013343,310.84651860216275,46.991200551539634,7,"[14, 41, 54, 55, 81, 119, 120]"
2722,140492866,5.06775306308483,-37.23339945014612,6,"[3, 30, 97, 104, 106, 107]"
2723,164998949,299.97823875284826,68.78059556806245,15,"[14, 15, 26, 40, 41, 53, 55, 74, 75, 80, 81, 82, 118, 119, 120]"
2724,165076764,312.25276077744365,-22.01368893116991,6,"[1, 28, 68, 95, 105, 106]"
2725,165076924,312.45832998455404,-21.664582748694855,6,"[1, 28, 68, 95, 105, 106]"
2726,165102678,103.0736582737851,9.66815664083762,7,"[20, 44, 45, 47, 60, 71, 72]"
2727,165152656,93.00257461195422,-65.72064396106846,5,"[5, 7, 32, 87, 98]"
2728,165149397,93.04207707980986,-69.23912842929337,7,"[5, 7, 32, 33, 34, 87, 98]"
2729,165075674,263.9579793942062,20.447197487527703,1,[118]
2730,165191661,28.20392980272651,-53.825576209612876,8,"[3, 4, 30, 31, 97, 105, 106, 107]"
2731,165186583,93.47317209285286,-69.62392305291888,7,"[5, 7, 32, 33, 34, 87, 98]"
2732,165193206,27.21996971708686,-55.08988702502929,8,"[3, 4, 30, 31, 97, 105, 106, 107]"
2733,165188672,93.71120387433064,-68.14339096623299,7,"[5, 7, 32, 33, 34, 87, 98]"
2734,165189818,93.52913731332418,-65.56923465153828,6,"[5, 7, 32, 33, 87, 98]"
2735,165190615,27.84079881815481,-53.74842104145806,8,"[3, 4, 30, 31, 97, 105, 106, 107]"
2736,190927608,354.0045244604583,55.20277198125418,5,"[15, 16, 56, 76, 121]"
2737,190996748,26.836226225051742,37.36880311740379,2,"[57, 84]"
2738,117122093,125.25290952318511,5.25970026850003,5,"[44, 45, 46, 71, 72]"
2739,117157551,349.16890196372185,-39.33984780884264,7,"[2, 29, 69, 96, 103, 104, 105]"
2740,117162940,125.20639965115629,7.311968429451633,7,"[21, 44, 45, 46, 47, 71, 72]"
2741,117175631,60.6792416804185,32.92001270627614,3,"[18, 58, 86]"
2742,140596513,310.5681278422353,-80.43468423304756,43,"[1, 2, 3, 4, 5, 6, 7, 8, 9, 10, 11, 12, 13, 27, 28, 29, 30, 32, 33, 34, 35, 36, 37, 38, 39, 61, 62, 63, 65, 66, 67, 68, 69, 87, 88, 89, 90, 93, 94, 95, 96, 97, 98]"
2743,140638831,82.87999601278595,53.62842389596472,9,"[19, 25, 26, 52, 53, 59, 73, 79, 86]"
2744,140682376,82.92217422828558,52.9384151398272,9,"[19, 25, 26, 52, 53, 59, 73, 79, 86]"
2745,140690428,307.444523930827,-81.77429277410555,43,"[1, 2, 3, 5, 6, 7, 8, 9, 10, 11, 12, 13, 27, 28, 29, 30, 31, 32, 33, 35, 36, 37, 38, 39, 61, 62, 63, 64, 65, 66, 67, 68, 69, 87, 88, 89, 90, 93, 94, 95, 96, 97, 98]"
2746,140715180,243.42435303739072,-33.117620824062044,5,"[12, 38, 65, 102, 103]"
2747,165199850,38.4752462405071,-56.36986907891298,5,"[31, 97, 105, 106, 107]"
2748,165211467,94.30773975010234,-65.38348145125059,7,"[5, 6, 7, 32, 33, 87, 98]"
2749,165308804,337.9756436400898,73.26562464745,19,"[14, 15, 16, 41, 54, 55, 56, 57, 74, 75, 76, 77, 81, 82, 83, 84, 119, 120, 121]"
2750,165327084,172.36564074597368,36.411523034704224,3,"[22, 49, 76]"
2751,165329005,150.56266624967412,14.146272868763315,1,[48]
2752,191149891,254.06384408862604,-2.167854927671506,3,"[91, 115, 116]"
2753,191292372,261.48263201020364,-15.03394926944072,4,"[12, 39, 66, 93]"
2754,117297589,126.17451547640941,10.054149179604964,5,"[21, 44, 45, 46, 72]"
2755,117355623,126.33421702669536,10.429459689354537,5,"[21, 44, 45, 46, 72]"
2756,117356522,126.59688524811499,9.875265018243065,5,"[21, 44, 45, 46, 72]"
2757,165451014,152.91556378858934,18.93976988565025,2,"[22, 48]"
2758,165469629,171.4118968848448,53.63841633921745,4,"[15, 16, 22, 121]"
2759,165448300,170.26618863424898,51.787066145821505,6,"[15, 16, 22, 49, 76, 121]"
2760,165507382,256.84023021792876,40.27972745049795,6,"[25, 26, 52, 79, 117, 118]"
2761,191460663,31.41484882928059,38.327047375333514,4,"[17, 57, 84, 85]"
2762,117540364,336.99716614687617,45.9774258959203,6,"[15, 55, 56, 82, 83, 121]"
2763,117510145,323.04055650227355,-31.911420827319933,6,"[1, 28, 68, 95, 105, 106]"
2764,117611956,355.0987925889271,-12.508954403069648,5,"[2, 29, 69, 70, 107]"
2765,117646499,63.4140657340512,-35.06272266121553,6,"[5, 32, 98, 106, 108, 109]"
2766,117647213,63.78876825589461,-34.09079807507733,5,"[5, 32, 98, 106, 109]"
2767,140893238,299.4726705465657,-82.0668530017473,43,"[1, 2, 3, 4, 5, 6, 8, 9, 10, 11, 12, 13, 27, 28, 29, 30, 31, 32, 33, 34, 35, 36, 37, 38, 39, 61, 62, 63, 64, 65, 66, 68, 69, 87, 88, 89, 90, 93, 94, 95, 96, 97, 98]"
2768,140947789,124.43739795573214,-43.462259512128355,5,"[7, 34, 109, 110, 111]"
2769,140898575,284.2038121545578,-78.31771266153764,43,"[1, 2, 3, 4, 5, 6, 7, 8, 9, 10, 11, 12, 13, 27, 28, 29, 31, 32, 33, 34, 35, 36, 37, 38, 39, 61, 62, 63, 64, 65, 66, 67, 68, 69, 87, 88, 89, 93, 94, 95, 96, 97, 98]"
2770,140935469,85.58716370035259,53.20724013864739,10,"[19, 25, 26, 52, 53, 59, 60, 73, 79, 86]"
2771,140966607,85.33899418270809,49.99753330757958,9,"[19, 26, 52, 53, 59, 60, 73, 79, 86]"
2772,141026903,293.2286949876207,-82.0407841499174,44,"[1, 2, 3, 4, 5, 6, 7, 8, 9, 10, 11, 12, 13, 28, 29, 30, 31, 32, 33, 34, 35, 36, 37, 38, 39, 61, 62, 63, 64, 65, 66, 67, 68, 69, 87, 88, 89, 90, 93, 94, 95, 96, 97, 98]"
2773,165598909,185.0224131340867,68.32379680808221,9,"[16, 22, 23, 24, 49, 50, 76, 77, 121]"
2774,165602000,336.9892706909605,51.90301917778098,9,"[15, 55, 56, 75, 76, 82, 83, 120, 121]"
2775,165602023,336.98914827929224,51.89425146699558,9,"[15, 55, 56, 75, 76, 82, 83, 120, 121]"
2776,165642077,257.8711268690675,38.184926353951695,6,"[25, 26, 52, 79, 117, 118]"
2777,165661146,216.94103045519162,-26.88144363217641,5,"[11, 37, 64, 101, 102]"
2778,191509361,30.59835622380558,36.210787305584084,3,"[17, 57, 84]"
2779,191660245,33.03625612991717,38.45123440277549,4,"[17, 57, 84, 85]"
2780,191662881,31.474216709632046,35.98272193750332,4,"[17, 57, 84, 85]"
2781,117762849,65.47357551978483,-34.972796861761196,5,"[5, 32, 98, 106, 109]"
2782,117774227,65.90801964910024,-33.882261091929095,5,"[32, 98, 106, 109, 110]"
2783,117845486,66.65583387016233,-34.34241517756837,6,"[5, 32, 98, 106, 109, 110]"
2784,141176359,156.05205048199636,42.65520300051232,5,"[22, 48, 49, 75, 76]"
2785,141148944,156.33878871822606,41.25676168896223,3,"[22, 75, 76]"
2786,141186075,283.00169636052874,-80.4698694971532,42,"[1, 2, 3, 4, 5, 6, 7, 8, 9, 10, 11, 12, 27, 28, 29, 31, 32, 33, 34, 35, 36, 37, 38, 39, 61, 62, 64, 65, 66, 67, 68, 69, 87, 88, 89, 90, 93, 94, 95, 96, 97, 98]"
2787,141201605,160.0393766248075,38.9712226552365,3,"[22, 49, 76]"
2788,165737711,195.43920023269217,67.77113888641074,10,"[16, 22, 23, 24, 49, 50, 51, 76, 77, 78]"
2789,165763827,194.0316245420385,68.88106776538461,11,"[16, 22, 23, 24, 49, 50, 51, 76, 77, 78, 121]"
2790,165764315,189.44839374573596,70.47399242388548,10,"[15, 16, 22, 23, 49, 50, 51, 77, 78, 121]"
2791,165760083,190.88958900673833,38.5881012922461,3,"[23, 50, 77]"
2792,165859518,124.91468177740454,13.465843617007945,2,"[21, 47]"
2793,165852811,117.96294065958624,12.15483096022426,5,"[20, 44, 45, 46, 47]"
2794,191720761,36.942042084350966,30.62803959224578,2,"[17, 85]"
2795,191721574,37.526940402717,31.659308137349324,3,"[17, 58, 85]"
2796,191721747,37.72493734834469,31.838107087484094,3,"[17, 58, 85]"
2797,191764184,38.79593602196893,33.30550761024288,4,"[17, 18, 58, 85]"
2798,191770861,37.36456783098187,30.40682135480194,3,"[17, 58, 85]"
2799,191748452,154.66290302411608,-50.37805932222798,8,"[8, 9, 35, 62, 89, 109, 110, 112]"
2800,191833127,99.49440232535109,20.725594440448244,3,"[20, 60, 73]"
2801,117893806,121.69082917737391,24.647528996863052,1,[47]
2802,117927293,11.501962708745456,24.50283134235686,2,"[57, 84]"
2803,117948083,138.65875430439385,-40.52293602546674,9,"[8, 34, 35, 61, 88, 109, 110, 111, 112]"
2804,117979951,67.52347659741993,-38.97155943498942,6,"[5, 32, 98, 106, 107, 108]"
2805,118034593,354.90865093429977,34.4187573724806,1,[56]
2806,118034753,67.92873163432095,-38.409920829799496,7,"[5, 32, 98, 106, 107, 108, 109]"
2807,141246785,160.38196748291784,46.98598529270747,6,"[15, 22, 48, 49, 75, 121]"
2808,141248738,158.9843805093886,48.653025895349884,7,"[15, 22, 48, 49, 75, 76, 121]"
2809,141249230,157.70317958944278,49.954479873041606,7,"[15, 22, 48, 49, 75, 76, 121]"
2810,141303997,208.75925585079588,29.01391355584395,1,[50]
2811,141284584,178.66914482740953,28.106033630877427,1,[49]
2812,141327580,41.027625986328765,-22.697559927077116,3,"[4, 31, 109]"
2813,141331113,202.74587542843173,33.1254162867261,2,"[23, 50]"
2814,141331561,201.96086074650378,34.81894563709195,2,"[23, 50]"
2815,141336827,203.7544082454149,31.34422087716418,2,"[23, 50]"
2816,141333291,39.8712813581774,-27.066782490277223,4,"[4, 31, 108, 109]"
2817,141348323,239.34229809794556,-27.906268477648013,4,"[38, 65, 102, 103]"
2818,165909249,213.610923498828,-38.9960349772329,9,"[10, 11, 37, 64, 99, 100, 101, 113, 114]"
2819,165962902,109.71737196916057,-3.7554192417173873,5,"[44, 45, 46, 71, 72]"
2820,165986450,127.16223252472585,15.339822171182757,1,[21]
2821,165978900,179.67239495065434,35.63115384394462,3,"[23, 49, 76]"
2822,165967283,109.14703741158495,0.88255316774218,3,"[46, 71, 72]"
2823,165992843,178.36606180682037,38.89939092755472,4,"[22, 23, 49, 76]"
2824,166050407,180.44487538245886,38.08938668189867,3,"[23, 49, 76]"
2825,191966413,100.105642898037,21.86541671300512,3,"[20, 60, 73]"
2826,118142755,271.1681058595055,-30.748263247792128,6,"[13, 39, 66, 93, 103, 104]"
2827,118247219,37.76849893211728,12.561644165345168,4,"[17, 43, 58, 85]"
2828,118268680,37.77907500647737,12.000842794989389,5,"[17, 42, 43, 58, 85]"
2829,141418531,225.81265001158977,34.000872505161794,1,[51]
2830,141422008,226.99520133237718,34.35784495970387,1,[51]
2831,141411201,282.59623255992364,-82.60735728633568,42,"[1, 2, 4, 5, 6, 7, 8, 9, 10, 11, 12, 27, 28, 29, 31, 32, 33, 34, 35, 36, 37, 38, 39, 61, 62, 63, 64, 65, 66, 67, 68, 69, 87, 88, 89, 90, 93, 94, 95, 96, 97, 98]"
2832,141517690,125.86929842909487,-43.87315761500767,8,"[7, 34, 61, 88, 108, 109, 110, 111]"
2833,141521914,92.9246063525489,58.78905338531744,11,"[19, 20, 40, 47, 52, 59, 60, 73, 74, 86, 119]"
2834,141523112,93.74411563628705,56.273391775710465,11,"[19, 20, 26, 40, 47, 53, 59, 60, 73, 79, 119]"
2835,166089535,157.542229329451,68.39681264620476,11,"[15, 16, 21, 22, 41, 48, 49, 75, 76, 120, 121]"
2836,166090806,167.36052819929677,66.15144195021192,8,"[15, 16, 23, 48, 75, 76, 120, 121]"
2837,166151118,163.66648460815009,67.51337942393818,10,"[15, 16, 21, 23, 41, 48, 49, 75, 76, 120]"
2838,166178883,164.0543836307005,68.20764889229027,10,"[15, 16, 21, 23, 48, 49, 75, 76, 120, 121]"
2839,166179517,170.54311743202234,66.60360813088113,10,"[15, 16, 22, 23, 48, 49, 50, 75, 77, 121]"
2840,192062418,100.9299696986676,22.200027246628686,3,"[20, 47, 60]"
2841,166209802,274.13143292682224,39.66470880831368,4,"[26, 40, 80, 118]"
2842,166236309,216.6634655235141,-42.65837177597782,10,"[11, 37, 38, 64, 99, 100, 101, 112, 113, 114]"
2843,192072521,101.57966028326442,19.470102032787633,2,"[20, 47]"
2844,192205695,101.88153002773608,24.268524331303556,3,"[20, 47, 60]"
2845,118301925,41.7118191706503,14.14690930221965,3,"[18, 58, 85]"
2846,118295030,39.737083593961785,10.085598607027128,6,"[42, 43, 58, 70, 71, 85]"
2847,118295808,40.33164384540345,11.482740604493145,4,"[18, 42, 58, 85]"
2848,118389700,44.30927346869493,14.237292511881584,3,"[18, 58, 85]"
2849,118417929,44.44216125841078,14.211772857019678,3,"[18, 58, 85]"
2850,118405580,169.60919411893147,-69.26371526607561,10,"[8, 9, 10, 35, 36, 61, 62, 63, 89, 90]"
2851,118492185,138.21091570877135,-35.274904554763296,8,"[8, 34, 61, 88, 99, 109, 111, 112]"
2852,118457056,170.37804312580909,-69.4734942903448,10,"[8, 9, 10, 35, 36, 37, 62, 63, 89, 90]"
2853,118523995,70.22205483932822,-2.035037088847124,4,"[43, 44, 70, 71]"
2854,141595550,124.60045159633144,-40.407995759727534,9,"[7, 34, 61, 88, 108, 109, 110, 111, 112]"
2855,141615704,96.29762589876087,55.718158219318646,11,"[19, 20, 26, 40, 47, 53, 59, 60, 73, 74, 119]"
2856,141679305,97.9404849474515,55.89050683574425,10,"[19, 20, 26, 40, 47, 53, 60, 73, 74, 119]"
2857,166271877,274.018292777401,35.276713707301305,2,"[80, 118]"
2858,166310851,218.26036194656908,-23.467990621875504,4,"[11, 37, 64, 102]"
2859,166348459,289.78848911518037,-29.441427339056297,6,"[13, 27, 67, 94, 104, 105]"
2860,166417326,218.98654904420948,-24.138359807863083,4,"[11, 38, 64, 102]"
2861,166445064,220.5767904178379,-27.211500349997706,4,"[11, 38, 64, 101]"
2862,192374290,57.69969304970243,29.223339581402037,3,"[18, 58, 85]"
2863,118553305,70.57685926258245,-0.5022069440371413,2,"[43, 44]"
2864,118554656,70.89129858254492,1.275424709085905,4,"[43, 44, 70, 71]"
2865,118572678,48.054319006274014,-28.298524208657817,3,"[4, 31, 109]"
2866,118572803,48.1593619444062,-27.714547263893905,3,"[4, 31, 109]"
2867,118678954,71.40357125405058,1.0102964211806853,2,"[70, 71]"
2868,141764575,100.03212048220799,57.132806754695686,10,"[19, 20, 26, 40, 47, 53, 60, 73, 74, 119]"
2869,141828072,261.6754394986998,-82.82772637976763,41,"[1, 2, 3, 4, 5, 6, 7, 8, 10, 11, 12, 13, 27, 28, 29, 30, 31, 32, 33, 34, 35, 36, 37, 38, 61, 63, 64, 65, 66, 67, 68, 69, 87, 88, 90, 93, 94, 95, 96, 97, 98]"
2870,141815106,165.84283080212762,59.61208167426548,8,"[15, 16, 22, 48, 49, 75, 76, 121]"
2871,141821518,168.61604326462125,59.13933053939332,7,"[15, 16, 22, 23, 49, 76, 121]"
2872,141864533,165.75835045571768,61.50324703899612,8,"[15, 16, 22, 48, 49, 75, 76, 121]"
2873,141810080,265.2883132657568,-81.76482080950363,45,"[1, 2, 3, 4, 5, 6, 7, 8, 9, 10, 11, 12, 13, 27, 28, 29, 30, 31, 32, 33, 34, 35, 36, 37, 38, 39, 61, 62, 63, 64, 65, 66, 67, 68, 69, 87, 88, 89, 90, 93, 94, 95, 96, 97, 98]"
2874,141811261,266.8212391810149,-79.42641583279932,45,"[1, 2, 3, 4, 5, 6, 7, 8, 9, 10, 11, 12, 13, 27, 28, 29, 30, 31, 32, 33, 34, 35, 36, 37, 38, 39, 61, 62, 63, 64, 65, 66, 67, 68, 69, 87, 88, 89, 90, 93, 94, 95, 96, 97, 98]"
2875,141861147,170.7952344324549,58.220694562578444,5,"[16, 22, 23, 49, 121]"
2876,166529988,128.33195819913254,12.523288727139978,2,"[21, 44]"
2877,166576067,219.28147268329315,-23.273956432486674,4,"[11, 38, 64, 102]"
2878,166563438,213.70476124829682,-38.53303525467839,9,"[10, 11, 37, 64, 99, 100, 101, 113, 114]"
2879,166492729,127.32494485743628,15.024161202017742,1,[21]
2880,166492845,127.53977045290502,14.600893111691802,1,[21]
2881,166578417,295.3737193318414,-29.63484522554388,4,"[67, 94, 104, 105]"
2882,166584461,128.45247016032,14.666964897488372,1,[21]
2883,166595382,128.64690317422063,15.383012753722648,1,[21]
2884,192533869,58.20988942718644,28.50790759212425,3,"[18, 58, 85]"
2885,192622163,225.37864672455134,5.526902060282749,2,"[91, 115]"
2886,192655640,225.7103136605143,5.857868635961855,2,"[91, 115]"
2887,118817518,144.09558179734842,-34.60096672559208,9,"[8, 35, 61, 62, 88, 89, 99, 109, 112]"
2888,118820774,71.66106419509548,-1.2954145562015855,4,"[43, 44, 70, 71]"
2889,118829622,145.66235184167834,-37.84705174049088,9,"[8, 35, 61, 62, 89, 99, 109, 111, 112]"
2890,141918755,251.53977125693515,36.54947280767892,2,"[79, 117]"
2891,118840289,272.66969260945524,-34.04618867854916,6,"[13, 39, 66, 93, 103, 104]"
2892,141988284,125.38331822136551,-40.787271381465146,9,"[7, 34, 61, 88, 108, 109, 110, 111, 112]"
2893,142006351,194.19856266617418,-32.44107144221914,7,"[10, 37, 63, 90, 100, 101, 114]"
2894,141969034,191.54548476013278,-28.859455659733833,7,"[10, 36, 63, 90, 100, 101, 114]"
2895,141985827,252.1075805471132,37.48593904644918,4,"[25, 52, 79, 117]"
2896,142017265,261.797788204825,-79.06758431480377,44,"[1, 2, 3, 4, 5, 6, 7, 8, 10, 11, 12, 13, 27, 28, 29, 30, 31, 32, 33, 34, 35, 36, 37, 38, 39, 61, 62, 63, 64, 65, 66, 67, 68, 69, 87, 88, 89, 90, 93, 94, 95, 96, 97, 98]"
2897,166615946,129.14856430540576,15.00473263731782,1,[21]
2898,166650821,300.51749922314673,-33.21937489668221,4,"[27, 67, 94, 105]"
2899,166698220,3.0229366518823193,-59.297416491899966,9,"[2, 3, 29, 30, 69, 96, 97, 104, 105]"
2900,166762338,44.584693968750635,-48.24766828769676,6,"[4, 31, 105, 106, 107, 108]"
2901,166787777,5.686398548694641,-60.389265211324215,8,"[2, 3, 29, 30, 69, 96, 97, 105]"
2902,166760533,4.4595402919786045,-60.259544843825296,8,"[2, 3, 29, 30, 69, 96, 97, 105]"
2903,192680424,225.27877062092114,8.2464386010758,2,"[91, 115]"
2904,192732454,58.703154111942816,27.400006247664166,3,"[18, 58, 85]"
2905,192717504,225.29027055796058,9.2335680396597,2,"[91, 115]"
2906,192717599,225.45170805958125,9.004020949643143,3,"[51, 91, 115]"
2907,192787041,75.73294546771555,-63.97556541234067,4,"[5, 6, 32, 87]"
2908,192732127,58.578308457481185,27.16505395483023,3,"[18, 58, 85]"
2909,192789761,77.1701289934041,-60.31689212417255,7,"[5, 6, 32, 33, 98, 107, 108]"
2910,118909159,145.21009719066265,-36.40584931374967,9,"[8, 35, 61, 62, 89, 99, 109, 111, 112]"
2911,142103211,86.88901967584694,55.89358684841754,11,"[19, 20, 25, 26, 40, 52, 53, 59, 60, 79, 86]"
2912,142110847,194.01626222842168,-30.543193222464453,7,"[10, 37, 63, 90, 100, 101, 114]"
2913,142085842,260.8105524677771,-78.59883108877662,43,"[1, 2, 3, 4, 5, 6, 7, 8, 9, 10, 11, 12, 13, 27, 28, 29, 30, 31, 32, 33, 34, 35, 36, 37, 38, 61, 62, 63, 64, 65, 66, 67, 68, 87, 88, 89, 90, 93, 94, 95, 97, 98]"
2914,142116609,193.35324052524402,-28.967385490556257,7,"[10, 37, 63, 90, 100, 101, 114]"
2915,142152059,87.25045164745204,54.93507724269168,10,"[19, 20, 26, 40, 52, 53, 59, 60, 79, 86]"
2916,166835573,4.493992732166533,-62.31459796347893,7,"[2, 3, 29, 30, 69, 96, 97]"
2917,166853853,8.234961748674502,-61.0143865731853,7,"[2, 3, 29, 30, 69, 97, 105]"
2918,166932528,48.468289057430276,-49.71891021996103,6,"[4, 5, 31, 105, 106, 108]"
2919,192841049,59.34710011629858,25.481136852604937,4,"[18, 58, 85, 86]"
2920,119144235,209.69665250777098,6.3415978988629975,3,"[50, 91, 115]"
2921,119144978,209.12424843109014,8.130458087230156,3,"[50, 91, 115]"
2922,142276979,151.29923853447548,57.7402006675628,10,"[14, 15, 21, 22, 48, 49, 75, 76, 120, 121]"
2923,142277151,152.69395254537343,56.99451598381803,10,"[15, 21, 22, 41, 48, 49, 75, 76, 120, 121]"
2924,142319244,146.1752712972169,60.93825238078234,11,"[14, 15, 21, 22, 41, 48, 49, 75, 76, 120, 121]"
2925,142328358,195.765900511534,-29.3620554857977,7,"[10, 37, 63, 90, 100, 101, 114]"
2926,142350121,149.95796776306082,60.337341385459624,11,"[14, 15, 21, 22, 41, 48, 49, 75, 76, 120, 121]"
2927,142386350,153.27986436909276,60.15902951577535,10,"[15, 21, 22, 41, 48, 49, 75, 76, 120, 121]"
2928,142392159,195.28832195285673,-27.83537347244899,7,"[10, 37, 63, 90, 100, 101, 114]"
2929,167005517,243.1765894975695,-86.31550456447876,41,"[1, 2, 3, 4, 6, 7, 8, 9, 10, 11, 12, 13, 27, 28, 29, 30, 31, 32, 33, 34, 36, 37, 38, 39, 62, 63, 64, 65, 66, 67, 68, 69, 87, 89, 90, 93, 94, 95, 96, 97, 98]"
2930,193027587,167.80456375118638,-31.79807102736071,7,"[9, 36, 62, 89, 99, 100, 113]"
2931,193028886,168.80793213267253,-33.3029356490442,7,"[9, 36, 62, 89, 99, 100, 113]"
2932,193032655,170.84857745060353,-36.47936581105565,10,"[9, 36, 62, 63, 89, 99, 100, 110, 112, 113]"
2933,119205821,275.7819686839581,11.308016944595009,4,"[80, 91, 92, 118]"
2934,119362815,102.49491799344437,-64.20301351592954,5,"[6, 7, 33, 88, 98]"
2935,119327800,101.10387137169893,-61.073356423431605,7,"[6, 7, 33, 87, 98, 108, 109]"
2936,119340944,274.1204431779463,-33.746737815293315,5,"[13, 66, 93, 103, 104]"
2937,142479364,127.28506073805396,-43.25370649925543,5,"[7, 108, 109, 110, 111]"
2938,142511932,238.2464505655055,-23.328064849482715,5,"[11, 38, 65, 102, 103]"
2939,142528234,105.81806923137798,-34.87007848300034,6,"[6, 7, 33, 87, 110, 111]"
2940,167092249,338.6069329635589,50.55249419847345,8,"[15, 55, 56, 75, 76, 82, 83, 121]"
2941,142549615,125.93367456180113,-38.95310179018226,8,"[7, 34, 61, 88, 109, 110, 111, 112]"
2942,193195442,170.8027462319268,-32.96762206582938,7,"[9, 36, 62, 63, 89, 100, 113]"
2943,193222805,171.9646383938718,-34.44588081846284,8,"[36, 62, 63, 89, 99, 100, 110, 113]"
2944,193320650,182.93693132203714,-12.025436035406324,6,"[9, 36, 63, 90, 114, 115]"
2945,119521002,103.54285654706842,-60.87149731653443,7,"[6, 7, 33, 34, 87, 108, 109]"
2946,119572487,165.69136375935537,19.718578629058314,2,"[22, 49]"
2947,119514195,351.82783357874916,43.567221525604296,2,"[16, 121]"
2948,119571691,167.62492200365324,15.380689082972761,2,"[22, 49]"
2949,119583495,166.78345362034688,18.545920613547178,2,"[22, 49]"
2950,142596402,255.7464540105638,21.12851706894446,2,"[117, 118]"
2951,142619421,117.15194217031981,61.79333649402336,13,"[14, 20, 21, 40, 41, 47, 48, 53, 60, 74, 75, 119, 120]"
2952,142591776,122.84792692351105,59.04836272451595,11,"[20, 21, 40, 41, 47, 48, 60, 74, 75, 119, 120]"
2953,142680352,252.66483974625027,37.098958981111245,4,"[25, 52, 79, 117]"
2954,142696134,252.94670717620733,36.21447068984161,2,"[79, 117]"
2955,142734765,256.5084790283108,18.959538917934616,1,[118]
2956,167415800,233.9497221467915,-84.70541805066992,40,"[1, 2, 3, 4, 5, 6, 7, 9, 10, 11, 12, 13, 27, 28, 29, 30, 31, 32, 33, 34, 35, 36, 37, 39, 61, 62, 63, 64, 65, 66, 67, 68, 87, 89, 90, 93, 94, 95, 97, 98]"
2957,193510314,242.13193834890012,16.847482286504412,1,[117]
2958,193505896,242.04129397920914,16.65872346580378,1,[117]
2959,193602238,262.34605118118253,68.3683318772328,10,"[25, 26, 40, 52, 53, 79, 80, 117, 118, 119]"
2960,119639487,213.05342712826155,28.928781620131222,1,[51]
2961,119648132,193.58443711592614,-53.20108503063926,10,"[10, 37, 63, 64, 90, 99, 100, 111, 112, 113]"
2962,119613557,212.9950582254942,27.659399110163633,1,[51]
2963,119720012,189.88530058486097,-50.05099631152178,10,"[9, 10, 36, 37, 63, 90, 99, 100, 111, 113]"
2964,142773755,126.65242020829233,-40.27243930011723,8,"[7, 34, 61, 88, 109, 110, 111, 112]"
2965,142784946,117.93452621764732,55.88183676420006,10,"[14, 20, 21, 40, 41, 47, 60, 74, 119, 120]"
2966,142798391,141.65603943559202,-16.72376169724537,5,"[8, 35, 61, 88, 99]"
2967,142874735,34.601681756563934,-52.21351632738262,6,"[4, 31, 97, 105, 106, 107]"
2968,142889338,35.33134769602566,-52.336032280707144,6,"[4, 31, 97, 105, 106, 107]"
2969,167453884,61.25030402920334,-29.086368560391428,4,"[5, 32, 109, 110]"
2970,167460086,11.347581479145731,-18.846794453867577,4,"[3, 30, 97, 108]"
2971,167471028,340.25228579304445,51.31242850573153,8,"[15, 55, 56, 75, 76, 82, 83, 121]"
2972,167596713,226.40982496492126,-21.783609263012288,4,"[11, 38, 65, 102]"
2973,193634910,263.3317983834668,70.97715142566368,14,"[25, 26, 40, 51, 52, 53, 54, 74, 78, 80, 81, 117, 118, 119]"
2974,119840693,228.91706471917468,36.00479040945938,3,"[51, 78, 117]"
2975,119820859,275.321517262302,-35.424646660889906,6,"[13, 66, 93, 103, 104, 114]"
2976,119812616,227.81748191549775,34.75891788199953,1,[51]
2977,119876332,275.8618487724634,-30.82399081479483,5,"[13, 66, 93, 103, 104]"
2978,119888422,230.66577951546296,33.13614516618711,2,"[51, 117]"
2979,119885027,229.9449999467248,34.32654226104283,2,"[51, 117]"
2980,119885068,229.97049613798714,34.44136295834741,2,"[51, 117]"
2981,142935739,135.96436935803857,57.48973776955794,9,"[14, 21, 41, 47, 48, 74, 75, 119, 120]"
2982,142946308,132.1751054730102,59.764387365476196,10,"[14, 15, 21, 41, 47, 48, 74, 75, 119, 120]"
2983,142976476,39.90320061188091,-48.36912005127056,5,"[4, 31, 105, 106, 108]"
2984,142977635,37.908773143389915,-51.8997733193729,7,"[4, 31, 97, 105, 106, 107, 108]"
2985,143021874,39.270545047723864,-51.108607790047635,7,"[4, 31, 105, 106, 107, 108]"
2986,143046056,171.48496534690557,-11.713842494785341,5,"[9, 36, 63, 72, 100]"
2987,167656187,137.29625563118586,-81.59348238683019,41,"[2, 3, 4, 5, 6, 7, 8, 9, 10, 12, 13, 27, 28, 29, 30, 31, 32, 33, 34, 35, 36, 37, 38, 39, 62, 63, 64, 66, 67, 68, 69, 87, 88, 89, 90, 93, 94, 95, 96, 97, 98]"
2988,167699908,73.38958632176728,-62.62798272040789,5,"[5, 6, 32, 33, 98]"
2989,193801894,327.81557140646487,58.96658709286405,9,"[14, 15, 41, 55, 56, 75, 82, 120, 121]"
2990,193829695,269.04551730747306,66.85471202280597,11,"[25, 26, 40, 52, 53, 54, 74, 79, 80, 117, 119]"
2991,193804731,327.2129208313514,58.346528512608934,8,"[14, 15, 41, 55, 75, 82, 120, 121]"
2992,193827083,268.4172964668917,68.42212343549227,12,"[25, 26, 40, 52, 53, 54, 74, 79, 80, 81, 117, 119]"
2993,193869952,269.4463674647709,68.91507901114603,12,"[25, 26, 40, 52, 53, 54, 74, 79, 80, 81, 117, 119]"
2994,119985828,238.20278436643633,34.06714650171326,2,"[51, 117]"
2995,119985831,238.20242796558392,34.068241804890626,2,"[51, 117]"
2996,120030721,242.0366136053614,36.587020215331535,2,"[79, 117]"
2997,119975127,238.29053897104058,33.34159437341991,2,"[51, 117]"
2998,119957643,236.8183762482566,37.03209295157105,5,"[25, 51, 52, 78, 117]"
2999,120044317,293.3412641393767,62.497936664856944,11,"[14, 26, 40, 41, 53, 54, 74, 80, 81, 118, 120]"
3000,120108979,354.7280079027102,44.11894191942573,3,"[16, 56, 121]"
3001,143093864,88.50430942389886,-54.96605007235223,6,"[6, 32, 33, 98, 108, 109]"
3002,143115375,253.97300612100295,38.81640601612795,4,"[25, 52, 117, 118]"
3003,143127398,239.51877899179217,-26.983603266086163,4,"[38, 65, 102, 103]"
3004,167806359,171.66373465693707,-23.602346905966883,5,"[9, 36, 63, 100, 114]"
3005,167814656,148.48868703187384,-81.62835999344898,45,"[1, 2, 3, 4, 5, 6, 7, 8, 9, 10, 11, 12, 13, 27, 28, 29, 30, 31, 32, 33, 34, 35, 36, 37, 38, 39, 61, 62, 63, 64, 65, 66, 67, 68, 69, 87, 88, 89, 90, 93, 94, 95, 96, 97, 98]"
3006,167889542,179.1584770082312,-83.77828603594868,44,"[1, 2, 3, 4, 5, 6, 7, 8, 9, 10, 11, 12, 13, 27, 28, 29, 30, 31, 32, 33, 34, 35, 37, 38, 39, 61, 62, 63, 64, 65, 66, 67, 68, 69, 87, 88, 89, 90, 93, 94, 95, 96, 97, 98]"
3007,167885029,173.18471738245734,-25.49430944174437,6,"[9, 36, 63, 100, 113, 114]"
3008,193973873,196.8532104339169,65.56223239710133,9,"[16, 23, 24, 49, 50, 51, 76, 77, 78]"
3009,120168238,103.72170361399039,-32.99262020983624,5,"[6, 33, 87, 110, 111]"
3010,120229621,191.32031352797657,-50.37745647784037,10,"[10, 36, 37, 63, 90, 99, 100, 111, 112, 113]"
3011,143405303,159.04160958814919,-14.611800078262156,4,"[35, 62, 89, 113]"
3012,168061810,102.52144564312607,-23.65891441232777,3,"[6, 33, 87]"
3013,120403335,356.47171600472325,44.32075774355091,4,"[16, 56, 83, 121]"
3014,120443257,344.46354897598354,-33.185072790684984,6,"[2, 29, 69, 96, 103, 106]"
3015,120462356,341.647908229281,-38.21289622613878,8,"[2, 29, 69, 96, 103, 104, 105, 106]"
3016,120495825,296.5154968920258,63.51720991509754,11,"[14, 26, 40, 41, 53, 54, 75, 80, 81, 119, 120]"
3017,143463658,288.85560838056807,-23.457671281300847,6,"[13, 27, 67, 94, 104, 105]"
3018,168160866,166.84000395649363,-35.16799488092384,9,"[9, 35, 36, 62, 89, 99, 100, 110, 112]"
3019,168276119,168.36862824315403,-36.3256705269749,8,"[9, 35, 36, 62, 89, 100, 110, 112]"
3020,194387552,21.844945789855256,35.7792162133767,3,"[17, 57, 84]"
3021,120599496,359.6889724131544,45.740721138975736,4,"[16, 56, 83, 121]"
3022,120610287,346.37271194050214,-37.475405015446654,6,"[2, 69, 96, 103, 105, 106]"
3023,120770766,193.67275467711806,-51.07007031374695,11,"[10, 36, 37, 63, 64, 90, 99, 100, 111, 112, 113]"
3024,143692297,82.64627161943059,17.82673063743415,3,"[59, 73, 86]"
3025,143797704,282.3431759046732,-19.32998260760043,2,"[13, 104]"
3026,143824501,136.24508767897342,-41.48980096712146,5,"[61, 88, 110, 111, 112]"
3027,168381887,179.3154341571513,-30.28095093505296,6,"[9, 63, 90, 100, 113, 114]"
3028,168441252,287.8044854771896,-7.419612176704457,4,"[13, 27, 92, 116]"
3029,168407694,180.37079180396577,-31.43008891326953,8,"[9, 36, 63, 90, 100, 113, 114]"
3030,168442621,287.9047477877053,-7.3504991241834965,4,"[13, 27, 92, 116]"
3031,194503676,20.39570847394035,31.597883166986705,1,[17]
3032,194531699,21.540031273898087,32.715544055233174,3,"[17, 57, 84]"
3033,120856811,193.91580942443534,-51.15073611246652,11,"[10, 36, 37, 63, 64, 90, 99, 100, 111, 112, 113]"
3034,120883123,104.65481320169542,-30.83747987347293,5,"[6, 33, 87, 110, 111]"
3035,120932152,25.146404717057976,-37.57961213938936,7,"[3, 4, 30, 97, 105, 107, 108]"
3036,121007190,47.15336383909343,-38.01058574568147,6,"[4, 31, 106, 107, 108, 109]"
3037,121025936,48.05605074605025,-37.72728678184366,6,"[4, 31, 106, 107, 108, 109]"
3038,143900456,135.30377944664426,-38.94418339569479,8,"[7, 8, 34, 61, 88, 110, 111, 112]"
3039,144028102,240.37628788142976,-28.5051266034241,5,"[12, 38, 65, 102, 103]"
3040,168538510,239.0747401081496,16.55725027377347,1,[117]
3041,168651937,239.90680658367813,16.96257133256741,1,[117]
3042,168704717,186.1047213453392,54.592519762423805,6,"[16, 23, 49, 50, 76, 77]"
3043,168696165,49.77930844008991,-50.57397363017665,7,"[4, 5, 31, 105, 106, 107, 108]"
3044,168708816,186.95759974504298,54.648271228108406,6,"[16, 23, 49, 50, 76, 77]"
3045,194670203,59.570260717367475,21.819812884228895,3,"[18, 58, 86]"
3046,121157419,49.4967533182766,-41.34960159711585,5,"[31, 106, 107, 108, 109]"
3047,121078878,47.35514701171695,-41.88985393990593,2,"[106, 107]"
3048,121232944,132.24585319118134,-23.3228883678388,6,"[7, 34, 61, 88, 99, 112]"
3049,121233012,132.18533637872883,-23.228970050070682,6,"[7, 34, 61, 88, 99, 112]"
3050,144046368,318.1254359735656,-36.474283914810734,7,"[1, 28, 68, 95, 102, 104, 105]"
3051,144068704,318.73328851472957,-36.8001552304057,7,"[1, 28, 68, 95, 102, 104, 105]"
3052,144115005,206.08384635874316,-34.29737828132144,7,"[10, 37, 64, 100, 101, 114]"
3053,144135094,95.9292472985588,13.187740513604524,3,"[20, 60, 73]"
3054,144173870,95.99170637301444,18.120500400675482,3,"[20, 60, 73]"
3055,144161777,36.680779549091234,-66.00220722087455,4,"[3, 5, 30, 97]"
3056,144168568,181.48315862336833,-10.607431715308776,7,"[9, 36, 46, 63, 90, 114, 115]"
3057,144219989,206.31405461135006,-33.7489955459966,6,"[10, 37, 64, 100, 101, 114]"
3058,144221009,205.71904888144215,-32.70850807246165,4,"[10, 64, 100, 114]"
3059,144208545,96.21313000862106,16.482600359290537,3,"[20, 60, 73]"
3060,168786254,51.73398741536287,-51.50785178965452,7,"[4, 5, 31, 105, 106, 107, 108]"
3061,168787288,51.368507517781154,-52.70790901504376,7,"[4, 5, 31, 105, 106, 107, 108]"
3062,168829745,289.3325224028014,-2.4892825913818806,2,"[92, 116]"
3063,168849870,52.83681715802532,-54.136056682720515,7,"[4, 5, 31, 32, 106, 107, 108]"
3064,121284534,131.52469831160334,-20.212278793646625,6,"[7, 34, 61, 88, 99, 112]"
3065,121284864,131.36775271986502,-19.64838314151273,4,"[7, 34, 99, 112]"
3066,121292392,77.40995397371996,14.559180084437534,3,"[19, 73, 86]"
3067,121286109,131.25413814575097,-18.80427450295364,5,"[7, 34, 88, 99, 112]"
3068,121298627,77.66997552154693,17.275769953871592,3,"[19, 73, 86]"
3069,121333749,299.8272734977719,62.03248011359095,11,"[14, 40, 41, 53, 55, 74, 75, 80, 81, 119, 120]"
3070,121277445,297.8666204704543,59.55708667728229,10,"[14, 40, 41, 53, 54, 74, 80, 81, 119, 120]"
3071,121381208,77.63229512042702,15.100062754776111,3,"[19, 73, 86]"
3072,121421711,324.2937489055836,-34.10727629128802,6,"[1, 28, 68, 95, 105, 106]"
3073,144276297,334.8130031804615,-36.1555394368479,8,"[2, 28, 29, 69, 96, 103, 105, 106]"
3074,144276313,334.9019130914024,-36.11648719842989,8,"[2, 28, 29, 69, 96, 103, 105, 106]"
3075,144301739,333.63709436568234,-38.85883680728531,10,"[2, 28, 29, 68, 69, 96, 103, 104, 105, 106]"
3076,144285638,333.7758842175103,-38.227491204586066,10,"[2, 28, 29, 68, 69, 96, 103, 104, 105, 106]"
3077,144307626,333.76776030692844,-39.0578722320153,10,"[2, 28, 29, 68, 69, 96, 103, 104, 105, 106]"
3078,144307008,183.565583854235,-10.152239737216528,7,"[9, 36, 46, 90, 91, 114, 115]"
3079,144332000,159.6536917749899,24.022816479474827,2,"[22, 49]"
3080,144361392,134.93643837766967,-52.26451896742137,10,"[7, 8, 34, 35, 61, 88, 108, 109, 110, 111]"
3081,144333377,158.1445858812635,27.21217124126761,1,[22]
3082,144373215,160.2333092185707,24.76010349876529,2,"[22, 49]"
3083,144380039,159.67478227274978,26.62112802180848,2,"[22, 49]"
3084,144376560,160.61458361987678,24.416252078265526,2,"[22, 49]"
3085,144399760,163.42072212617828,29.466301183173833,2,"[22, 49]"
3086,144404904,163.85648536189103,29.9311877196546,1,[49]
3087,144395071,206.56112939053514,-32.4683113709975,5,"[10, 37, 64, 101, 114]"
3088,168975758,129.52409344293176,-22.36808033975015,4,"[7, 34, 61, 99]"
3089,168976468,129.79818852477334,-23.300375841296987,6,"[7, 34, 61, 88, 99, 112]"
3090,168942250,128.8162184931382,-19.851094005665118,5,"[7, 34, 61, 88, 112]"
3091,169009884,288.9299494542865,-7.721682105591062,6,"[13, 27, 67, 92, 94, 116]"
3092,169015594,129.84848834073003,-22.449584996161278,5,"[7, 34, 61, 88, 99]"
3093,121540462,298.12723449438147,57.866774686403566,9,"[14, 40, 41, 54, 74, 80, 81, 119, 120]"
3094,121516822,78.01169675184828,16.57425955263984,4,"[19, 59, 73, 86]"
3095,121474901,323.71392985322944,-36.80833023079402,8,"[1, 28, 68, 95, 102, 104, 105, 106]"
3096,121591117,64.12464619454363,-41.26709431140353,6,"[5, 32, 106, 107, 108, 109]"
3097,144438565,189.69845456823555,42.49223440839744,3,"[23, 50, 77]"
3098,144443779,318.86213231044053,-33.759508827074825,7,"[1, 28, 68, 95, 102, 105, 106]"
3099,144455691,339.96911433766775,-37.99925691397961,7,"[2, 29, 69, 96, 103, 105, 106]"
3100,144482357,36.42035173946318,-44.997163583900715,6,"[4, 31, 105, 106, 107, 108]"
3101,144506852,207.38108882738507,-32.321279690681735,5,"[10, 37, 64, 101, 114]"
3102,144503325,36.97474780165559,-45.21150420087548,5,"[4, 31, 106, 107, 108]"
3103,144504128,38.28907841252499,-43.16490339326697,5,"[31, 105, 106, 107, 108]"
3104,144504182,38.43816195480165,-42.86487503088664,5,"[31, 105, 106, 107, 108]"
3105,144514566,39.20356937402977,-42.32667810164922,6,"[4, 31, 105, 106, 107, 108]"
3106,144510619,205.4713331805854,-28.86158141423156,4,"[10, 64, 101, 114]"
3107,144511638,206.1148992777205,-30.10194500517791,5,"[10, 37, 64, 101, 114]"
3108,144517863,80.78001123775556,-63.97646643726107,6,"[5, 6, 32, 33, 87, 98]"
3109,169183164,313.38163261916435,59.32912218157831,10,"[14, 15, 41, 54, 55, 75, 81, 82, 119, 120]"
3110,169108295,130.69986591014168,-23.526302858920783,6,"[7, 34, 61, 88, 99, 112]"
3111,121714050,68.45419345633339,-42.97060957482806,6,"[5, 32, 98, 106, 107, 108]"
3112,144598757,42.57296572767148,-42.17467148334788,3,"[105, 106, 107]"
3113,144596888,41.973603631316394,-43.07824818831014,5,"[4, 105, 106, 107, 108]"
3114,169266507,341.8403854373929,-28.820795497772377,6,"[2, 29, 69, 96, 106, 107]"
3115,169248301,163.02493277467704,-9.574910462334792,7,"[9, 35, 45, 46, 62, 72, 89]"
3116,169396790,74.22634857212451,-35.2141573656075,4,"[5, 32, 98, 110]"
3117,169382402,73.89975220633468,-35.81901884845153,4,"[5, 32, 98, 110]"
3118,169395153,73.44742743419148,-39.98380425197724,7,"[5, 32, 98, 107, 108, 109, 110]"
3119,195382102,331.87525219900067,57.43623638358683,10,"[15, 41, 55, 56, 75, 76, 82, 83, 120, 121]"
3120,122017831,258.64314530939737,-22.136471985649894,6,"[12, 39, 66, 93, 103, 104]"
3121,122183307,172.12023645796967,-66.90312197442587,4,"[8, 10, 35, 36]"
3122,144869774,136.8137340286971,-53.5736011729264,9,"[7, 8, 34, 35, 61, 88, 109, 110, 111]"
3123,144873108,242.99691868484805,-29.985191284107593,5,"[12, 38, 65, 102, 103]"
3124,145006683,209.3812769227551,-31.447464290037416,6,"[10, 37, 64, 101, 114]"
3125,169578947,290.44434206643837,-6.21358041516676,4,"[13, 27, 92, 116]"
3126,169553449,75.92457832058017,-37.48606735174205,6,"[5, 32, 107, 108, 109, 110]"
3127,122258932,174.68589463279562,-67.76412495661562,10,"[8, 9, 10, 35, 36, 37, 62, 63, 89, 90]"
3128,122471322,291.0905860473251,0.4781537962531023,1,[116]
3129,122506764,23.567333769843444,-42.238706349773494,8,"[3, 4, 30, 97, 105, 106, 107, 108]"
3130,122556844,24.609512936884506,-42.881567258576574,8,"[3, 4, 30, 97, 105, 106, 107, 108]"
3131,122555698,21.570509269902573,-46.710657267701926,7,"[3, 4, 30, 97, 104, 105, 107]"
3132,145253043,162.19884548406608,-62.88779317593585,8,"[8, 9, 35, 36, 62, 63, 89, 90]"
3133,169748474,277.1171105080325,28.368573280286647,2,"[80, 118]"
3134,169807069,276.3748219738067,19.722832967019986,1,[118]
3135,169849884,124.99294619798134,-29.16547210444076,6,"[7, 34, 61, 88, 111, 112]"
3136,169972229,125.09928103538834,-27.92686482347492,6,"[7, 34, 61, 88, 111, 112]"
3137,196029004,336.17336183180447,53.86589428305571,8,"[15, 55, 56, 75, 76, 82, 120, 121]"
3138,196123686,333.1575832502801,57.02873717576622,10,"[15, 41, 55, 56, 75, 76, 82, 83, 120, 121]"
3139,196217196,336.89367072833284,54.04249433332457,8,"[15, 55, 56, 75, 76, 82, 120, 121]"
3140,122613463,24.860770117834868,-45.53768636499918,7,"[3, 4, 30, 97, 105, 106, 107]"
3141,170112363,126.15609446033386,-29.709185598884496,6,"[7, 34, 61, 88, 111, 112]"
3142,170124183,267.07821400001717,2.5702968578720724,4,"[91, 92, 115, 116]"
3143,170225363,114.45564220009578,-68.9951719187664,8,"[6, 7, 8, 33, 34, 61, 87, 88]"
3144,196305558,289.0000524877414,29.506737970338833,1,[80]
3145,196405816,33.17216952448682,34.906955755455535,4,"[17, 57, 84, 85]"
3146,196405822,33.173946726469524,34.90858870252195,4,"[17, 57, 84, 85]"
3147,196363211,141.1405730310066,-42.9424651203392,8,"[8, 34, 35, 62, 109, 110, 111, 112]"
3148,123042728,286.7094606237729,66.12868879847359,10,"[14, 26, 41, 53, 54, 74, 80, 118, 119, 120]"
3149,145740988,257.36280670926675,12.36682671019537,2,"[91, 118]"
3150,145721524,282.26380028414377,17.040252639932348,1,[80]
3151,170411861,127.45171518191587,-30.683262686730142,5,"[7, 61, 88, 111, 112]"
3152,196611025,33.91279819367546,33.248689764232715,4,"[17, 57, 84, 85]"
3153,196613658,34.268836999146046,33.566493351994104,4,"[17, 57, 84, 85]"
3154,196682173,203.3081110001401,2.7827583094171904,3,"[46, 91, 115]"
3155,123089572,121.0699812248157,-21.815234729228926,5,"[7, 34, 61, 88, 112]"
3156,123130068,291.7295535575651,70.20770147063665,15,"[14, 26, 40, 41, 53, 54, 55, 74, 75, 80, 81, 82, 118, 119, 120]"
3157,123105864,131.66219278078782,-64.34367566323739,7,"[7, 8, 34, 61, 62, 88, 89]"
3158,123234496,290.45034175383165,66.48290245104766,12,"[14, 26, 40, 41, 53, 54, 74, 80, 81, 118, 119, 120]"
3159,145915942,135.4427452615601,-48.24870880276075,7,"[7, 8, 34, 61, 88, 110, 111]"
3160,145972795,136.61986682777757,-49.91090926005874,8,"[7, 8, 34, 35, 61, 88, 109, 111]"
3161,170589891,55.09260748032881,-52.70153161371274,7,"[4, 5, 31, 32, 106, 107, 108]"
3162,170636418,55.88477837609431,-53.52268637013065,8,"[4, 5, 31, 32, 98, 106, 107, 108]"
3163,170569321,314.0905627184059,57.96700622195886,10,"[14, 15, 54, 55, 74, 75, 81, 82, 119, 120]"
3164,170632659,54.433346815937455,-55.301215442658254,8,"[4, 5, 31, 32, 98, 106, 107, 108]"
3165,170654459,200.75748605493885,-29.890013998582752,6,"[10, 37, 64, 101, 114]"
3166,170672094,56.46221464065076,-53.194069473356876,7,"[4, 5, 32, 98, 106, 107, 108]"
3167,196692178,33.71595721694204,31.717100041167804,4,"[17, 57, 84, 85]"
3168,196841006,35.365069640616476,31.979853113013878,3,"[17, 58, 85]"
3169,123359974,292.9016505777662,68.82205720198918,14,"[14, 26, 40, 41, 53, 54, 55, 74, 75, 80, 81, 82, 118, 120]"
3170,123477856,133.78979339147736,-64.11123096341204,8,"[7, 8, 34, 35, 61, 62, 88, 89]"
3171,123418227,293.01289629537894,67.73284044802102,13,"[14, 26, 40, 41, 53, 54, 55, 74, 75, 80, 81, 118, 120]"
3172,123570775,88.74517469030064,-44.557550111529146,8,"[6, 33, 87, 98, 107, 108, 109, 110]"
3173,146163862,337.9905993638291,-5.919912557785034,3,"[42, 70, 92]"
3174,146165393,336.58064043908115,-9.123289262852502,6,"[2, 29, 42, 69, 92, 96]"
3175,146077130,240.79670793830005,-28.268349501114045,5,"[12, 38, 65, 102, 103]"
3176,170786634,60.264144239705864,-52.031837814923456,7,"[5, 31, 32, 98, 106, 107, 108]"
3177,170769061,258.81624969908336,-31.63721949326073,5,"[12, 39, 66, 93, 103]"
3178,170766454,57.40324388464136,-56.708668692131546,8,"[4, 5, 31, 32, 98, 106, 107, 108]"
3179,170775073,259.89871636638173,-36.54039616667657,7,"[12, 39, 66, 93, 100, 102, 103]"
3180,170889511,143.0105082223577,-18.191741263882207,3,"[35, 61, 99]"
3181,196897516,35.56493368553729,30.817924600223137,3,"[17, 58, 85]"
3182,197007672,276.37634673577526,-9.775269701905684,6,"[13, 66, 91, 92, 93, 116]"
3183,123699670,135.52925203077731,-64.5995117856229,8,"[7, 8, 34, 35, 61, 62, 88, 89]"
3184,123628525,89.22012583506373,-41.49281486299178,7,"[6, 87, 98, 107, 108, 109, 110]"
3185,123717205,259.5477707409527,-24.23053136343612,5,"[12, 66, 93, 103, 104]"
3186,123838254,105.71384895704406,-32.22465253748609,5,"[6, 33, 87, 110, 111]"
3187,123782263,291.37237699917904,0.22696451682392843,2,"[92, 116]"
3188,146322354,68.69209302263867,-45.497705434033215,7,"[5, 32, 98, 106, 107, 108, 109]"
3189,146423464,71.19376001935343,-42.54016604742182,6,"[5, 98, 106, 107, 108, 109]"
3190,171009659,70.95973920591474,10.482961580407895,7,"[19, 43, 44, 59, 70, 71, 86]"
3191,197216032,130.5161954985912,0.6138780472016808,1,[72]
3192,197197596,280.01273948466593,11.985231372205245,3,"[80, 92, 118]"
3193,197250873,131.78990990811602,1.1004684537335268,4,"[44, 45, 46, 72]"
3194,123901010,91.12202776569252,-45.22666041477357,8,"[6, 33, 87, 98, 107, 108, 109, 110]"
3195,123863364,288.3230002311126,15.695641506812231,2,"[54, 80]"
3196,124079237,92.18074037181817,-46.53785248338607,8,"[6, 33, 87, 98, 107, 108, 109, 110]"
3197,146535008,186.81832267897914,-50.855516844430014,11,"[9, 10, 36, 37, 63, 99, 100, 110, 111, 112, 113]"
3198,146558487,73.41255882196587,-45.21232750957544,7,"[5, 32, 98, 106, 107, 108, 109]"
3199,146639038,239.98618608435052,-25.538962994726255,4,"[38, 65, 102, 103]"
3200,171275274,260.15510529333613,12.40928021666751,2,"[91, 118]"
3201,171303902,115.24024648919647,5.778951819803208,5,"[44, 45, 46, 71, 72]"
3202,171304504,114.9623241490025,7.035652839785643,7,"[20, 44, 45, 46, 47, 71, 72]"
3203,124184293,92.970514358087,-45.84370917822222,6,"[33, 87, 107, 108, 109, 110]"
3204,124151115,209.9365610083272,-26.40544796733337,5,"[10, 37, 64, 101, 102]"
3205,124165580,259.2710623628315,-20.386150969476823,4,"[12, 66, 93, 103]"
3206,124229161,93.26018950382574,-46.18562103057308,6,"[33, 87, 107, 108, 109, 110]"
3207,124224363,92.96045729361587,-41.5417452600644,5,"[87, 107, 108, 109, 110]"
3208,146725387,20.465025332743025,-56.79555669329461,7,"[3, 4, 30, 31, 97, 105, 106]"
3209,146850092,282.64799503709844,16.902431394367984,1,[80]
3210,171371047,115.28740628345608,7.436916185213821,7,"[20, 44, 45, 46, 47, 71, 72]"
3211,171480466,259.86515146763816,-31.6835782654938,5,"[12, 39, 66, 93, 103]"
3212,171523537,116.29314142569203,8.477557935930896,7,"[20, 44, 45, 46, 47, 71, 72]"
3213,197601262,316.1462269815,-23.934752598999935,6,"[1, 28, 68, 95, 105, 106]"
3214,197686479,317.88406041969745,-23.633388266441877,5,"[1, 28, 68, 95, 106]"
3215,197686484,317.9364479977924,-23.671361780708104,5,"[1, 28, 68, 95, 106]"
3216,197682684,317.9522173389927,-23.127180778174026,5,"[1, 28, 68, 95, 106]"
3217,124401411,209.3194916992928,-22.276481336097422,5,"[10, 37, 64, 101, 102]"
3218,124534956,161.8142055069802,-11.917769084491784,5,"[9, 35, 62, 72, 89]"
3219,124494439,94.63060002229436,-47.245437288942014,7,"[6, 33, 87, 107, 108, 109, 110]"
3220,147024206,184.63066748731325,-45.54721952136364,9,"[9, 10, 36, 90, 99, 100, 111, 112, 113]"
3221,147026702,185.0939143849881,-45.99278325739824,10,"[9, 10, 36, 63, 90, 99, 100, 111, 112, 113]"
3222,171630603,152.5047445216694,10.451142505470715,5,"[22, 45, 46, 48, 72]"
3223,171632238,260.5444130190537,-36.38269757023805,7,"[12, 39, 66, 93, 100, 102, 103]"
3224,171611616,241.6496712333967,-21.55592551575175,4,"[12, 38, 65, 103]"
3225,171618367,260.46233374453135,16.029529311376873,1,[118]
3226,171644414,260.3280026857957,-34.3571036703557,6,"[12, 39, 66, 93, 102, 103]"
3227,197740634,318.8779908934212,-25.224815058139622,5,"[1, 28, 95, 105, 106]"
3228,197767178,307.57909616908,-40.05486604233474,10,"[1, 27, 28, 67, 68, 95, 102, 103, 104, 105]"
3229,197807986,17.360379065951737,-68.78030164120604,9,"[2, 3, 4, 29, 30, 31, 69, 96, 97]"
3230,197824559,289.14915367602305,28.4878150078557,2,"[54, 80]"
3231,197844066,6.3444772927323925,-72.91390190434156,10,"[2, 3, 4, 29, 30, 31, 68, 69, 96, 97]"
3232,124584703,259.6203650934191,-22.556219472332458,6,"[12, 39, 66, 93, 103, 104]"
3233,147114436,308.6068918901373,-29.308913024852597,5,"[1, 28, 68, 95, 105]"
3234,147113185,310.0853404088944,-26.04068257429183,6,"[1, 28, 68, 95, 105, 106]"
3235,147113992,309.1946890000972,-28.15697430864076,5,"[1, 28, 68, 95, 105]"
3236,147269502,310.87544941911835,-29.56642825270922,5,"[1, 28, 68, 95, 105]"
3237,147226412,239.97236390938994,-24.870577433900944,3,"[38, 65, 103]"
3238,171761647,201.7730188194309,27.21300026741157,2,"[23, 50]"
3239,171729860,197.07785174852768,22.748791555462244,2,"[23, 50]"
3240,171737389,260.3153235069184,-33.609566115950976,6,"[12, 39, 66, 93, 102, 103]"
3241,197951574,324.4691085340686,-40.71848005210514,8,"[1, 28, 68, 95, 102, 103, 104, 105]"
3242,197951576,324.4722607939534,-40.71910844498434,8,"[1, 28, 68, 95, 102, 103, 104, 105]"
3243,198004546,19.322588083824286,-73.10755766576771,9,"[2, 3, 4, 29, 30, 31, 65, 69, 96]"
3244,197981057,306.2081856145089,-40.670353585354,11,"[1, 27, 28, 67, 68, 94, 95, 102, 103, 104, 105]"
3245,197981077,306.18038498883,-40.70702837289243,11,"[1, 27, 28, 67, 68, 94, 95, 102, 103, 104, 105]"
3246,198005929,21.094048885068773,-72.73161465244242,9,"[2, 3, 4, 29, 30, 31, 69, 96, 97]"
3247,198041404,255.16813890974228,3.09313406299912,3,"[91, 115, 116]"
3248,124916068,259.6050502439044,-21.1531697660253,6,"[12, 39, 66, 93, 103, 104]"
3249,147335048,312.76699376607155,-27.97937493881685,6,"[1, 28, 68, 95, 105, 106]"
3250,147407143,311.90158584462813,-32.30230676729045,5,"[1, 28, 68, 95, 105]"
3251,147407292,312.0634582809824,-31.84892119514854,5,"[1, 28, 68, 95, 105]"
3252,171931085,261.1817597634914,14.346793523474364,1,[118]
3253,171965938,260.55501591894756,-33.71137732628072,6,"[12, 39, 66, 93, 102, 103]"
3254,172005043,261.1802755536033,16.597568523968732,1,[118]
3255,172052376,260.30495895350043,-31.602804814864598,5,"[12, 39, 66, 93, 103]"
3256,198085086,110.91942311538422,55.44674904775794,9,"[14, 20, 26, 40, 47, 53, 60, 74, 119]"
3257,198210258,200.4271746054501,78.81490836966036,47,"[14, 15, 16, 17, 18, 19, 20, 21, 22, 23, 24, 25, 26, 40, 41, 47, 48, 49, 51, 52, 53, 54, 55, 56, 57, 58, 59, 60, 73, 74, 75, 76, 77, 78, 79, 80, 81, 82, 83, 84, 85, 86, 117, 118, 119, 120, 121]"
3258,147513084,101.94643201129223,43.79658862843473,5,"[20, 47, 60, 73, 74]"
3259,147482651,108.3264676867301,-37.51331103361053,6,"[7, 33, 87, 108, 110, 111]"
3260,147574768,116.74267200432473,51.179648066758766,9,"[14, 20, 21, 40, 41, 47, 60, 74, 119]"
3261,147576397,116.40643879778533,51.78926678631368,9,"[14, 20, 21, 40, 41, 47, 60, 74, 119]"
3262,147621789,186.89343894400295,-44.974299457596324,9,"[9, 10, 36, 63, 99, 100, 111, 112, 114]"
3263,147622676,186.21707763727213,-44.3684579478126,10,"[9, 10, 36, 63, 90, 99, 100, 111, 112, 114]"
3264,147624120,160.68136536292255,56.412436025263624,8,"[15, 16, 22, 48, 49, 75, 76, 121]"
3265,172120110,101.47292161048097,-50.51735441818309,7,"[6, 7, 33, 107, 108, 109, 110]"
3266,172194476,102.2874444723123,-52.70552925641931,6,"[6, 33, 107, 108, 109, 110]"
3267,172171873,96.925256909479,9.2104833220857,8,"[20, 43, 44, 45, 60, 71, 72, 73]"
3268,172292669,97.15963632419265,9.794101564871765,8,"[20, 43, 44, 45, 60, 71, 72, 73]"
3269,198285529,183.24737300228927,25.618103683044644,2,"[23, 49]"
3270,198298245,255.66093298843003,4.443751408498032,3,"[91, 115, 116]"
3271,198304072,211.0948181077303,38.16042607480091,4,"[24, 50, 51, 77]"
3272,198355687,234.75720620305805,76.23353024219428,27,"[16, 20, 23, 24, 25, 26, 40, 47, 50, 51, 52, 53, 56, 57, 59, 60, 73, 77, 78, 79, 80, 83, 84, 86, 117, 118, 119]"
3273,198384408,234.0788016172441,78.56618431628286,43,"[14, 15, 17, 18, 19, 20, 21, 22, 23, 24, 25, 26, 40, 41, 47, 49, 50, 51, 52, 53, 54, 56, 57, 59, 60, 73, 75, 76, 77, 78, 79, 80, 81, 82, 83, 84, 85, 86, 117, 118, 119, 120, 121]"
3274,198386704,231.46562343778155,79.78442073584206,44,"[14, 15, 16, 17, 19, 20, 21, 22, 23, 24, 25, 26, 40, 41, 47, 49, 50, 51, 52, 53, 54, 55, 56, 57, 58, 59, 60, 73, 74, 75, 76, 77, 78, 79, 80, 81, 83, 84, 86, 117, 118, 119, 120, 121]"
3275,198389350,239.71812643540707,76.34425271714845,32,"[17, 20, 23, 24, 25, 26, 40, 47, 50, 51, 52, 53, 54, 56, 57, 58, 59, 60, 73, 74, 77, 78, 79, 80, 81, 83, 84, 85, 86, 117, 118, 119]"
3276,198482978,183.81203200582982,22.605816255086047,2,"[23, 49]"
3277,198418712,241.49135616141203,79.54102076272889,47,"[14, 15, 16, 17, 18, 19, 20, 21, 22, 23, 24, 25, 26, 40, 41, 47, 48, 49, 50, 51, 52, 53, 54, 55, 56, 57, 58, 59, 60, 73, 74, 75, 76, 77, 78, 79, 80, 81, 82, 83, 84, 85, 86, 118, 119, 120, 121]"
3278,198456033,239.90309339096805,81.19915518025064,48,"[14, 15, 16, 17, 18, 19, 20, 21, 22, 23, 24, 25, 26, 40, 41, 47, 48, 49, 50, 51, 52, 53, 54, 55, 56, 57, 58, 59, 60, 73, 74, 75, 76, 77, 78, 79, 80, 81, 82, 83, 84, 85, 86, 117, 118, 119, 120, 121]"
3279,147716334,245.26881653298244,35.378618212399246,2,"[79, 117]"
3280,147717557,211.93768517243907,9.760830196795341,2,"[91, 115]"
3281,147718994,212.11218002844427,9.451591375217964,2,"[91, 115]"
3282,147755337,211.48298149257903,11.85982348936222,1,[91]
3283,147757234,213.382133093562,7.11174119473227,3,"[51, 91, 115]"
3284,147751796,248.5388040068785,37.520713952801515,4,"[25, 52, 79, 117]"
3285,147752950,248.81993572668782,35.41500615010386,2,"[79, 117]"
3286,147745802,238.2656258309437,-6.680481612966799,3,"[38, 91, 115]"
3287,147932300,237.14159577919003,-19.541976503195677,3,"[11, 38, 103]"
3288,172533278,136.77177296603122,11.766731599952442,5,"[21, 44, 45, 46, 48]"
3289,172529744,136.33020548309298,12.040975221867784,5,"[21, 44, 45, 46, 48]"
3290,172534921,136.43415857325783,13.11320385122248,2,"[21, 48]"
3291,198490597,132.5209663365391,65.49473540068841,11,"[14, 15, 20, 21, 40, 41, 47, 74, 75, 119, 120]"
3292,198510665,131.50719045941744,70.06765018124295,16,"[14, 15, 20, 21, 22, 40, 41, 47, 48, 53, 60, 74, 75, 119, 120, 121]"
3293,198516945,179.91078906981082,75.35156834965413,21,"[14, 15, 18, 21, 22, 23, 24, 41, 48, 49, 50, 51, 75, 76, 77, 78, 81, 82, 85, 120, 121]"
3294,198583570,245.02544924614034,66.06549008160742,8,"[24, 26, 51, 52, 53, 78, 79, 118]"
3295,198562505,241.7378538246901,69.12153202980411,11,"[24, 25, 26, 51, 52, 53, 78, 79, 80, 117, 118]"
3296,147971761,132.14319709893877,54.52718763582583,9,"[14, 21, 41, 47, 48, 74, 75, 119, 120]"
3297,147940462,124.34598061944145,57.656041316676614,11,"[14, 20, 21, 41, 47, 48, 60, 74, 75, 119, 120]"
3298,147951600,129.46319832228434,55.2648741537379,9,"[14, 21, 41, 47, 48, 74, 75, 119, 120]"
3299,147949646,130.3988988433329,54.31958553400889,9,"[14, 21, 41, 47, 48, 74, 75, 119, 120]"
3300,148019426,238.1467662665849,-21.990971175337684,3,"[11, 38, 103]"
3301,148096708,107.35677566094245,-61.202676620768955,8,"[6, 7, 33, 34, 61, 87, 88, 109]"
3302,148131835,108.06754357446349,-61.953624306293655,7,"[6, 7, 33, 34, 61, 87, 88]"
3303,148160986,243.8189097683501,38.59488975452629,4,"[25, 52, 79, 117]"
3304,172603242,231.6459566043873,34.51249713305466,2,"[51, 117]"
3305,172607904,232.59826601564248,32.609864692120695,2,"[51, 117]"
3306,172601319,156.8324098458446,18.17423435618744,1,[22]
3307,172648130,231.8307163948015,35.42091514221349,3,"[51, 78, 117]"
3308,172734582,105.64706166610016,-50.17205659647119,8,"[6, 7, 33, 87, 107, 108, 109, 110]"
3309,172749293,236.5728564862437,33.56791492743613,2,"[51, 117]"
3310,198924644,290.7210179133615,49.33164539287441,8,"[14, 40, 53, 54, 74, 80, 81, 119]"
3311,148283897,75.64863345273666,39.78127706861822,4,"[19, 59, 73, 86]"
3312,148207172,244.55728368714213,37.11576720949778,4,"[25, 52, 79, 117]"
3313,148335050,109.23181228437579,-60.58085538679515,8,"[6, 7, 33, 34, 61, 87, 88, 109]"
3314,148405135,111.48243479706989,-63.946522039454976,7,"[6, 7, 33, 34, 61, 87, 88]"
3315,148415659,238.72518493567537,-21.51292924202903,4,"[11, 38, 65, 103]"
3316,172954294,140.99534448230227,18.51762908098209,2,"[21, 48]"
3317,173036477,107.50835493624595,-51.666636958254024,8,"[6, 7, 33, 87, 107, 108, 109, 110]"
3318,173047056,164.948790681471,30.893808449108622,2,"[22, 49]"
3319,173042832,106.68329190286615,-46.79773005998433,7,"[6, 7, 33, 87, 108, 109, 110]"
3320,173102267,174.70415860277652,-7.139348833193234,6,"[9, 36, 45, 46, 72, 115]"
3321,173139593,123.19667011022615,-58.3104448437072,8,"[7, 8, 34, 61, 87, 88, 109, 110]"
3322,173139598,123.19958367860289,-58.31156793235459,8,"[7, 8, 34, 61, 87, 88, 109, 110]"
3323,173141118,123.66487589435982,-59.26435579442831,9,"[7, 8, 33, 34, 61, 87, 88, 109, 110]"
3324,199128129,357.67140960384677,48.959096612133706,4,"[56, 76, 83, 121]"
3325,199083091,359.6072637421231,51.11931087315101,5,"[16, 56, 76, 83, 121]"
3326,148515754,82.83098367939783,40.4637394278625,4,"[19, 59, 73, 86]"
3327,148469073,82.89153164726928,41.7889977379194,3,"[59, 73, 86]"
3328,148480904,237.9781412511243,-19.080964116057636,3,"[11, 38, 103]"
3329,148471183,82.5148285959391,39.36660424824693,4,"[19, 59, 73, 86]"
3330,148495018,237.95110012470673,-18.482957835527266,3,"[11, 38, 103]"
3331,148573837,83.11495438939527,39.52915245753599,4,"[19, 59, 73, 86]"
3332,148567812,82.93193471335697,38.69831509349247,4,"[19, 59, 73, 86]"
3333,148678773,152.301642501445,37.178248888162685,3,"[22, 48, 75]"
3334,173335824,10.810369640466423,45.01417961310569,5,"[16, 17, 57, 83, 84]"
3335,173464265,13.557472029275178,46.7850030530097,4,"[16, 17, 57, 84]"
3336,173436250,124.78516007803086,-58.61015430883097,8,"[7, 8, 34, 61, 87, 88, 109, 110]"
3337,173418717,13.946121520794232,47.65118014046536,4,"[16, 17, 57, 84]"
3338,173517478,9.971545419415172,42.43561553768073,3,"[16, 57, 84]"
3339,199459496,180.39061194539045,26.646804263758273,2,"[23, 49]"
3340,199460317,177.9281117443834,31.595505601171634,2,"[22, 49]"
3341,199500470,192.24193507568015,35.4261871147008,2,"[50, 77]"
3342,199506993,228.49491239635617,30.749126113267433,1,[51]
3343,199524246,173.71771043663693,77.79406931200027,39,"[14, 15, 16, 17, 18, 20, 21, 22, 23, 24, 25, 40, 41, 47, 48, 49, 50, 51, 53, 54, 55, 56, 57, 58, 75, 76, 77, 78, 79, 80, 81, 82, 83, 84, 85, 117, 119, 120, 121]"
3344,199600136,1.7735903408106495,50.93035042738104,8,"[16, 56, 57, 76, 77, 83, 84, 121]"
3345,148782662,195.27030636654388,53.924068326920654,4,"[16, 23, 50, 77]"
3346,148795222,126.77129157029266,-53.70380237166104,8,"[7, 8, 61, 88, 108, 109, 110, 111]"
3347,148817611,214.9030713495154,56.58974439277624,5,"[24, 50, 51, 77, 78]"
3348,148898490,238.8894085905519,-19.377714362818153,2,"[38, 103]"
3349,148867917,125.24842429750389,-50.491071131106516,8,"[7, 34, 61, 88, 108, 109, 110, 111]"
3350,148916489,138.26806411110104,60.92104519384358,10,"[14, 15, 21, 41, 47, 48, 74, 75, 119, 121]"
3351,173552927,261.9974378599989,-33.57956514967209,5,"[12, 39, 66, 93, 103]"
3352,173611213,11.464564648444247,43.68140383872008,4,"[16, 17, 57, 84]"
3353,173673173,125.36583123858648,-58.026172948450125,7,"[7, 8, 34, 61, 88, 109, 110]"
3354,173710176,13.557851269974694,44.84301447859055,4,"[16, 17, 57, 84]"
3355,173771603,13.51422110467762,44.44180979596647,4,"[16, 17, 57, 84]"
3356,199635160,220.65401779623218,75.81583046772853,26,"[16, 19, 22, 23, 25, 26, 49, 50, 51, 52, 53, 56, 57, 59, 73, 76, 77, 78, 79, 80, 83, 84, 86, 117, 118, 121]"
3357,199661915,219.25660023061113,76.90545852425748,30,"[15, 16, 19, 22, 23, 25, 26, 49, 50, 51, 52, 53, 56, 57, 58, 59, 73, 76, 77, 78, 79, 80, 82, 83, 84, 85, 86, 117, 118, 121]"
3358,199737439,356.97248820706324,-49.786452584498335,9,"[2, 3, 29, 30, 69, 96, 103, 104, 106]"
3359,199887217,84.85969287711407,-23.017169021863438,4,"[6, 98, 110, 111]"
3360,149082112,126.64569001523344,-52.32300903830331,7,"[7, 61, 88, 108, 109, 110, 111]"
3361,149176305,55.88205910560649,-82.88632893514014,41,"[1, 2, 3, 4, 5, 6, 7, 9, 10, 11, 12, 13, 27, 28, 29, 30, 31, 32, 33, 34, 35, 36, 37, 38, 39, 61, 63, 64, 65, 66, 67, 68, 69, 87, 88, 90, 93, 94, 96, 97, 98]"
3362,149250753,36.80549169789278,-85.92721075142464,43,"[1, 2, 3, 5, 6, 7, 8, 9, 10, 11, 12, 13, 27, 28, 29, 30, 31, 32, 33, 35, 36, 37, 38, 39, 61, 62, 63, 64, 65, 66, 67, 68, 69, 87, 88, 89, 90, 93, 94, 95, 96, 97, 98]"
3363,149290256,239.6574347541389,-19.08033536923545,3,"[38, 65, 103]"
3364,149340464,281.05225306106183,36.076331329102075,2,"[80, 118]"
3365,173925925,13.26639641342459,43.32090556064547,2,"[16, 17]"
3366,173896622,262.5080914505943,-35.4632509910316,7,"[12, 39, 66, 93, 100, 102, 103]"
3367,173877131,241.65854165581953,-19.09993016871513,3,"[12, 38, 103]"
3368,173852001,13.094275847794275,43.42145495303337,2,"[16, 17]"
3369,174065855,262.44067161636633,-33.6634147587568,5,"[12, 39, 66, 93, 103]"
3370,174194250,13.55223936564695,41.78498469227098,4,"[16, 17, 57, 84]"
3371,174158125,15.237762536719066,43.8747070561424,4,"[16, 17, 57, 84]"
3372,174227322,280.20060965218505,22.797353892134524,2,"[80, 118]"
3373,174246727,283.562402266025,23.693092283356354,1,[80]
3374,174326634,27.208818195466705,23.080561945541053,3,"[17, 57, 84]"
3375,149417907,134.86048115392637,9.212744825569418,5,"[44, 45, 46, 48, 72]"
3376,149394965,133.3762454932572,11.114023582028707,5,"[21, 44, 45, 46, 48]"
3377,149479101,60.114335784180405,-85.8785779878603,44,"[1, 2, 3, 4, 5, 6, 7, 8, 9, 10, 11, 12, 13, 27, 28, 29, 30, 31, 32, 33, 34, 36, 37, 38, 39, 61, 62, 63, 64, 65, 66, 67, 68, 69, 87, 88, 89, 90, 93, 94, 95, 96, 97, 98]"
3378,149508202,184.2123823610881,25.956960012113093,2,"[23, 49]"
3379,149565707,186.37023367898072,22.825112700582867,2,"[23, 50]"
3380,149579632,189.56298363887936,30.2027030061198,2,"[23, 50]"
3381,149542947,26.439581039150912,-88.25367853357315,34,"[1, 2, 3, 4, 5, 6, 8, 9, 11, 12, 13, 28, 29, 30, 31, 32, 33, 35, 36, 38, 39, 61, 62, 66, 67, 68, 87, 88, 89, 93, 94, 95, 96, 98]"
3382,149577342,184.93204370379627,26.922013159102704,1,[23]
3383,149652741,240.20293697332295,-18.931326630953784,2,"[38, 65]"
3384,149743134,134.17473765610794,-22.277860446082336,6,"[8, 34, 61, 88, 99, 112]"
3385,174440331,28.394659297519354,22.811670767347046,3,"[17, 57, 84]"
3386,174450347,279.90850316860735,18.308463152755458,2,"[80, 118]"
3387,174499985,29.640992039537352,24.345645704779315,3,"[17, 57, 84]"
3388,174633637,89.85333152701965,16.594118814022345,3,"[19, 59, 73]"
3389,174786703,280.3321846273277,21.983246098149507,2,"[80, 118]"
3390,149796542,241.46267566936496,37.12863545637247,5,"[25, 52, 78, 79, 117]"
3391,149853293,53.899894371984864,21.730571019742328,3,"[18, 58, 85]"
3392,149861542,55.75191448361113,-40.62779876237672,6,"[5, 31, 106, 107, 108, 109]"
3393,149928365,129.9016111754942,51.38002577067571,9,"[14, 21, 41, 47, 48, 74, 75, 119, 120]"
3394,149990865,96.74839240124471,-88.28893769341441,31,"[1, 2, 4, 5, 7, 8, 9, 11, 12, 27, 28, 29, 31, 32, 34, 35, 37, 38, 39, 61, 62, 63, 64, 69, 87, 88, 89, 90, 96, 97, 98]"
3395,200004698,86.03824927049692,-19.379817381896814,3,"[6, 98, 110]"
3396,200226408,277.21851033457705,-24.716069368929627,4,"[13, 66, 93, 104]"
3397,200607569,5.412441510452787,49.01739840450553,6,"[56, 57, 76, 77, 83, 84]"
3398,200649221,9.593295607932268,34.38627844428426,2,"[57, 84]"
3399,200671724,338.2821937059875,-44.81765531836252,8,"[2, 29, 69, 96, 103, 104, 105, 106]"
3400,200738653,60.84636983281753,20.092163764725406,3,"[18, 58, 86]"
3401,200783972,19.503731171773325,-65.2770791072031,4,"[3, 4, 30, 31]"
3402,200791580,60.79974984487473,18.746586256294936,2,"[18, 58]"
3403,225188098,281.7544542848051,0.759630693537497,1,[116]
3404,225263020,260.4207594776671,-16.463784496330007,4,"[12, 39, 66, 93]"
3405,225709409,282.07569130457154,0.9726010673651484,2,"[92, 116]"
3406,201011907,62.63229670410102,20.995832036069803,2,"[18, 86]"
3407,201159397,62.167278091662936,16.23559814392849,2,"[18, 86]"
3408,201293664,329.7119312145337,-52.10629923204439,12,"[1, 2, 28, 29, 68, 69, 95, 96, 102, 103, 104, 105]"
3409,201266092,63.85316698890563,20.039480552697068,2,"[18, 86]"
3410,201295243,330.83587704727205,-51.497526085478476,12,"[1, 2, 28, 29, 68, 69, 95, 96, 102, 103, 104, 105]"
3411,201306559,332.81285116491597,-50.026816137178606,11,"[1, 2, 28, 29, 68, 69, 95, 96, 102, 103, 105]"
3412,201362037,63.62461515957019,17.361597704610258,2,"[18, 86]"
3413,201521810,24.862291669768627,43.01787665177585,3,"[17, 57, 84]"
3414,201532957,279.8940997977965,-23.60123003297639,4,"[13, 67, 94, 104]"
3415,225849715,282.53795196497214,21.973041497693934,1,[80]
3416,226327470,284.3937177145333,25.824677341137573,1,[80]
3417,201643820,282.0148445259825,-35.34673151229223,7,"[13, 27, 67, 94, 103, 104, 114]"
3418,201816422,290.54504399696503,33.32197242806598,3,"[54, 80, 81]"
3419,201799970,356.93409893149726,-62.73428677538061,7,"[2, 3, 29, 30, 69, 96, 97]"
3420,227271980,285.75175902182525,26.877526044165812,1,[80]
3421,227271997,285.7583279421402,26.87538761548233,1,[80]
3422,250080475,351.84552429256564,-0.9308405649065936,2,"[42, 92]"
3423,250114053,355.1890251354658,-1.3784257023190138,3,"[42, 70, 92]"
3424,250224347,321.9894354213963,11.650714388327044,2,"[55, 82]"
3425,250218988,237.58487440929068,-35.119241395698715,6,"[11, 38, 65, 99, 101, 102]"
3426,250252947,322.48715666096956,11.20604784534978,3,"[55, 82, 92]"
3427,201970360,27.73168008463534,43.4344527953845,1,[17]
3428,201884817,2.4748198875602982,-63.66372785792604,7,"[2, 3, 29, 30, 69, 96, 97]"
3429,202018870,101.4990120580535,-13.221181242019941,4,"[6, 33, 87, 111]"
3430,227409000,285.8700608502501,26.927376343019073,1,[80]
3431,227442580,277.5777038085366,-0.8887372350820386,1,[92]
3432,250327460,342.1899125408026,7.6288484272948685,4,"[42, 56, 70, 92]"
3433,250386526,26.74298596551181,-14.6445168462892,3,"[4, 97, 108]"
3434,250392862,27.737767098590076,-13.950443856336411,2,"[4, 97]"
3435,250419029,29.498950699673394,-12.711972103899997,2,"[4, 97]"
3436,250433668,238.27639856673886,-34.308663682892785,5,"[11, 38, 99, 102, 103]"
3437,250415658,27.82743834791727,-16.1065653835162,3,"[4, 97, 108]"
3438,250379831,26.680406330435133,-13.220886936784398,2,"[4, 97]"
3439,250504097,48.890698693207575,36.601357801805676,2,"[18, 85]"
3440,275127662,144.7302983591335,-12.504403995797928,4,"[8, 35, 72, 99]"
3441,202180104,101.93049213091624,-14.594059269950016,4,"[6, 33, 87, 111]"
3442,202276002,111.66045639037748,53.183287780235474,8,"[14, 20, 40, 47, 53, 60, 74, 119]"
3443,202276766,107.99412565282998,56.736757916008415,10,"[14, 20, 26, 40, 47, 53, 60, 73, 74, 119]"
3444,202297026,167.99015849526646,43.91389183101725,3,"[22, 49, 76]"
3445,202299495,185.54295170443646,66.39142602658347,8,"[16, 22, 23, 49, 50, 76, 77, 121]"
3446,227758985,285.99581380937946,23.82969315464196,1,[80]
3447,250531035,48.41780088867681,35.31880987719054,3,"[18, 58, 85]"
3448,275249788,149.35823323298865,-9.84654465389073,7,"[8, 35, 45, 46, 62, 72, 89]"
3449,275240166,307.7973033403371,36.58296106295718,3,"[54, 81, 119]"
3450,275240386,307.8105468443334,36.52360429607423,3,"[54, 81, 119]"
3451,275259749,59.50705188050648,59.97216863844569,9,"[18, 19, 24, 25, 52, 58, 59, 85, 86]"
3452,275260654,60.971201874725715,60.585108061347015,11,"[18, 19, 24, 25, 52, 58, 59, 78, 79, 85, 86]"
3453,275379929,190.69039970840987,-23.740518338802886,6,"[10, 36, 63, 90, 101, 114]"
3454,275358524,150.81683191501992,-8.325393147065409,7,"[8, 35, 45, 46, 62, 72, 89]"
3455,275439558,280.1683920581703,-10.893941218452635,4,"[13, 92, 94, 116]"
3456,202380743,162.04720141060938,64.07889924242444,11,"[15, 16, 21, 22, 41, 48, 49, 75, 76, 120, 121]"
3457,202421159,176.58889708143025,69.52786102334944,11,"[15, 16, 22, 23, 48, 49, 50, 75, 76, 77, 121]"
3458,202422252,161.9751885147002,72.47770647950183,15,"[14, 15, 16, 21, 22, 23, 41, 48, 49, 50, 75, 76, 77, 120, 121]"
3459,202424390,161.66587841299324,72.62457976399746,15,"[14, 15, 16, 21, 22, 23, 41, 48, 49, 50, 75, 76, 77, 120, 121]"
3460,202505095,176.38064917619855,72.67619778728812,15,"[15, 16, 21, 22, 23, 24, 41, 48, 49, 50, 75, 76, 77, 120, 121]"
3461,202509979,176.77870681170543,73.29881432472709,15,"[15, 16, 21, 22, 23, 24, 41, 48, 49, 50, 75, 76, 77, 120, 121]"
3462,202490444,177.53223647899395,71.98095487215159,13,"[15, 16, 22, 23, 24, 48, 49, 50, 75, 76, 77, 120, 121]"
3463,202518981,30.39222395094499,42.25203492770796,3,"[17, 57, 84]"
3464,250852694,272.99689681013314,18.20446055646869,1,[80]
3465,250870754,273.11205390608455,17.783085239852863,1,[80]
3466,250955857,335.3840345313135,-1.22818958169691,2,"[42, 92]"
3467,275502620,8.886494044255766,67.65468970859195,10,"[16, 17, 24, 56, 57, 76, 77, 83, 84, 121]"
3468,275591731,202.51456775604495,-42.50538606454507,10,"[10, 37, 64, 90, 99, 100, 101, 111, 112, 113]"
3469,275633056,330.90358677952605,75.31871382393193,25,"[14, 15, 16, 20, 23, 40, 41, 47, 50, 54, 55, 56, 57, 60, 74, 75, 76, 77, 81, 82, 83, 84, 119, 120, 121]"
3470,250958852,335.53835030423966,-1.5341844966794562,2,"[42, 92]"
3471,250975235,337.3793321486021,2.51080238330987,2,"[42, 92]"
3472,250997259,337.7913913859447,1.0574495959289836,3,"[42, 70, 92]"
3473,251020542,338.0431830394396,-0.8700033582240191,3,"[42, 70, 92]"
3474,251042323,339.6529548354444,1.0637017119272787,3,"[42, 70, 92]"
3475,251058870,32.964023114759016,-16.2241029178859,2,"[4, 31]"
3476,251027471,66.1340858787309,19.023830833797955,1,[19]
3477,251051766,66.37074384016113,19.05838518159661,1,[19]
3478,251040091,339.1048317324219,-0.169176136375928,3,"[42, 70, 92]"
3479,251057639,32.70774219327265,-16.481073145783224,2,"[4, 31]"
3480,251091413,125.33048494105465,33.80183230479473,2,"[21, 47]"
3481,251091701,124.7586312619442,34.888601908277444,2,"[21, 47]"
3482,251129411,60.02515249745338,39.671699076848775,4,"[18, 58, 85, 86]"
3483,203038229,51.32621725444254,29.8834251800788,3,"[18, 58, 85]"
3484,202993757,318.31672415394723,49.90896994695749,8,"[14, 15, 41, 55, 75, 81, 82, 120]"
3485,203009757,51.12773114498056,29.74597944856541,3,"[18, 58, 85]"
3486,229012143,351.8900974346003,-21.77659972754503,5,"[2, 29, 69, 96, 107]"
3487,229044780,203.85351002873617,-16.67155771142939,4,"[10, 37, 64, 101]"
3488,229057867,322.1119642261514,-20.084196037330273,5,"[1, 28, 68, 95, 106]"
3489,229059574,322.1247478198784,-20.2368132089557,5,"[1, 28, 68, 95, 106]"
3490,229076023,55.286672884873866,-43.399229113132435,6,"[5, 31, 32, 107, 108, 109]"
3491,229062225,331.34312710709395,-26.575200905177788,5,"[2, 28, 68, 96, 106]"
3492,229092427,353.39568759726825,-48.119897568842624,8,"[2, 3, 29, 69, 96, 103, 104, 106]"
3493,229099027,4.853349691853253,-49.47857380993266,7,"[3, 29, 30, 97, 105, 106, 107]"
3494,229117257,354.8807621755826,-54.380410307637575,10,"[2, 3, 29, 30, 69, 96, 103, 104, 105, 106]"
3495,229137615,350.82574628337557,-57.3046058249474,6,"[2, 3, 29, 69, 96, 104]"
3496,229142326,351.8403606443119,-57.49565670471753,8,"[2, 3, 29, 30, 69, 96, 104, 105]"
3497,251160434,95.87668853659483,-27.92862165638937,5,"[6, 33, 87, 110, 111]"
3498,251288692,96.59657807784188,-27.9930269586972,5,"[6, 33, 87, 110, 111]"
3499,251318800,297.0080320244535,20.487838616455026,2,"[54, 81]"
3500,203230367,214.35222452594525,8.293338076688675,3,"[51, 91, 115]"
3501,203286672,132.0074579658626,5.883621193542899,4,"[44, 45, 46, 72]"
3502,203307252,220.53703705090675,-5.257131533206896,2,"[91, 115]"
3503,203331488,204.1007902221494,-10.222543590805275,5,"[10, 37, 64, 91, 115]"
3504,229150702,356.7198623885829,-55.42630511473582,8,"[2, 3, 29, 30, 69, 96, 104, 105]"
3505,229158754,358.29550325293286,-55.6574436270441,10,"[2, 3, 29, 30, 69, 96, 97, 104, 105, 106]"
3506,229159785,356.2897252103598,-57.24180862469327,9,"[2, 3, 29, 30, 69, 96, 97, 104, 105]"
3507,229181083,206.37030816864652,-21.082238112599548,4,"[10, 37, 64, 101]"
3508,229284388,97.95121010229802,-11.675445844272913,6,"[6, 33, 71, 72, 87, 111]"
3509,229298337,98.35618415105613,-17.170922241226275,4,"[6, 33, 87, 111]"
3510,229291775,98.23314399376886,-14.390837822445985,4,"[6, 33, 87, 111]"
3511,276271916,114.72436291505493,32.822632684368244,3,"[20, 47, 60]"
3512,229381955,98.94475133278519,-15.597178806628973,4,"[6, 33, 87, 111]"
3513,229460806,343.19381258551107,77.42085007858536,34,"[14, 15, 16, 17, 18, 20, 21, 23, 40, 41, 47, 48, 50, 51, 54, 55, 56, 57, 58, 59, 60, 73, 74, 75, 76, 77, 81, 82, 83, 84, 85, 86, 119, 120]"
3514,229534764,159.6622468360091,55.24478963584923,8,"[15, 16, 22, 48, 49, 75, 76, 121]"
3515,229551655,215.5602925847133,30.167811446754925,1,[51]
3516,229573047,232.12967567682674,42.45284903848759,5,"[24, 25, 51, 78, 117]"
3517,229575857,232.47372956343207,41.93552366329654,4,"[24, 25, 78, 117]"
3518,251549387,59.96703957975649,35.45534975940184,4,"[18, 58, 85, 86]"
3519,276400050,345.91597842594354,68.36468967411983,13,"[15, 16, 41, 55, 56, 57, 75, 76, 82, 83, 84, 120, 121]"
3520,229662991,215.20438920843975,45.051338652950406,5,"[24, 50, 51, 77, 78]"
3521,229680033,206.81123743027396,-17.49832333493537,3,"[10, 37, 64]"
3522,229675893,114.0021629473748,79.69733200300276,43,"[14, 15, 16, 17, 18, 19, 20, 21, 22, 23, 24, 26, 40, 41, 48, 49, 50, 51, 52, 53, 54, 55, 56, 57, 58, 59, 60, 73, 75, 76, 77, 78, 79, 80, 81, 82, 83, 84, 85, 86, 117, 118, 120]"
3523,229686919,250.4002596646695,78.14022369913624,47,"[14, 15, 16, 17, 18, 19, 20, 21, 22, 23, 24, 25, 26, 40, 41, 47, 48, 49, 50, 51, 53, 54, 55, 56, 57, 58, 59, 60, 73, 74, 75, 76, 77, 78, 79, 80, 81, 82, 83, 84, 85, 86, 117, 118, 119, 120, 121]"
3524,229686929,250.32582258213745,78.14816879501227,47,"[14, 15, 16, 17, 18, 19, 20, 21, 22, 23, 24, 25, 26, 40, 41, 47, 48, 49, 50, 51, 53, 54, 55, 56, 57, 58, 59, 60, 73, 74, 75, 76, 77, 78, 79, 80, 81, 82, 83, 84, 85, 86, 117, 118, 119, 120, 121]"
3525,203822321,248.39466166058543,-1.7770454331439618,3,"[91, 115, 116]"
3526,203822414,248.42666495089208,-1.7161793861540107,3,"[91, 115, 116]"
3527,229738635,9.764152633197282,86.39255039831733,45,"[14, 15, 16, 17, 18, 19, 20, 21, 22, 24, 25, 26, 40, 41, 47, 48, 49, 50, 51, 52, 53, 54, 55, 56, 58, 59, 60, 73, 74, 75, 76, 77, 78, 79, 80, 81, 82, 83, 85, 86, 117, 118, 119, 120, 121]"
3528,229780562,54.025541227671795,82.99277011827449,41,"[14, 15, 16, 17, 19, 20, 21, 22, 23, 26, 40, 41, 47, 49, 50, 51, 53, 54, 56, 57, 58, 59, 60, 73, 74, 75, 76, 78, 79, 80, 81, 82, 83, 84, 85, 86, 117, 118, 119, 120, 121]"
3529,251824177,351.614375379999,-30.496660051094164,6,"[2, 29, 69, 96, 106, 107]"
3530,251854607,351.71174410128947,-35.03531468812762,6,"[2, 29, 69, 96, 106, 107]"
3531,251880902,353.6966982150935,-34.73573162366322,6,"[2, 29, 69, 96, 106, 107]"
3532,251808762,62.08775652257352,37.654872246366054,4,"[18, 58, 59, 86]"
3533,276676383,269.86670201711553,-58.01484187584831,10,"[12, 13, 39, 66, 93, 94, 100, 101, 102, 114]"
3534,276714021,246.39096858777307,-28.10283707301341,5,"[12, 39, 65, 102, 103]"
3535,229804573,307.4491344762381,-43.076790763522375,9,"[1, 27, 28, 67, 94, 102, 103, 104, 105]"
3536,229873369,212.3532261975218,40.07291553889718,5,"[24, 50, 51, 77, 78]"
3537,229877304,213.29426107098058,39.118875696182826,5,"[24, 50, 51, 77, 78]"
3538,229885830,212.4537417681823,43.28042403350692,5,"[24, 50, 51, 77, 78]"
3539,229887037,213.78105931487818,41.2734519957106,3,"[24, 77, 78]"
3540,229902025,215.3114962558854,40.468338908888946,3,"[24, 51, 78]"
3541,229908363,214.14326063710578,44.8174560167825,5,"[24, 50, 51, 77, 78]"
3542,229906957,216.01137239342395,40.46532418738434,3,"[24, 51, 78]"
3543,229912978,3.285059495272874,82.98026046085653,45,"[14, 15, 17, 18, 19, 20, 21, 22, 23, 24, 25, 26, 40, 41, 47, 48, 49, 50, 51, 52, 53, 54, 55, 56, 57, 58, 59, 73, 74, 76, 77, 78, 79, 80, 81, 82, 83, 84, 85, 86, 117, 118, 119, 120, 121]"
3544,229979857,3.3741664133006344,81.83407388193046,47,"[14, 15, 16, 17, 18, 19, 20, 21, 22, 23, 24, 25, 26, 40, 41, 47, 48, 49, 50, 51, 52, 53, 54, 55, 56, 57, 58, 59, 73, 74, 75, 76, 77, 78, 79, 80, 81, 82, 83, 84, 85, 86, 117, 118, 119, 120, 121]"
3545,252137537,39.96933773267806,42.82629104903216,3,"[17, 18, 85]"
3546,276843427,281.4004231088247,-7.814905823794737,5,"[13, 67, 92, 94, 116]"
3547,276880793,250.0484390673097,29.48862885800193,1,[117]
3548,276992794,349.7523896413022,68.69556531341294,12,"[15, 16, 55, 57, 75, 76, 77, 82, 83, 84, 120, 121]"
3549,204294043,337.57199145835597,-15.226385578497357,4,"[2, 29, 69, 96]"
3550,204294124,337.76708685702346,-14.903329748989242,4,"[2, 29, 69, 96]"
3551,204451102,317.24636470239244,-18.342667696035488,5,"[1, 28, 68, 95, 106]"
3552,204411462,276.6761380321248,5.477087209465751,3,"[91, 92, 116]"
3553,230059312,152.46778818523873,74.49649880640877,20,"[14, 15, 16, 20, 21, 22, 40, 41, 47, 48, 49, 50, 74, 75, 76, 77, 80, 119, 120, 121]"
3554,230061187,144.00551795725505,74.96118125873733,22,"[14, 15, 16, 21, 22, 23, 26, 40, 41, 47, 48, 49, 53, 56, 60, 74, 76, 80, 83, 119, 120, 121]"
3555,230073581,164.3210745100556,79.91776060346123,46,"[14, 15, 16, 17, 18, 19, 20, 21, 23, 24, 25, 26, 40, 41, 47, 48, 49, 50, 51, 52, 53, 54, 55, 56, 57, 58, 59, 60, 73, 74, 75, 76, 77, 78, 79, 80, 81, 82, 83, 84, 85, 86, 117, 118, 119, 120]"
3556,230087513,155.3468332542657,81.04178524454727,46,"[14, 16, 17, 18, 19, 20, 21, 22, 23, 24, 25, 26, 40, 41, 47, 48, 49, 50, 51, 52, 53, 54, 55, 56, 57, 58, 59, 60, 73, 74, 75, 76, 77, 78, 79, 80, 81, 83, 84, 85, 86, 117, 118, 119, 120, 121]"
3557,230085290,139.65933853249498,80.33742418716116,45,"[14, 15, 17, 18, 19, 20, 21, 22, 23, 24, 25, 26, 40, 41, 47, 48, 49, 50, 51, 52, 54, 55, 56, 57, 58, 59, 60, 73, 74, 75, 76, 77, 78, 79, 80, 81, 82, 83, 84, 85, 86, 117, 118, 119, 121]"
3558,230123572,159.4703896113251,82.42113887069624,45,"[14, 15, 17, 18, 19, 20, 21, 22, 23, 24, 25, 26, 40, 47, 48, 49, 50, 51, 52, 53, 54, 55, 56, 57, 58, 59, 60, 73, 74, 75, 76, 77, 78, 79, 80, 81, 82, 83, 84, 85, 86, 117, 118, 119, 121]"
3559,230197792,197.66283548684504,61.102529114368274,5,"[16, 23, 24, 50, 77]"
3560,230168635,326.7650955455889,32.199082595142265,2,"[55, 82]"
3561,230192064,326.9885600224287,30.800196063519824,2,"[55, 82]"
3562,252206857,78.19915169750945,34.05204963476553,3,"[59, 73, 86]"
3563,252215717,78.0140295852762,32.90793906792103,3,"[59, 73, 86]"
3564,277227048,185.53866888628357,-3.828839352995893,3,"[46, 91, 115]"
3565,277234493,335.6167427565812,64.67612388714822,12,"[14, 15, 16, 41, 55, 56, 75, 76, 82, 83, 120, 121]"
3566,277248298,351.4249638999557,59.48532035745816,5,"[15, 16, 82, 83, 121]"
3567,204613780,31.203228197167714,-35.74950892012748,6,"[4, 31, 97, 105, 107, 108]"
3568,204613785,31.109575660692805,-35.74249704389443,6,"[4, 31, 97, 105, 107, 108]"
3569,204614426,30.932966069558898,-36.57347970802628,6,"[4, 31, 97, 105, 107, 108]"
3570,204645314,194.01412571944473,-20.18058994879644,6,"[10, 37, 63, 90, 101, 114]"
3571,204712890,271.54310309763366,15.322913339839701,2,"[80, 118]"
3572,230281612,280.86927344429074,65.67805972011763,9,"[14, 26, 40, 53, 54, 74, 79, 80, 119]"
3573,230349695,283.1098976598915,38.15485964743917,6,"[26, 40, 53, 80, 118, 119]"
3574,230385278,334.3279687411155,81.83672782923087,45,"[14, 16, 17, 18, 19, 20, 21, 22, 23, 24, 25, 26, 40, 41, 47, 48, 49, 50, 51, 52, 53, 54, 55, 56, 57, 58, 59, 60, 73, 74, 75, 76, 78, 79, 80, 81, 82, 83, 84, 85, 86, 118, 119, 120, 121]"
3575,252436306,81.23513914375366,32.499131098201595,4,"[19, 59, 73, 86]"
3576,252475665,134.27274025360467,39.87176057824371,3,"[21, 48, 75]"
3577,252473864,135.46511645923124,37.67896134425282,3,"[21, 48, 75]"
3578,252463437,132.58184061399675,35.12733309977858,3,"[21, 48, 75]"
3579,252487672,138.57223259944553,35.9998959090796,3,"[21, 48, 75]"
3580,277303601,268.06309988496406,29.529650889502566,2,"[80, 118]"
3581,204816649,286.5234860611275,10.592494811458163,3,"[80, 92, 116]"
3582,230638405,323.63196103757394,50.9523394752699,6,"[14, 15, 41, 55, 82, 120]"
3583,204929023,248.30952785950248,3.7534249767001606,3,"[91, 115, 116]"
3584,252676979,14.669507680039391,48.951589704027015,5,"[16, 17, 57, 77, 84]"
3585,252748014,16.739486783943935,49.78800672832369,5,"[16, 17, 57, 77, 84]"
3586,252724461,14.943144211696197,48.47687317487193,5,"[16, 17, 57, 77, 84]"
3587,252756054,15.724692135540977,48.580827344691535,5,"[16, 17, 57, 77, 84]"
3588,252795957,147.906581226422,33.34626742251663,2,"[21, 48]"
3589,277498033,268.27891824448454,34.56050639500968,1,[80]
3590,252828861,61.565681948068004,28.94676664892724,3,"[18, 58, 86]"
3591,277674241,247.64902945574318,-32.26064927175777,5,"[12, 39, 65, 102, 103]"
3592,277665086,246.0147851565761,-33.99841231904419,6,"[12, 38, 39, 65, 102, 103]"
3593,230837908,327.19685144093114,46.24863435014383,6,"[15, 41, 55, 82, 120, 121]"
3594,252863846,62.90402171922514,31.53806909889797,3,"[18, 58, 86]"
3595,252873509,97.06055104831053,30.21074915791318,3,"[20, 60, 73]"
3596,252897182,99.95888041604346,25.9382103758416,3,"[20, 60, 73]"
3597,252939881,101.38196852259773,29.96591178275814,3,"[20, 47, 60]"
3598,252939882,101.38285518751819,29.96498179182712,3,"[20, 47, 60]"
3599,252977783,111.30309320483681,32.51921750088625,3,"[20, 47, 60]"
3600,252993955,112.55190582294514,32.342934142947,3,"[20, 47, 60]"
3601,252998795,114.39621021673362,27.628674678001737,3,"[20, 47, 60]"
3602,252991419,112.80892290571877,31.26083005557057,3,"[20, 47, 60]"
3603,252986956,112.59303595762883,30.55677661251246,3,"[20, 47, 60]"
3604,277774779,305.2964609183778,-55.52983355877342,10,"[1, 27, 28, 67, 68, 94, 95, 102, 103, 104]"
3605,277797530,155.50107724296072,-4.080830152656784,3,"[45, 46, 72]"
3606,277839376,156.8246418359821,-5.455551925899231,3,"[45, 46, 72]"
3607,277839597,157.15354818193168,-6.405085633529862,5,"[8, 35, 45, 46, 72]"
3608,277895096,158.55891552383392,-7.399308359048954,4,"[35, 45, 46, 72]"
3609,277890728,297.79472553383374,-62.28200376257641,8,"[1, 13, 27, 28, 67, 68, 94, 95]"
3610,277913391,306.2040429305637,-59.95270558458999,9,"[1, 27, 28, 67, 68, 94, 95, 102, 103]"
3611,205253565,289.2295133539365,11.193569927677812,3,"[54, 80, 92]"
3612,231005004,346.6861375963172,-58.942683718856685,5,"[2, 69, 96, 104, 105]"
3613,231005052,347.1304473235286,-58.84100507071291,4,"[2, 69, 96, 105]"
3614,231005905,347.1352065072924,-58.8390084317862,4,"[2, 69, 96, 105]"
3615,231048083,351.8350753300667,-59.5943429802777,8,"[2, 3, 29, 30, 69, 96, 104, 105]"
3616,231064749,347.0099155139358,-63.89396596415332,5,"[2, 28, 30, 68, 96]"
3617,231061242,353.924024467956,-60.32272751825684,9,"[2, 3, 29, 30, 69, 96, 97, 104, 105]"
3618,253085110,219.00663259750246,-43.71256965806314,10,"[11, 37, 38, 64, 99, 100, 101, 112, 113, 114]"
3619,277982164,258.8481715242259,-76.58246736272375,24,"[1, 4, 7, 10, 11, 12, 13, 27, 28, 31, 34, 37, 38, 61, 64, 65, 66, 67, 87, 88, 90, 93, 94, 97]"
3620,277963311,197.5389872204831,-37.997398908343264,11,"[10, 37, 63, 64, 90, 99, 100, 101, 111, 113, 114]"
3621,278056525,195.0198698849423,-33.7865467514039,8,"[10, 37, 63, 90, 100, 101, 111, 114]"
3622,278082760,302.18691749155454,33.921287295652114,2,"[54, 81]"
3623,278175826,248.24116547456464,-39.0869840237914,9,"[12, 39, 65, 100, 101, 102, 103, 113, 114]"
3624,205591703,307.94996579237574,8.708543132911208,4,"[54, 81, 92, 116]"
3625,231267777,314.02879055841424,-39.60287113816938,8,"[1, 28, 68, 95, 102, 103, 104, 105]"
3626,231272524,6.256229370823054,-62.5390851702801,7,"[2, 3, 29, 30, 69, 96, 97]"
3627,278191971,284.92582730924596,46.4516610719614,7,"[26, 40, 53, 54, 80, 118, 119]"
3628,278380781,249.00271664363433,-76.22157772824785,25,"[3, 4, 7, 10, 11, 12, 13, 27, 30, 33, 34, 37, 38, 39, 61, 63, 64, 65, 66, 67, 87, 88, 90, 93, 97]"
3629,278413303,256.43493799401324,-73.63494099515373,12,"[11, 12, 13, 27, 38, 39, 64, 65, 66, 67, 93, 94]"
3630,278343002,0.5820016583959875,61.0351930923652,7,"[56, 57, 76, 77, 83, 84, 121]"
3631,205924677,291.05256715347736,7.3228686987967295,3,"[54, 92, 116]"
3632,231461096,117.67347532805786,-52.50371440346763,10,"[7, 33, 34, 61, 87, 88, 108, 109, 110, 111]"
3633,231626393,301.8142708578824,-35.84271001546281,7,"[1, 27, 67, 94, 95, 104, 105]"
3634,231632822,299.7582039207461,-40.789383548728814,8,"[27, 67, 94, 101, 102, 103, 104, 105]"
3635,253623437,278.79321141250983,-18.336818407748964,3,"[13, 94, 104]"
3636,253624222,279.0011145013557,-16.662526608905427,3,"[13, 94, 104]"
3637,253584426,278.8768473956246,-15.221225641283937,3,"[13, 94, 104]"
3638,253825917,280.3411976169291,-17.946740739937123,2,"[67, 94]"
3639,278525792,320.6040441567146,-24.65992003698517,4,"[1, 68, 95, 106]"
3640,278535185,2.710995823537703,10.76685454899987,4,"[42, 56, 70, 83]"
3641,278553676,336.60017556031084,64.18556493595959,12,"[14, 15, 16, 41, 55, 56, 75, 76, 82, 83, 120, 121]"
3642,278660115,298.5313013786739,-52.45058822832835,10,"[1, 13, 27, 67, 94, 95, 101, 102, 103, 104]"
3643,278660127,298.58736681743784,-52.41688927983645,10,"[1, 13, 27, 67, 94, 95, 101, 102, 103, 104]"
3644,231665881,301.4894956683134,-39.41953963267053,9,"[1, 27, 67, 94, 95, 102, 103, 104, 105]"
3645,231697062,308.985560367189,-38.77872659834347,8,"[1, 27, 28, 68, 95, 103, 104, 105]"
3646,231698181,309.63657146022,-41.42642051098314,8,"[1, 27, 68, 95, 102, 103, 104, 105]"
3647,231693006,304.6943098951532,-37.257348457965485,9,"[1, 27, 67, 68, 94, 95, 102, 104, 105]"
3648,205960857,252.20486953749818,-2.2311353450745695,3,"[91, 115, 116]"
3649,231700251,310.15297582675123,-40.70515062816177,8,"[1, 27, 28, 68, 95, 103, 104, 105]"
3650,231724654,68.61102830808032,-75.09717401949095,16,"[4, 5, 6, 7, 10, 27, 31, 32, 33, 37, 64, 67, 87, 94, 97, 98]"
3651,231824922,81.2544933390925,-76.55653404727373,26,"[1, 4, 5, 6, 7, 10, 11, 27, 28, 31, 32, 33, 34, 37, 38, 61, 64, 65, 67, 68, 87, 88, 94, 95, 97, 98]"
3652,231831130,336.5610180672972,-62.49067762421026,8,"[1, 2, 28, 29, 68, 69, 95, 96]"
3653,231836962,340.4395053376214,-61.61125038118114,9,"[1, 2, 28, 29, 68, 69, 95, 96, 104]"
3654,231844926,340.7187815084916,-62.56044834595228,8,"[1, 2, 28, 29, 68, 69, 95, 96]"
3655,253923638,327.17735402446726,-21.366038253209343,5,"[1, 28, 68, 95, 106]"
3656,253966001,281.50920678961944,-16.957277308726407,3,"[13, 67, 94]"
3657,253951371,224.0012497326307,-44.3858962037884,10,"[11, 38, 64, 65, 99, 100, 101, 112, 113, 114]"
3658,254055923,282.1751839484128,-19.125878142262362,3,"[13, 94, 104]"
3659,254003502,282.0333830407994,-14.279900159382967,3,"[13, 67, 94]"
3660,253996491,281.86246031454385,-16.70310190582368,3,"[13, 67, 94]"
3661,254079940,282.83621472471884,-15.516505868496203,3,"[13, 67, 94]"
3662,278684081,119.44249000940393,-80.04162036452054,44,"[1, 2, 3, 4, 5, 6, 8, 9, 10, 11, 12, 13, 27, 28, 29, 30, 31, 32, 33, 34, 35, 36, 37, 38, 39, 61, 62, 63, 64, 65, 66, 67, 68, 69, 87, 88, 89, 90, 93, 94, 95, 96, 97, 98]"
3663,278804454,322.78879488991714,-27.015798002525674,5,"[1, 28, 68, 95, 106]"
3664,278805095,321.7129671186517,-29.12550445679715,5,"[1, 28, 68, 95, 105]"
3665,206144150,307.0245899670529,2.055330793560116,2,"[92, 116]"
3666,206238826,325.8296216549801,-0.6836692916380696,1,[92]
3667,206233701,317.6064370287628,2.3889429251152703,2,"[92, 116]"
3668,231861257,342.87935011472047,-63.521449076038685,6,"[28, 29, 68, 69, 95, 96]"
3669,206189744,311.5473450741515,0.21222712719988876,2,"[92, 116]"
3670,206253420,253.19884247406873,-5.114014909477285,3,"[91, 115, 116]"
3671,231916349,95.15988622682194,-68.67345018549351,8,"[5, 6, 7, 32, 33, 34, 87, 98]"
3672,232022864,101.06330340666247,-66.04922544901174,6,"[7, 32, 34, 87, 88, 98]"
3673,254147274,283.61413803209854,-15.159968990211388,4,"[13, 27, 67, 94]"
3674,254181386,284.1313181008016,-15.314043271953013,4,"[13, 27, 67, 94]"
3675,254236693,284.76970064146053,-16.17496591131413,4,"[13, 27, 67, 94]"
3676,254289060,343.82387828381684,-20.17303830179606,5,"[2, 29, 69, 96, 107]"
3677,254278612,285.5041797836174,-14.522068099081027,4,"[13, 27, 67, 94]"
3678,254291941,343.37705080529935,-22.20498497155622,4,"[29, 69, 96, 107]"
3679,278870306,345.12707512872777,2.177599795565168,3,"[42, 70, 92]"
3680,278902644,340.2072082164019,59.49583176216786,9,"[15, 16, 55, 56, 76, 82, 83, 120, 121]"
3681,278962831,38.68994429232644,-8.39690355014584,5,"[31, 42, 43, 70, 71]"
3682,278962915,38.85142937301701,-7.96431051374985,6,"[4, 31, 42, 43, 70, 71]"
3683,278951697,347.9424162261793,4.63084144712668,3,"[42, 70, 92]"
3684,206361964,333.54519760424546,-42.07919791815948,10,"[2, 28, 29, 68, 69, 96, 103, 104, 105, 106]"
3685,206402844,21.34836907498393,-68.16037800847863,5,"[3, 4, 30, 31, 97]"
3686,206412735,25.934343152326058,-66.62868448594958,5,"[3, 4, 30, 31, 97]"
3687,206455543,273.06722829896205,14.676144789258254,2,"[80, 118]"
3688,232071726,328.08825422916806,-67.04315706509473,4,"[1, 2, 28, 29]"
3689,254394012,243.53255634965532,-24.327794965061276,4,"[12, 38, 65, 103]"
3690,254425584,243.60557362581525,-24.351268699370692,4,"[12, 38, 65, 103]"
3691,279069526,46.489430636999934,-20.412672845514237,3,"[4, 31, 109]"
3692,279159916,135.74831022864862,-80.652385767908,41,"[2, 3, 4, 5, 6, 7, 8, 9, 10, 12, 13, 27, 28, 29, 30, 31, 32, 33, 34, 35, 36, 37, 38, 39, 62, 63, 64, 65, 66, 67, 68, 69, 87, 89, 90, 93, 94, 95, 96, 97, 98]"
3693,206491848,26.674862528275607,-69.32920339275213,5,"[3, 4, 30, 31, 97]"
3694,206539678,340.77171655636243,-56.50037708641663,8,"[2, 28, 29, 68, 69, 103, 104, 105]"
3695,206536202,327.1275764478398,-9.356027084219892,7,"[1, 28, 42, 68, 92, 95, 116]"
3696,206554261,328.57837250034873,-7.782300361631215,6,"[28, 42, 68, 92, 96, 116]"
3697,206597765,327.9848061998358,-11.935856684369169,6,"[1, 28, 68, 96, 106, 116]"
3698,206598159,339.86341975939064,-59.76498864961791,10,"[1, 2, 28, 29, 68, 69, 95, 96, 103, 104]"
3699,206583981,342.0047170449434,-57.80479412770253,9,"[2, 28, 29, 68, 69, 96, 103, 104, 105]"
3700,206623325,344.9800712372106,-58.87610152343114,6,"[2, 29, 69, 96, 104, 105]"
3701,206614902,330.29525979452745,-22.9982798155281,5,"[2, 28, 68, 96, 106]"
3702,206652823,343.57762618349494,-59.772429742024876,7,"[28, 29, 68, 69, 96, 104, 105]"
3703,206649891,330.8261519672198,-23.36121050601318,5,"[2, 28, 68, 96, 106]"
3704,206663039,331.32367137811326,-23.645912728656583,5,"[2, 28, 68, 96, 106]"
3705,206680304,96.3490540651272,-12.066709657848012,5,"[6, 33, 71, 72, 87]"
3706,279265273,59.49668785919684,53.92096381980541,11,"[18, 19, 24, 25, 52, 58, 59, 78, 79, 85, 86]"
3707,279249351,130.84590003810774,-78.38286706950416,43,"[1, 2, 3, 4, 5, 6, 7, 8, 9, 10, 11, 12, 13, 27, 28, 29, 30, 31, 32, 33, 34, 35, 36, 37, 38, 39, 61, 62, 63, 65, 66, 67, 68, 69, 87, 88, 89, 90, 93, 94, 96, 97, 98]"
3708,279342892,23.827245390120293,-35.627733031501975,6,"[3, 4, 30, 97, 107, 108]"
3709,279337502,307.95161638486,43.44362365900805,4,"[41, 54, 119, 120]"
3710,279360385,131.18318152869577,-77.72609885493853,36,"[2, 3, 5, 6, 7, 8, 9, 10, 12, 13, 27, 29, 30, 32, 33, 34, 35, 36, 37, 39, 61, 62, 63, 66, 67, 68, 69, 87, 88, 89, 90, 93, 94, 96, 97, 98]"
3711,206686962,332.72820437657117,-22.795787157409436,5,"[2, 28, 69, 96, 106]"
3712,206735446,49.08640642609017,-33.03010716657395,3,"[4, 31, 109]"
3713,206727611,96.48851782144546,-12.167793417127095,5,"[6, 33, 71, 72, 87]"
3714,206828302,251.85789900059416,-34.7276538992618,8,"[12, 39, 65, 66, 93, 102, 103, 113]"
3715,206815368,252.2075467859694,-36.19206955807187,8,"[12, 39, 65, 66, 93, 102, 103, 113]"
3716,232527921,194.4736762761289,40.850426044879164,3,"[23, 50, 77]"
3717,232529507,199.6901388241508,41.42080719764752,1,[50]
3718,232538224,149.5605495599647,74.12082786870462,19,"[14, 15, 16, 20, 21, 22, 23, 40, 41, 47, 48, 49, 74, 75, 76, 80, 119, 120, 121]"
3719,232567586,225.629987902649,68.96386443644741,7,"[23, 24, 25, 50, 52, 77, 117]"
3720,232539455,156.30725166045465,73.85952999750943,16,"[14, 15, 16, 21, 22, 23, 41, 48, 49, 74, 75, 76, 77, 119, 120, 121]"
3721,232576362,264.27462028659727,1.272895487785602,4,"[91, 92, 115, 116]"
3722,232563914,158.19853179375755,74.09748927722437,21,"[14, 15, 16, 21, 22, 23, 41, 47, 48, 49, 50, 57, 74, 75, 76, 77, 81, 84, 119, 120, 121]"
3723,232606431,210.55969194722564,83.75029339035756,44,"[14, 15, 16, 17, 18, 19, 20, 21, 22, 23, 24, 25, 26, 40, 41, 47, 48, 49, 50, 51, 52, 53, 55, 56, 58, 59, 73, 74, 75, 76, 77, 78, 79, 80, 81, 82, 83, 85, 86, 117, 118, 119, 120, 121]"
3724,254692046,244.11492852496625,-21.70279603743876,4,"[12, 38, 65, 103]"
3725,279482389,135.35465882584376,-78.29007344856768,39,"[2, 3, 4, 5, 6, 7, 8, 9, 10, 12, 13, 27, 28, 29, 30, 31, 32, 33, 34, 35, 36, 37, 38, 39, 62, 63, 66, 67, 69, 87, 88, 89, 90, 93, 94, 95, 96, 97, 98]"
3726,279485093,53.49286313828424,-31.6718923769281,4,"[5, 31, 108, 109]"
3727,279486875,344.35077680249344,26.179405639698214,2,"[56, 83]"
3728,279476396,139.53245791959134,-79.71109110793797,43,"[1, 2, 3, 4, 5, 6, 7, 8, 9, 10, 11, 12, 13, 27, 29, 30, 31, 32, 33, 34, 35, 36, 37, 38, 39, 61, 62, 63, 64, 66, 67, 68, 69, 87, 88, 89, 90, 93, 94, 95, 96, 97, 98]"
3729,279509403,62.22485495592616,48.98092776920559,10,"[18, 19, 25, 52, 58, 59, 78, 79, 85, 86]"
3730,279573219,135.20590396998156,-77.64642968424884,35,"[2, 3, 5, 6, 7, 8, 9, 10, 12, 13, 27, 29, 30, 32, 33, 34, 35, 36, 37, 39, 62, 63, 66, 67, 69, 87, 88, 89, 90, 93, 94, 95, 96, 97, 98]"
3731,279563894,346.2749580668119,28.569239953095774,2,"[56, 83]"
3732,206904850,97.27875311669935,-12.237065230636139,6,"[6, 33, 71, 72, 87, 111]"
3733,207077159,309.75917270507955,-24.873533627196373,6,"[1, 28, 68, 95, 105, 106]"
3734,207084657,352.7843986850171,-53.2450921592942,8,"[2, 3, 29, 69, 96, 103, 104, 106]"
3735,207074616,314.7700517839752,-18.871881483396606,5,"[1, 28, 68, 95, 106]"
3736,207085716,353.2483899537651,-53.23702218688437,9,"[2, 3, 29, 69, 96, 103, 104, 105, 106]"
3737,232611613,225.14478087776732,82.409019457246,45,"[14, 15, 16, 17, 18, 19, 20, 22, 23, 24, 25, 26, 40, 41, 47, 48, 49, 50, 52, 53, 54, 55, 56, 57, 58, 59, 60, 73, 74, 75, 76, 77, 79, 80, 81, 82, 83, 84, 85, 86, 117, 118, 119, 120, 121]"
3738,232625701,266.493153639888,79.39720867586091,47,"[14, 15, 16, 17, 18, 19, 20, 21, 22, 23, 24, 25, 26, 40, 41, 47, 48, 49, 50, 51, 52, 53, 54, 55, 56, 57, 58, 59, 60, 73, 74, 76, 77, 78, 79, 80, 81, 82, 83, 84, 85, 86, 117, 118, 119, 120, 121]"
3739,254893790,245.51425621781863,-24.680747725063316,3,"[12, 65, 103]"
3740,255125492,245.77053594861096,-21.753243411840273,3,"[12, 65, 103]"
3741,255125910,245.97337207140413,-22.516976372861027,3,"[12, 65, 103]"
3742,255134616,246.25757632620005,-23.62088570189969,4,"[12, 39, 65, 103]"
3743,279649049,354.19471645780925,-72.48330167943868,11,"[1, 2, 3, 28, 29, 30, 68, 69, 95, 96, 97]"
3744,279649057,353.91089272457066,-72.47482028080002,11,"[1, 2, 3, 28, 29, 30, 68, 69, 95, 96, 97]"
3745,279649845,343.7325710058895,-74.04137752802586,13,"[1, 3, 7, 28, 29, 30, 64, 67, 68, 69, 88, 95, 97]"
3746,279637399,347.8658996925011,-73.10211037407946,12,"[1, 2, 3, 28, 29, 30, 64, 68, 88, 95, 96, 97]"
3747,279674387,344.29295839199517,-74.15503545647847,14,"[1, 3, 7, 28, 29, 30, 61, 64, 67, 68, 69, 88, 95, 97]"
3748,279696912,85.36363562644365,-33.393515001347865,5,"[6, 32, 98, 109, 110]"
3749,279698725,85.55708393956074,-30.24403572617159,3,"[6, 98, 110]"
3750,279741379,352.8783588977351,-73.83640806363796,15,"[1, 2, 3, 4, 28, 29, 30, 34, 61, 64, 68, 69, 95, 96, 97]"
3751,279765035,44.82930676336426,62.02172663893649,11,"[17, 18, 24, 25, 52, 57, 58, 77, 78, 84, 86]"
3752,279812295,245.65615896315217,-17.827408998063962,2,"[65, 103]"
3753,207149599,358.11513396930303,-69.45887814238517,7,"[2, 3, 29, 30, 69, 96, 97]"
3754,207136930,3.588003098335165,-65.97522711636091,5,"[2, 29, 69, 96, 97]"
3755,207215717,251.6826264340025,-32.61760839120689,6,"[12, 39, 65, 66, 102, 103]"
3756,207141880,5.878674712034993,-65.68108387440884,4,"[2, 29, 69, 96]"
3757,232970737,143.2838387490415,64.29578423283584,9,"[14, 15, 21, 41, 49, 74, 76, 120, 121]"
3758,232979046,159.12801637596502,69.56137866552567,13,"[14, 15, 16, 21, 22, 23, 41, 48, 49, 75, 76, 120, 121]"
3759,232982544,160.51965059758444,79.00951444311423,48,"[14, 15, 16, 17, 18, 19, 20, 21, 22, 23, 24, 25, 26, 40, 41, 47, 48, 49, 50, 51, 52, 53, 54, 55, 56, 57, 58, 59, 60, 73, 74, 75, 76, 77, 78, 79, 80, 81, 82, 83, 84, 85, 86, 117, 118, 119, 120, 121]"
3760,233059608,268.0059428648529,87.58059447288333,42,"[14, 15, 16, 17, 18, 19, 20, 21, 22, 23, 24, 25, 40, 41, 47, 48, 50, 51, 52, 54, 55, 56, 57, 58, 59, 60, 73, 74, 75, 76, 77, 78, 79, 80, 81, 82, 83, 84, 117, 119, 120, 121]"
3761,255319952,246.72350823310092,-23.067142464466222,4,"[12, 39, 65, 103]"
3762,279823906,124.13825341975793,32.53201207072336,2,"[21, 47]"
3763,279825533,124.7403900238712,31.405234701077134,2,"[21, 47]"
3764,255263370,246.24063147273,-21.675124618133452,4,"[12, 39, 65, 103]"
3765,279864445,115.06334146638238,-18.67574079289131,2,"[7, 34]"
3766,279962041,89.34043575519573,62.238337976215334,15,"[19, 20, 25, 26, 40, 47, 52, 53, 59, 60, 73, 74, 79, 86, 119]"
3767,207400117,200.81790387772722,74.67277128178223,17,"[15, 16, 22, 23, 24, 25, 49, 50, 51, 52, 58, 76, 77, 78, 82, 117, 121]"
3768,207402633,195.51510520089442,76.074499353874,26,"[15, 16, 18, 22, 23, 24, 25, 48, 49, 50, 51, 52, 55, 56, 58, 75, 76, 77, 78, 79, 82, 83, 85, 117, 120, 121]"
3769,207468665,213.33000438536283,73.93950671672081,17,"[16, 19, 23, 24, 25, 49, 50, 51, 52, 56, 76, 77, 78, 79, 83, 86, 117]"
3770,207468713,213.00906962872952,74.03026565794586,17,"[16, 19, 23, 24, 25, 49, 50, 51, 52, 56, 76, 77, 78, 79, 83, 86, 117]"
3771,233075235,291.5908651617881,88.41667312983276,34,"[14, 15, 16, 18, 19, 21, 22, 24, 25, 26, 41, 48, 49, 51, 52, 53, 55, 56, 57, 58, 75, 76, 77, 78, 79, 80, 81, 83, 84, 85, 117, 118, 120, 121]"
3772,233089202,284.05117479842227,85.19950240955477,45,"[14, 15, 16, 17, 18, 19, 21, 22, 24, 25, 26, 41, 47, 48, 49, 50, 51, 52, 53, 54, 55, 56, 57, 58, 59, 60, 73, 74, 75, 76, 77, 78, 79, 80, 81, 82, 83, 84, 85, 86, 117, 118, 119, 120, 121]"
3773,233121747,305.3003795836486,87.40022859789778,41,"[15, 16, 17, 18, 19, 20, 21, 22, 23, 24, 25, 26, 40, 41, 47, 48, 49, 50, 51, 52, 53, 55, 56, 57, 58, 73, 75, 76, 77, 78, 79, 80, 81, 83, 84, 85, 117, 118, 119, 120, 121]"
3774,233093355,282.65524539322877,83.72646012106328,47,"[14, 15, 16, 17, 18, 19, 20, 21, 22, 24, 25, 26, 40, 41, 47, 48, 49, 50, 51, 52, 53, 54, 55, 56, 57, 58, 59, 60, 73, 74, 75, 76, 77, 78, 79, 80, 81, 82, 83, 84, 85, 86, 117, 118, 119, 120, 121]"
3775,233164000,154.88937665733195,51.19472899328924,7,"[22, 48, 49, 75, 76, 120, 121]"
3776,233169321,151.3326571429443,69.3233396177259,13,"[14, 15, 16, 21, 22, 41, 48, 49, 74, 75, 76, 120, 121]"
3777,233166726,151.99670987919197,53.964683447423745,10,"[15, 21, 22, 41, 48, 49, 75, 76, 120, 121]"
3778,233172907,156.58042928522045,69.08456051520876,12,"[14, 15, 16, 21, 22, 41, 48, 49, 75, 76, 120, 121]"
3779,233186332,141.69346153041238,73.65512238519922,18,"[14, 15, 16, 20, 21, 22, 40, 41, 47, 49, 53, 60, 74, 76, 80, 119, 120, 121]"
3780,233195546,132.24596895671576,86.89897768697881,43,"[15, 16, 17, 18, 19, 20, 22, 23, 24, 25, 26, 40, 47, 48, 49, 50, 52, 53, 54, 55, 56, 57, 58, 59, 60, 73, 74, 75, 76, 77, 78, 79, 80, 81, 82, 83, 84, 85, 86, 117, 118, 119, 121]"
3781,233199292,123.38342047895466,86.8145185388929,46,"[15, 16, 17, 18, 19, 20, 21, 22, 23, 24, 25, 26, 40, 41, 47, 48, 49, 50, 51, 52, 53, 55, 56, 57, 58, 59, 60, 73, 74, 75, 76, 77, 78, 79, 80, 81, 82, 83, 84, 85, 86, 117, 118, 119, 120, 121]"
3782,233234082,113.99824032993749,87.64769244732263,39,"[14, 15, 16, 18, 19, 21, 22, 23, 24, 25, 26, 41, 48, 49, 51, 52, 53, 55, 56, 57, 58, 59, 60, 73, 75, 76, 77, 78, 79, 81, 82, 83, 84, 85, 86, 117, 118, 120, 121]"
3783,255415486,247.42524307184803,-24.329689188998564,4,"[12, 39, 65, 103]"
3784,255530921,247.12731531078205,-21.572179764899364,4,"[12, 39, 65, 103]"
3785,255570210,103.4801782800925,-71.31533359973125,9,"[5, 6, 7, 32, 33, 34, 61, 88, 98]"
3786,255548143,102.81942844143452,-74.43397975822974,12,"[5, 6, 7, 8, 32, 33, 34, 61, 68, 88, 95, 98]"
3787,279996949,102.00359293122962,-27.13534871838969,3,"[6, 33, 87]"
3788,280001313,114.97396434159195,-15.50789991663062,2,"[7, 34]"
3789,280156638,242.18068233688925,-2.9895412374085932,3,"[91, 115, 116]"
3790,207511576,252.22343256042612,-33.734636794756206,8,"[12, 39, 65, 66, 93, 102, 103, 113]"
3791,207556694,252.8268251510421,-35.70956398468165,8,"[12, 39, 65, 66, 93, 102, 103, 113]"
3792,233432588,141.37158469713137,10.790776596512572,5,"[21, 45, 46, 48, 72]"
3793,233346162,340.2949927432825,72.17039643459991,17,"[14, 15, 41, 54, 55, 56, 57, 75, 76, 77, 81, 82, 83, 84, 120, 121]"
3794,233438010,255.21326552874666,-22.92769495688965,5,"[12, 39, 66, 93, 103]"
3795,233458504,178.55424188279602,57.22452279222946,8,"[16, 22, 23, 49, 50, 76, 77, 121]"
3796,255630992,108.66814889276074,-74.75737747802877,15,"[5, 6, 7, 8, 32, 33, 34, 35, 61, 68, 69, 87, 88, 96, 98]"
3797,255642378,107.38458911292068,-71.48729252968715,10,"[6, 7, 8, 32, 33, 34, 61, 87, 88, 98]"
3798,255752750,79.05978951494487,-42.81258740860889,8,"[5, 6, 32, 98, 107, 108, 109, 110]"
3799,255754686,110.42349859674255,-72.30027865248626,10,"[6, 7, 8, 32, 33, 34, 61, 87, 88, 98]"
3800,280200611,174.83512502715152,-57.96126915982174,10,"[9, 35, 36, 62, 63, 89, 90, 110, 111, 112]"
3801,280198016,174.05442316306426,-57.51974412209841,10,"[9, 35, 36, 62, 63, 89, 90, 110, 111, 112]"
3802,280256613,64.5390118935356,48.651791775563396,9,"[18, 19, 25, 52, 58, 59, 78, 79, 86]"
3803,233493049,229.5332012841916,31.561925571082956,2,"[51, 117]"
3804,233494936,110.27007555879884,77.23523878592539,37,"[14, 15, 16, 18, 19, 20, 21, 22, 24, 25, 26, 40, 41, 47, 48, 49, 51, 52, 53, 55, 59, 60, 73, 74, 75, 76, 78, 79, 80, 81, 82, 86, 117, 118, 119, 120, 121]"
3805,207857392,253.2459068940452,-35.97810429267728,6,"[39, 66, 93, 102, 103, 113]"
3806,233503400,109.48863425899088,77.68375109771752,39,"[14, 15, 16, 18, 19, 20, 21, 22, 24, 25, 26, 40, 41, 47, 48, 49, 51, 52, 53, 55, 56, 58, 59, 60, 73, 74, 75, 76, 79, 80, 81, 82, 85, 86, 117, 118, 119, 120, 121]"
3807,233510956,271.67633316931665,71.89900575845469,11,"[14, 25, 40, 53, 54, 74, 79, 80, 81, 117, 118]"
3808,233627752,324.57046546150787,81.25967727427265,44,"[14, 15, 16, 17, 18, 19, 20, 21, 22, 23, 24, 25, 26, 40, 41, 47, 49, 50, 51, 52, 53, 54, 56, 57, 58, 59, 60, 73, 74, 76, 77, 78, 79, 80, 81, 83, 84, 85, 86, 117, 118, 119, 120, 121]"
3809,233647233,205.45934733678274,57.563440525778944,5,"[23, 24, 50, 51, 77]"
3810,255854921,225.26089421066817,-46.242625824723035,9,"[11, 38, 64, 65, 99, 101, 112, 113, 114]"
3811,280495780,175.7318091859996,-58.39841163186664,10,"[9, 10, 35, 36, 62, 63, 89, 90, 111, 112]"
3812,208167895,228.40626873637265,-39.696195284196236,10,"[11, 38, 65, 99, 100, 101, 102, 112, 113, 114]"
3813,233757300,350.71428832092954,73.83098103710563,15,"[14, 15, 16, 17, 41, 55, 57, 75, 76, 77, 82, 83, 84, 120, 121]"
3814,233798897,343.39789878985266,71.57563361693427,14,"[14, 15, 16, 41, 55, 56, 57, 75, 76, 77, 82, 83, 84, 120]"
3815,233737023,313.4933455656657,84.76361649857533,45,"[14, 15, 16, 17, 18, 19, 20, 22, 23, 24, 25, 26, 40, 47, 48, 49, 50, 52, 53, 54, 55, 56, 57, 58, 59, 60, 73, 74, 75, 76, 77, 78, 79, 80, 81, 82, 83, 84, 85, 86, 117, 118, 119, 120, 121]"
3816,233738458,344.1073117520468,86.63204663120824,42,"[14, 15, 16, 17, 18, 20, 21, 23, 24, 25, 26, 40, 41, 47, 48, 49, 50, 51, 52, 53, 54, 55, 57, 58, 59, 73, 74, 75, 76, 77, 78, 79, 80, 81, 82, 84, 85, 86, 117, 118, 119, 120]"
3817,233896030,342.53417267624945,70.24029444293379,13,"[14, 15, 16, 41, 55, 56, 57, 75, 76, 82, 83, 84, 120]"
3818,233898009,340.3082506052229,69.48277416862703,12,"[14, 15, 16, 41, 55, 56, 75, 76, 82, 83, 120, 121]"
3819,256086522,268.5326134715444,-12.19419931909656,5,"[39, 66, 93, 115, 116]"
3820,280618896,117.18533566085755,-17.544359059181104,3,"[7, 88, 112]"
3821,280630093,72.12385845293994,45.82867690884251,3,"[19, 59, 73]"
3822,280680714,117.55037248621525,-18.57838260123253,4,"[7, 34, 88, 112]"
3823,280773136,225.14310656828283,-61.498873911896034,7,"[11, 37, 38, 64, 65, 100, 113]"
3824,280792785,321.61888375726653,-54.43951631380273,9,"[1, 28, 68, 95, 96, 102, 103, 104, 105]"
3825,280794284,321.6894797616217,-54.593565975220955,9,"[1, 28, 68, 95, 96, 102, 103, 104, 105]"
3826,233967252,341.04794528746334,-68.52523357043947,10,"[1, 2, 3, 28, 29, 30, 68, 69, 95, 96]"
3827,233974331,101.16557449708941,-19.784111724319292,3,"[6, 33, 111]"
3828,256231408,268.58402369009303,-11.189845914471919,7,"[39, 66, 91, 92, 93, 115, 116]"
3829,256298025,68.96802807045886,84.34548508754621,43,"[14, 15, 16, 17, 18, 19, 20, 21, 22, 23, 24, 26, 40, 41, 47, 48, 49, 50, 51, 53, 54, 55, 56, 57, 58, 60, 73, 74, 75, 76, 77, 80, 81, 82, 83, 84, 85, 86, 117, 118, 119, 120, 121]"
3830,256352113,36.46718896180682,71.02604426784222,15,"[16, 17, 18, 24, 25, 52, 57, 58, 59, 77, 78, 79, 84, 85, 86]"
3831,256364928,308.7366120430693,42.17515634992085,5,"[41, 54, 81, 119, 120]"
3832,256427519,38.361457259855136,70.4903998591137,15,"[16, 17, 18, 24, 25, 52, 57, 58, 59, 77, 78, 79, 84, 85, 86]"
3833,280923965,252.7547292660306,-13.715354690155436,3,"[12, 39, 103]"
3834,280977563,78.49580858767796,45.05726852465845,3,"[59, 73, 86]"
3835,281062539,174.2841241010062,-56.78573421913898,12,"[9, 35, 36, 62, 63, 89, 90, 99, 110, 111, 112]"
3836,234229567,103.06169218106125,-22.58936567257702,3,"[6, 33, 87]"
3837,208585373,252.96930137851436,-32.55214590695436,7,"[12, 39, 66, 93, 102, 103, 113]"
3838,234282954,308.30868132962297,-47.515117356678196,11,"[1, 27, 28, 67, 68, 94, 95, 102, 103, 104, 105]"
3839,234281360,307.02614013497674,-47.904091201404164,11,"[1, 27, 28, 67, 68, 94, 95, 101, 102, 103, 104]"
3840,234298029,317.47812992185237,-56.442572331406105,7,"[1, 28, 68, 95, 102, 103, 104]"
3841,234292859,317.38783639723306,-55.95449316752315,6,"[1, 28, 68, 95, 103, 104]"
3842,234309613,329.1721567649531,-69.80171772020336,11,"[1, 2, 27, 28, 29, 67, 68, 69, 94, 95, 96]"
3843,234413502,113.54987199734775,-10.968733735217004,5,"[7, 45, 46, 71, 72]"
3844,256576868,27.16551706545719,68.11917327205504,9,"[16, 18, 24, 57, 58, 77, 78, 84, 85]"
3845,256556306,0.16009214530908664,77.2752522190791,34,"[14, 15, 17, 18, 21, 24, 25, 41, 47, 48, 50, 51, 52, 54, 55, 56, 57, 58, 59, 60, 73, 75, 76, 77, 78, 81, 82, 83, 84, 85, 86, 117, 120, 121]"
3846,281186000,238.64809527668103,30.246787290763574,1,[117]
3847,281282578,145.04692335268152,-18.479019866919447,5,"[8, 35, 62, 99, 113]"
3848,281290751,244.55835553399487,27.44163291130539,1,[117]
3849,281315055,99.67483363413152,-17.609131228729215,2,"[87, 111]"
3850,208915253,253.6441799065209,-33.49608043113613,6,"[39, 66, 93, 102, 103, 113]"
3851,208844024,230.01825585762919,-40.706163019643256,9,"[11, 38, 65, 100, 101, 102, 112, 113, 114]"
3852,234450151,114.3842936153253,-13.862501091247058,1,[7]
3853,234498449,324.4420604357137,-59.89343459501131,10,"[1, 2, 28, 29, 68, 69, 95, 96, 103, 104]"
3854,234500531,329.11048988756744,-58.13191623352559,10,"[1, 2, 28, 29, 68, 69, 95, 96, 103, 104]"
3855,234501204,324.43461841083524,-60.18546519992316,10,"[1, 2, 28, 29, 68, 69, 95, 96, 103, 104]"
3856,234518259,333.73083755295244,-58.11713987694557,11,"[1, 2, 28, 29, 68, 69, 95, 96, 103, 104, 105]"
3857,234511278,328.4607511388012,-59.637002627681454,10,"[1, 2, 28, 29, 68, 69, 95, 96, 103, 104]"
3858,234522993,333.97005903563496,-58.491845988566716,10,"[1, 2, 28, 29, 68, 69, 95, 96, 103, 104]"
3859,234516451,328.65543704683677,-60.09464197247791,10,"[1, 2, 28, 29, 68, 69, 95, 96, 103, 104]"
3860,234568937,96.51828451848468,-18.42698538044319,4,"[6, 33, 87, 111]"
3861,234607967,96.89577067947107,-21.01346962053274,4,"[6, 33, 87, 111]"
3862,256749693,2.949717492840691,76.80966324641606,30,"[14, 15, 16, 17, 18, 21, 24, 25, 41, 48, 51, 54, 55, 56, 57, 58, 59, 74, 75, 76, 77, 78, 82, 83, 84, 85, 86, 117, 120, 121]"
3863,281344185,115.92672278947248,-42.284754287435085,8,"[7, 33, 34, 88, 108, 109, 110, 111]"
3864,281371481,245.0687376053581,25.695210498480037,1,[117]
3865,281360699,302.81898143328766,31.92952172990045,2,"[54, 81]"
3866,281456592,245.40047374638542,27.113857998586372,1,[117]
3867,281498595,335.7186652039302,-50.110612386648846,8,"[2, 28, 29, 68, 69, 96, 103, 105]"
3868,281446108,301.8118650832151,27.85532056093545,2,"[54, 81]"
3869,281481914,80.53368792048248,44.91137034420275,4,"[19, 59, 73, 86]"
3870,234669996,97.29523589802739,-22.427490300708293,3,"[6, 33, 87]"
3871,234831602,98.34711249409945,-20.300972692979332,4,"[6, 33, 87, 111]"
3872,281598439,331.4367245867811,-55.45524400096833,11,"[1, 2, 28, 29, 68, 69, 95, 96, 103, 104, 105]"
3873,281656710,334.0412710058824,-54.458962469341614,10,"[1, 2, 28, 29, 69, 95, 96, 103, 104, 105]"
3874,281667171,332.47700764758486,-55.654314434635246,11,"[1, 2, 28, 29, 68, 69, 95, 96, 103, 104, 105]"
3875,281668790,336.1503942501366,-53.59888471433131,8,"[2, 28, 68, 69, 96, 103, 104, 105]"
3876,281703963,335.33325679411837,-54.45980135429182,11,"[1, 2, 28, 29, 68, 69, 95, 96, 103, 104, 105]"
3877,281738302,247.55454865430156,22.094611225883213,1,[117]
3878,281690605,247.07454367971891,23.16565406140908,1,[117]
3879,281731306,163.9856696597964,-5.709767571554648,2,"[46, 72]"
3880,234889774,98.64954680604615,-19.379464388887946,3,"[6, 33, 111]"
3881,234968549,316.8938510867092,-50.82697225533507,8,"[1, 28, 68, 95, 102, 103, 104, 105]"
3882,234948552,99.0875529198144,-20.2714459245453,4,"[6, 33, 87, 111]"
3883,235037790,316.5969128026923,-54.1987863917727,5,"[1, 28, 68, 103, 104]"
3884,257224066,348.54430873959114,16.240252404098804,2,"[56, 83]"
3885,281783940,164.9040835372227,-5.64239942959799,3,"[45, 46, 72]"
3886,281812116,103.86075944619223,-23.371411992620143,4,"[6, 33, 87, 111]"
3887,281863869,292.27490932296894,46.40986483794364,6,"[14, 40, 54, 80, 81, 119]"
3888,281885553,175.12143204411555,-1.0728537250680443,4,"[45, 46, 72, 115]"
3889,209404113,320.02728554585576,-10.685570902006182,6,"[1, 28, 68, 92, 95, 116]"
3890,209429132,29.13741390680035,-47.55044034517893,7,"[4, 30, 31, 97, 106, 107, 108]"
3891,209406979,29.099927256738063,-46.87697612913169,7,"[4, 30, 31, 97, 106, 107, 108]"
3892,235055433,75.51491770952009,-72.48409965599296,7,"[4, 5, 6, 31, 32, 33, 87]"
3893,235077250,82.79354812440887,-70.35734989521069,7,"[5, 6, 7, 32, 33, 87, 98]"
3894,235070895,81.98979491233833,-69.15841080076414,6,"[5, 6, 32, 33, 87, 98]"
3895,257306637,251.82371423372535,50.861078805151166,6,"[25, 26, 52, 79, 117, 118]"
3896,257309069,252.66666775730252,47.1548680122103,5,"[25, 52, 79, 117, 118]"
3897,257303588,8.834547423229917,1.4756258370654138,3,"[42, 43, 70]"
3898,257325680,348.56596322790364,14.491452146003473,2,"[56, 83]"
3899,257391922,350.20076897308104,17.114470236996407,2,"[56, 83]"
3900,257393898,13.179373988900817,0.07673611578804106,3,"[42, 43, 70]"
3901,257422924,15.501984273166832,-20.95149776893691,4,"[3, 30, 97, 108]"
3902,257396059,15.573358004266527,-19.91650747987881,3,"[3, 30, 97]"
3903,281909755,174.0095768277544,2.581293291136886,3,"[45, 46, 72]"
3904,281929470,175.02662107675147,0.42189088513524825,1,[72]
3905,281924516,229.0727483553622,-75.03680809136883,17,"[3, 6, 10, 11, 12, 13, 33, 36, 37, 38, 39, 64, 65, 66, 87, 90, 93]"
3906,281940599,247.84589100028452,26.146329994296988,1,[117]
3907,281940607,247.83181562503873,26.131677418826992,1,[117]
3908,281982207,221.31577620839744,-75.05215208355987,15,"[6, 9, 10, 11, 12, 36, 37, 38, 39, 63, 64, 65, 66, 90, 93]"
3909,282017840,247.97293487525164,26.823065592198784,1,[117]
3910,282034703,284.97227969214924,44.83315055958706,7,"[26, 40, 53, 54, 80, 118, 119]"
3911,281950041,293.4140834550121,50.72274024589826,7,"[14, 40, 53, 54, 74, 80, 81]"
3912,282038438,284.7744656435521,43.40026109698829,6,"[26, 40, 53, 54, 118, 119]"
3913,282056074,248.6280460415591,23.18046293221519,1,[117]
3914,235289324,103.4928056761745,-14.442426677665063,4,"[6, 33, 87, 111]"
3915,235410610,104.19819214003934,-14.432594296480152,4,"[6, 33, 87, 111]"
3916,257432067,46.42611345926234,-44.902629169898624,6,"[4, 31, 105, 106, 107, 108]"
3917,257456854,253.61321662667527,47.00152457014308,5,"[25, 26, 52, 117, 118]"
3918,257456864,253.53982790342477,46.98047203295344,5,"[25, 26, 52, 117, 118]"
3919,257440084,348.78226434365155,12.795014462636317,2,"[56, 83]"
3920,257450375,330.3440331115379,36.21911973657457,2,"[55, 82]"
3921,257444121,326.80026329127094,33.775943834187544,2,"[55, 82]"
3922,257511959,328.59565705383267,31.895457861503058,2,"[55, 82]"
3923,257558320,10.48120746211458,-4.236197072635588,3,"[42, 43, 70]"
3924,257507560,330.31492426562056,35.767842679035574,2,"[55, 82]"
3925,257541211,268.7892473598262,-11.294423647582791,7,"[39, 66, 91, 92, 93, 115, 116]"
3926,257607355,49.420847901073245,-55.86945652020367,6,"[4, 5, 31, 106, 107, 108]"
3927,282210766,104.769853498458,-27.945019127587738,4,"[6, 33, 87, 111]"
3928,235545911,105.05406721572884,-15.053938574717835,4,"[6, 33, 87, 111]"
3929,209971455,230.62651555280416,-38.94044522700478,9,"[11, 38, 65, 99, 100, 101, 102, 113, 114]"
3930,235568144,201.5437538781216,67.1514776000573,9,"[16, 23, 24, 49, 50, 51, 76, 77, 78]"
3931,235682463,69.34151603993796,78.70482962071576,46,"[14, 15, 16, 17, 18, 19, 20, 21, 22, 23, 24, 25, 26, 40, 41, 47, 48, 49, 50, 51, 53, 54, 55, 56, 57, 58, 59, 60, 73, 74, 75, 76, 77, 78, 79, 80, 81, 83, 84, 85, 117, 118, 119, 120, 121]"
3932,235666667,279.986205765814,43.98743482822507,6,"[26, 40, 53, 80, 118, 119]"
3933,257721857,57.64638953959415,-77.69737696980165,38,"[1, 2, 3, 4, 5, 6, 7, 9, 10, 11, 12, 13, 27, 29, 30, 31, 32, 33, 34, 36, 37, 39, 63, 64, 65, 66, 67, 68, 69, 87, 90, 93, 94, 95, 96, 97, 98]"
3934,257711125,334.50174397757434,-66.47990789491257,6,"[1, 2, 28, 29, 69, 96]"
3935,257818441,256.3732307495243,48.50696347510866,6,"[26, 52, 53, 79, 117, 118]"
3936,257754638,296.20851660053694,38.48763779754964,5,"[14, 40, 54, 81, 119]"
3937,257754849,296.08695271314053,38.485736026176184,5,"[14, 40, 54, 81, 119]"
3938,257800619,18.543424091063663,1.1796839540255004,3,"[42, 43, 70]"
3939,257801539,19.863028946918735,4.089081020106993,3,"[42, 43, 70]"
3940,282254078,315.247846061269,27.492557733864498,2,"[55, 81]"
3941,282257777,315.82334224761166,28.554779176330435,2,"[55, 81]"
3942,282326777,254.81032235769217,-60.56820521890415,9,"[12, 38, 39, 65, 66, 93, 100, 101, 114]"
3943,282283170,308.21777232675663,43.71239522902287,4,"[41, 54, 119, 120]"
3944,282270692,89.51931274164045,-21.58218457927806,4,"[6, 33, 87, 111]"
3945,282270717,89.56815680816142,-21.601615980996392,4,"[6, 33, 87, 111]"
3946,282347382,89.67756482908466,-22.885965969067044,5,"[6, 33, 87, 110, 111]"
3947,282451530,290.27003121245116,44.62192608550287,6,"[40, 53, 54, 80, 81, 119]"
3948,210119810,316.55810024886216,39.768220691275666,6,"[14, 41, 55, 81, 82, 120]"
3949,210174377,315.8054411747439,37.8401310043879,6,"[14, 41, 55, 81, 82, 120]"
3950,210131774,269.1023841543883,7.62358399195039,6,"[80, 91, 92, 115, 116, 118]"
3951,210171104,315.2886834888781,36.56100639751941,3,"[55, 81, 82]"
3952,235709086,55.07850801788879,80.38480652748639,47,"[14, 15, 16, 17, 18, 19, 20, 21, 22, 23, 24, 25, 26, 40, 41, 47, 48, 49, 50, 51, 52, 53, 54, 56, 57, 58, 59, 60, 73, 74, 75, 76, 77, 78, 79, 80, 81, 82, 83, 84, 85, 86, 117, 118, 119, 120, 121]"
3953,235784135,285.3877075448365,38.08531948096819,6,"[26, 40, 53, 54, 80, 119]"
3954,235735125,279.3930201793729,53.056445386011376,7,"[26, 40, 53, 74, 80, 118, 119]"
3955,257883443,19.97966997951991,1.8924823748024246,3,"[42, 43, 70]"
3956,257905923,256.7800897190882,47.49127986861637,5,"[25, 26, 52, 117, 118]"
3957,257886083,45.739341106138916,-0.0725248001302677,5,"[42, 43, 44, 70, 71]"
3958,257921991,27.598512791412684,-2.2072551249278116,3,"[42, 43, 70]"
3959,257918546,46.49493677227009,1.0068866186666343,4,"[42, 44, 70, 71]"
3960,257918985,46.1708763297147,-0.38434741415162826,3,"[42, 43, 44]"
3961,257923722,31.739996239776026,-5.378272181462398,4,"[42, 43, 70, 71]"
3962,257953066,337.6690847762045,30.18146449875528,2,"[55, 82]"
3963,257995229,214.00817130797176,36.534297955408654,4,"[50, 51, 77, 78]"
3964,257984571,138.18962392577498,-44.65733788536996,9,"[8, 34, 35, 61, 88, 109, 110, 111, 112]"
3965,258041140,338.3236611603968,30.33401137512564,2,"[55, 82]"
3966,258061774,193.8738237543196,37.2520969644434,3,"[23, 50, 77]"
3967,282498936,90.05623485112157,-18.603154776544432,4,"[6, 33, 87, 111]"
3968,210459621,249.09316744102682,-13.861009105111052,4,"[12, 39, 65, 103]"
3969,235905576,75.06234510143341,75.85832998985146,25,"[14, 17, 18, 19, 20, 24, 25, 26, 40, 47, 50, 52, 53, 54, 58, 60, 73, 74, 77, 78, 80, 81, 85, 86, 119]"
3970,235988682,76.09685609912148,72.70847433468258,20,"[18, 19, 20, 24, 25, 26, 40, 47, 52, 53, 58, 59, 60, 73, 74, 78, 79, 85, 86, 119]"
3971,236002958,75.43783495411779,72.27583934605137,18,"[18, 19, 20, 24, 25, 26, 40, 47, 52, 53, 58, 60, 73, 74, 78, 85, 86, 119]"
3972,258105318,215.98381563142874,30.502422838732645,1,[51]
3973,258095326,245.77893577074084,-50.31819756207467,9,"[12, 38, 39, 65, 99, 100, 101, 102, 114]"
3974,258135391,59.3672933711866,5.807722375391645,5,"[42, 43, 44, 70, 71]"
3975,258244841,246.91336729725288,47.48183940209242,3,"[25, 52, 117]"
3976,258230963,138.1918892248207,-43.583738829663204,9,"[8, 34, 35, 61, 88, 109, 110, 111, 112]"
3977,282854588,116.996338885432,30.67534890525394,3,"[20, 47, 60]"
3978,282855338,160.88284299421505,70.62363841342669,14,"[14, 15, 16, 21, 22, 23, 41, 48, 49, 50, 76, 77, 120, 121]"
3979,210514151,248.3350099501348,-9.331891301669344,6,"[12, 39, 65, 91, 115, 116]"
3980,210514156,248.3401782950184,-9.33594832582703,6,"[12, 39, 65, 91, 115, 116]"
3981,210645807,249.15474157993756,-11.627830528548534,6,"[12, 39, 65, 103, 115, 116]"
3982,236172426,256.1940752416591,-23.97407783543445,6,"[12, 39, 66, 93, 103, 104]"
3983,236130212,328.44705172107035,46.65569401623616,6,"[15, 41, 55, 82, 120, 121]"
3984,236349181,233.91943355868665,46.8080271648807,6,"[24, 25, 51, 52, 78, 117]"
3985,258343679,271.41679638924296,53.8105242416005,6,"[26, 40, 53, 79, 80, 118]"
3986,258314976,202.99499052694404,-39.0531616924445,10,"[10, 37, 64, 99, 100, 101, 111, 112, 113, 114]"
3987,258388363,22.58776020278805,79.70207938456502,45,"[14, 15, 16, 17, 18, 19, 20, 21, 22, 23, 24, 25, 26, 40, 41, 48, 49, 50, 51, 53, 54, 55, 56, 57, 58, 59, 60, 73, 74, 76, 77, 78, 79, 80, 81, 82, 83, 84, 85, 86, 117, 118, 119, 120, 121]"
3988,258394269,349.081415826215,76.86941795911663,32,"[14, 15, 16, 17, 18, 20, 21, 24, 40, 41, 47, 48, 50, 51, 54, 55, 57, 58, 60, 74, 75, 76, 77, 78, 81, 82, 83, 84, 85, 119, 120, 121]"
3989,258463907,34.21667937926105,76.95734381724911,28,"[15, 16, 17, 18, 19, 22, 24, 25, 49, 52, 53, 56, 57, 58, 59, 60, 73, 76, 77, 78, 79, 83, 84, 85, 86, 117, 118, 121]"
3990,282925798,170.50668840871538,71.76614470477143,12,"[15, 16, 21, 22, 23, 41, 48, 50, 75, 77, 120, 121]"
3991,210917500,291.77691924294817,28.599808196612024,3,"[54, 80, 81]"
3992,210837057,249.80163443809573,-13.167218355690691,4,"[12, 39, 65, 103]"
3993,258539464,92.11391712713002,25.294893315675786,2,"[60, 73]"
3994,258539468,92.11406713194208,25.292804354895683,2,"[60, 73]"
3995,258499859,93.99530071354276,15.064260735595132,3,"[20, 60, 73]"
3996,258567238,268.9045005122185,-11.107836528999618,8,"[13, 39, 66, 91, 92, 93, 115, 116]"
3997,258536287,92.0405931092424,29.228462126091603,2,"[60, 73]"
3998,258599814,359.27970750839194,10.867611741216507,4,"[42, 56, 70, 83]"
3999,258635831,358.754850675373,8.444212029054528,4,"[42, 56, 70, 83]"
4000,258678247,48.84823864158191,54.639967243808506,6,"[18, 24, 25, 52, 78, 85]"
4001,283235463,331.2550549114773,32.50755359601023,2,"[55, 82]"
4002,283278997,342.71809814059634,38.213699100257195,4,"[15, 56, 82, 83]"
4003,211086449,249.83090117357096,-10.274810857325658,5,"[12, 39, 91, 115, 116]"
4004,236702437,347.0804360195208,41.759764061767946,5,"[15, 16, 56, 83, 121]"
4005,236770286,55.43460703938103,87.28857233099984,42,"[14, 15, 16, 17, 19, 20, 21, 22, 23, 24, 25, 26, 40, 41, 47, 49, 50, 51, 52, 53, 54, 56, 57, 58, 60, 73, 74, 75, 76, 77, 79, 80, 81, 82, 83, 84, 85, 117, 118, 119, 120, 121]"
4006,236785664,316.42930956675275,80.97306522223981,45,"[14, 15, 16, 17, 18, 19, 20, 22, 23, 24, 25, 26, 40, 41, 47, 48, 49, 50, 52, 53, 54, 55, 56, 57, 58, 59, 60, 73, 74, 75, 76, 77, 78, 79, 80, 81, 82, 83, 84, 85, 86, 117, 118, 119, 121]"
4007,236766358,74.8083621435553,85.5367231609504,44,"[14, 15, 16, 17, 18, 20, 21, 23, 24, 25, 26, 40, 41, 47, 48, 49, 50, 51, 52, 53, 54, 55, 56, 57, 58, 59, 60, 74, 75, 76, 77, 78, 80, 81, 82, 83, 84, 85, 86, 117, 118, 119, 120, 121]"
4008,258782486,343.1232760258743,29.94984225665673,3,"[56, 82, 83]"
4009,258806323,39.55508423847866,-7.3485682205886835,6,"[4, 31, 42, 43, 70, 71]"
4010,258868211,8.79310054460553,16.101715524952315,2,"[57, 84]"
4011,258878231,10.235500930147085,17.32946534808844,2,"[57, 84]"
4012,283504316,139.50312726465182,-42.14943206466686,9,"[8, 34, 35, 61, 88, 109, 110, 111, 112]"
4013,283545537,28.4168658465382,30.039688437188197,3,"[17, 57, 84]"
4014,283546449,29.30165578349679,31.557025895975542,3,"[17, 57, 84]"
4015,211305389,295.32253645881036,-12.87285728772651,4,"[67, 94, 105, 116]"
4016,211278117,295.01342554352414,-13.82486686456699,4,"[27, 67, 94, 105]"
4017,236852652,281.8613769903874,38.12665303327287,6,"[26, 40, 53, 80, 118, 119]"
4018,236871353,357.91193463233316,75.25664567726486,22,"[14, 15, 16, 17, 21, 24, 41, 51, 55, 56, 57, 58, 75, 76, 77, 78, 82, 83, 84, 85, 120, 121]"
4019,236973844,0.3811480670516715,74.55221969744845,20,"[15, 17, 21, 24, 41, 51, 55, 56, 57, 58, 75, 76, 77, 78, 82, 83, 84, 85, 120, 121]"
4020,258907375,213.95876046510253,-31.78378412191315,6,"[11, 37, 64, 101, 102, 114]"
4021,258916085,19.500472825691567,21.366327142833647,3,"[17, 57, 84]"
4022,258964346,307.64136460894,35.355086800989646,2,"[54, 81]"
4023,283680227,61.64683563529407,-14.036021237832431,2,"[5, 32]"
4024,283710446,322.5524482219355,24.63931074257083,2,"[55, 82]"
4025,283751025,63.67100710225328,-10.361721479297097,7,"[5, 32, 43, 44, 70, 71, 98]"
4026,283722336,23.751742204092363,54.54155020133163,5,"[17, 24, 57, 77, 84]"
4027,283723212,62.864589451749005,-13.251824833969934,2,"[5, 32]"
4028,283724261,63.07670202572063,-12.096084527395973,4,"[5, 32, 70, 71]"
4029,283785572,133.63792316465555,-5.080547337397175,4,"[44, 45, 46, 72]"
4030,283797122,192.66548139970308,40.56741396932224,2,"[50, 77]"
4031,283792884,63.06194120555869,-14.842984133730669,3,"[5, 32, 98]"
4032,283792891,63.05167203131821,-14.82816761918504,3,"[5, 32, 98]"
4033,211438967,354.7841753079686,-23.628235777558203,4,"[2, 29, 69, 107]"
4034,211401599,312.54223244480477,-18.684440210705063,4,"[1, 28, 68, 95]"
4035,211432414,314.56787344530466,-15.525342225630055,4,"[1, 28, 68, 95]"
4036,237048476,14.020633782661521,75.25521016445602,22,"[15, 16, 17, 18, 24, 25, 48, 55, 56, 57, 58, 75, 76, 77, 78, 82, 83, 84, 85, 86, 117, 121]"
4037,237096607,144.79000994434867,78.30064140510589,44,"[14, 15, 16, 17, 18, 19, 20, 21, 22, 23, 24, 25, 40, 41, 47, 48, 49, 50, 51, 52, 53, 54, 56, 57, 59, 60, 73, 74, 75, 76, 77, 78, 79, 80, 81, 82, 83, 84, 86, 117, 118, 119, 120, 121]"
4038,237099545,161.05551230161964,78.42377540283435,45,"[14, 15, 16, 17, 18, 19, 20, 21, 22, 23, 24, 25, 26, 41, 47, 48, 49, 50, 51, 52, 53, 54, 55, 56, 57, 58, 60, 73, 74, 75, 76, 77, 78, 79, 80, 81, 82, 83, 84, 85, 117, 118, 119, 120, 121]"
4039,237190720,293.33671737013896,63.57052551331578,11,"[14, 26, 40, 41, 53, 54, 74, 80, 81, 118, 120]"
4040,283862303,15.373402730595203,27.775147355242122,3,"[17, 57, 84]"
4041,283920971,225.3739030493574,46.9158489969321,3,"[24, 78, 117]"
4042,283995489,161.51520080551285,-27.46860728029333,7,"[9, 35, 62, 89, 99, 100, 113]"
4043,283994666,162.0260039139718,-29.037027838192213,7,"[9, 35, 62, 89, 99, 100, 113]"
4044,284018523,157.65703190542627,18.26305155689328,1,[22]
4045,284013790,39.51848306722724,19.706076025223837,3,"[18, 58, 85]"
4046,237300455,63.55516099816854,75.46493793646677,27,"[17, 18, 19, 20, 23, 24, 25, 26, 40, 47, 50, 52, 53, 57, 58, 59, 60, 73, 74, 77, 78, 79, 80, 84, 85, 86, 119]"
4047,237308912,43.75482572159459,77.06969442995342,31,"[16, 17, 18, 19, 20, 22, 23, 24, 25, 26, 40, 49, 50, 52, 53, 56, 57, 58, 59, 60, 73, 76, 77, 78, 79, 80, 83, 84, 86, 118, 121]"
4048,237300602,63.07296012005681,75.48509267026562,27,"[17, 18, 19, 20, 23, 24, 25, 26, 40, 47, 50, 52, 53, 57, 58, 59, 60, 73, 74, 77, 78, 79, 80, 84, 85, 86, 119]"
4049,237321214,313.6662142699501,-50.22095214708173,8,"[1, 27, 28, 68, 95, 102, 104, 105]"
4050,237334931,313.84475545700906,-51.70066583771665,8,"[1, 27, 28, 68, 95, 102, 103, 104]"
4051,237338677,317.2824137217578,-49.21015599968851,8,"[1, 28, 68, 95, 102, 103, 104, 105]"
4052,259214713,118.84071886416554,-37.2973286190497,7,"[7, 34, 61, 88, 108, 110, 111]"
4053,259237827,30.24065365043937,80.91556421477755,46,"[14, 15, 16, 17, 18, 19, 20, 21, 22, 23, 24, 25, 26, 40, 41, 47, 48, 49, 50, 51, 53, 55, 56, 57, 58, 59, 60, 73, 74, 75, 76, 77, 78, 79, 80, 81, 82, 83, 84, 85, 86, 117, 118, 119, 120, 121]"
4054,259254485,61.37526108758379,29.48391363188752,3,"[18, 58, 86]"
4055,259291108,312.42267561552745,-43.704540752110596,7,"[1, 28, 68, 102, 103, 104, 105]"
4056,259365501,309.46686011793133,2.1609226986651997,2,"[92, 116]"
4057,284073790,312.3647088928459,-49.65590402714361,7,"[1, 27, 28, 68, 95, 102, 104]"
4058,284063057,174.38329798756232,26.195381637963052,2,"[22, 49]"
4059,284072775,162.04687219701208,-27.77022458744897,7,"[9, 35, 62, 89, 99, 100, 113]"
4060,284086516,60.901643934184285,12.907175451463674,3,"[18, 58, 86]"
4061,284163505,266.3999928994354,42.65939121014076,4,"[26, 53, 79, 118]"
4062,284120761,14.052853621597539,-14.60268216455513,2,"[3, 97]"
4063,237408777,100.60950669713223,-63.49556844556707,5,"[6, 7, 33, 87, 98]"
4064,237452473,103.07945521761344,-17.19755439968528,4,"[6, 33, 87, 111]"
4065,237428582,297.2562931466708,9.470697299248645,4,"[54, 81, 92, 116]"
4066,237512708,103.74176423002567,-20.17499603852887,4,"[6, 33, 87, 111]"
4067,237540344,103.71598547379052,-19.784457459304186,4,"[6, 33, 87, 111]"
4068,237504247,103.26719615817426,-17.01177555954307,4,"[6, 33, 87, 111]"
4069,259386353,54.00915078282501,24.776105829963583,3,"[18, 58, 85]"
4070,259462459,55.62794249215708,29.115221457072582,3,"[18, 58, 85]"
4071,259545400,68.40107362540655,21.824343762982686,3,"[19, 59, 86]"
4072,259512080,52.1808123399439,-69.27778935995663,6,"[4, 5, 31, 32, 97, 98]"
4073,259513146,47.23234559494827,-72.87656770121693,8,"[3, 4, 5, 30, 31, 32, 97, 98]"
4074,259539733,51.03535724656633,-71.00921732019212,7,"[4, 5, 30, 31, 32, 97, 98]"
4075,284190094,283.19408087505263,74.72687546235728,22,"[14, 25, 26, 40, 41, 48, 52, 53, 54, 55, 58, 74, 75, 79, 80, 81, 85, 86, 117, 118, 119, 120]"
4076,284292043,215.23456172961406,49.13376888731796,4,"[50, 51, 77, 78]"
4077,284327831,98.97568098283617,1.4687603451643108,5,"[43, 44, 45, 71, 72]"
4078,284359245,321.8032001008067,77.83042688471656,43,"[14, 15, 16, 17, 19, 20, 21, 22, 23, 24, 26, 40, 41, 47, 49, 50, 52, 53, 54, 55, 56, 57, 58, 59, 60, 73, 74, 75, 76, 77, 79, 80, 81, 82, 83, 84, 85, 86, 117, 118, 119, 120, 121]"
4079,212297472,305.6603298418396,-5.549522828182274,2,"[92, 116]"
4080,212262393,304.53350088011643,-7.8865578811508685,5,"[1, 27, 92, 95, 116]"
4081,212317204,260.1983091211198,-30.280641388315978,6,"[12, 39, 66, 93, 103, 104]"
4082,237622598,297.62311200939234,10.05926693381326,3,"[54, 81, 116]"
4083,237792217,297.8162529992254,9.83362299024063,3,"[54, 81, 116]"
4084,259592543,48.81232898129811,-74.4294521156657,13,"[3, 4, 5, 6, 30, 31, 32, 36, 66, 90, 93, 97, 98]"
4085,259719464,301.2756304255584,-44.3315865278465,9,"[1, 27, 67, 94, 95, 101, 102, 103, 104]"
4086,284470145,249.7630281290696,37.913737544022254,3,"[25, 79, 117]"
4087,284472887,106.34728829460823,36.723906096286555,4,"[20, 47, 60, 74]"
4088,284585830,121.60384140778669,-57.11981120878027,9,"[7, 33, 34, 61, 87, 88, 108, 109, 110]"
4089,212376288,19.397199640768118,-23.203182066187136,4,"[3, 30, 97, 108]"
4090,259761784,185.34770456799998,-55.80170005987825,10,"[9, 10, 36, 37, 63, 90, 99, 111, 112, 113]"
4091,259800024,269.1878221985766,-11.612360503639621,6,"[13, 39, 66, 93, 115, 116]"
4092,259862349,331.91023897587155,-71.21659333700858,12,"[1, 2, 3, 27, 28, 29, 67, 68, 69, 94, 95, 96]"
4093,284593213,164.83389084148504,40.97254835149054,3,"[22, 49, 76]"
4094,284596378,143.88533115685863,47.6845005357953,6,"[14, 15, 21, 41, 48, 120]"
4095,284620820,110.44769812727932,-20.211540883539342,4,"[7, 33, 87, 111]"
4096,284709128,208.19951951149574,46.368732508696425,5,"[23, 24, 50, 51, 77]"
4097,284711996,206.49282208774443,49.35571019338745,4,"[23, 24, 50, 77]"
4098,284701173,209.1130335578253,44.20639902144541,5,"[23, 24, 50, 51, 77]"
4099,212627141,307.8942291062023,14.901031530097375,2,"[54, 81]"
4100,212533989,306.9457583906954,13.686150620752478,2,"[54, 81]"
4101,238069953,124.16900463377091,-74.37582609810774,19,"[6, 7, 8, 9, 29, 33, 34, 35, 39, 61, 62, 66, 69, 87, 88, 89, 93, 96, 98]"
4102,238137143,123.54746876872466,-71.16690507548361,11,"[6, 7, 8, 33, 34, 35, 61, 62, 87, 88, 89]"
4103,238169432,313.42465367538097,-57.668159941644724,10,"[1, 27, 28, 67, 68, 94, 95, 102, 103, 104]"
4104,238115675,266.1450729910991,1.7005289904487069,4,"[91, 92, 115, 116]"
4105,238171952,316.55040498583264,-56.35979656458648,7,"[1, 27, 28, 68, 102, 103, 104]"
4106,238182521,308.9321672163354,-75.9723227564795,26,"[1, 2, 6, 9, 12, 13, 27, 28, 29, 32, 36, 39, 62, 63, 66, 67, 68, 69, 87, 89, 90, 93, 94, 95, 96, 98]"
4107,238196350,308.50698138932233,-76.66801835993584,31,"[1, 2, 3, 5, 6, 9, 12, 13, 27, 28, 29, 32, 33, 36, 39, 62, 63, 65, 66, 67, 68, 69, 87, 88, 89, 90, 93, 94, 95, 96, 98]"
4108,259901124,323.05156903834984,-72.42921759502366,13,"[1, 2, 13, 27, 28, 29, 67, 68, 69, 90, 94, 95, 96]"
4109,259902074,334.40751896699976,-71.53204470497886,13,"[1, 2, 3, 27, 28, 29, 30, 67, 68, 69, 94, 95, 96]"
4110,259909186,166.1332599025905,-49.65921444814612,9,"[9, 35, 36, 62, 63, 89, 99, 112, 113]"
4111,284799700,229.78809899571877,65.98698765626709,8,"[24, 25, 50, 52, 77, 78, 79, 117]"
4112,284811120,46.96048222662339,53.89669660821446,6,"[18, 24, 25, 58, 85]"
4113,284797103,76.88903744998726,-11.952072160967502,5,"[5, 32, 71, 98, 110]"
4114,284827826,300.88183892217756,46.59753408615507,7,"[14, 40, 41, 54, 81, 119, 120]"
4115,284794221,76.72127477228999,-13.367943090226895,4,"[5, 32, 98, 110]"
4116,284898141,125.88284402339026,15.00348292642001,2,"[21, 47]"
4117,284907742,79.09409951752403,-15.68709052995938,3,"[32, 98, 110]"
4118,212681424,308.69607583277286,16.505044204205575,2,"[54, 81]"
4119,212681450,308.70281288564746,16.520371154931954,2,"[54, 81]"
4120,212682148,308.83458217718214,17.050115293309425,2,"[54, 81]"
4121,212712510,308.61917797759884,15.245795320270146,2,"[54, 81]"
4122,212714426,309.1465331392273,16.79129832282462,2,"[54, 81]"
4123,238305920,14.408398266902001,18.202537820404782,3,"[17, 57, 84]"
4124,238283336,146.08197703900578,-66.6620845180185,6,"[7, 9, 34, 35, 62, 89]"
4125,238301314,9.298067814184286,18.554399706876822,2,"[57, 84]"
4126,238335908,148.2245240476955,-67.28948586152892,8,"[7, 8, 9, 34, 35, 36, 61, 88]"
4127,238383043,2.5377205997213625,19.018618109937954,2,"[56, 83]"
4128,284965378,126.54259984758308,14.345327615864397,1,[21]
4129,284971587,259.359023501857,77.09305170765262,38,"[14, 17, 18, 20, 21, 23, 24, 25, 26, 40, 41, 47, 48, 50, 51, 52, 53, 54, 55, 56, 57, 58, 59, 60, 73, 74, 78, 79, 80, 81, 82, 84, 85, 86, 117, 118, 119, 120]"
4130,284968229,258.77070782490625,73.0223917697171,15,"[24, 25, 26, 40, 51, 53, 54, 74, 78, 79, 80, 81, 117, 118, 119]"
4131,284987730,304.02522028167937,45.03742373178769,6,"[14, 40, 41, 54, 119, 120]"
4132,285049763,108.64001983395427,39.51802560350718,4,"[20, 47, 60, 74]"
4133,284992911,131.71782879685887,9.763854008445911,6,"[21, 44, 45, 46, 48, 72]"
4134,285117481,174.44813721623552,25.94843800088982,2,"[22, 49]"
4135,212959156,7.960835536564887,-3.9882700415794057,3,"[42, 43, 70]"
4136,212960381,6.056678051850095,-8.68853062942906,5,"[3, 30, 42, 43, 70]"
4137,213010660,8.360314807470193,-7.804013005634742,6,"[3, 30, 42, 43, 70, 97]"
4138,213044782,74.0173968650227,-23.327708883190184,4,"[5, 32, 98, 110]"
4139,212952199,7.4447455298334075,-3.8795318076220684,3,"[42, 43, 70]"
4140,213041474,73.21944341812952,-28.340228077668858,5,"[5, 32, 98, 109, 110]"
4141,213047744,73.58674675188512,-28.118459063613187,5,"[5, 32, 98, 109, 110]"
4142,213043245,73.64350936360636,-24.667140350533497,3,"[5, 32, 98]"
4143,238432056,13.885765889954563,25.78833557776698,3,"[17, 57, 84]"
4144,238571479,154.2435565790765,-68.99841141566792,11,"[7, 8, 9, 34, 36, 61, 62, 63, 88, 89, 90]"
4145,260266504,106.02749279280116,-82.42667250959607,39,"[1, 2, 3, 4, 5, 6, 7, 8, 9, 11, 12, 13, 27, 28, 29, 31, 32, 33, 34, 35, 36, 37, 38, 39, 61, 62, 63, 65, 66, 68, 69, 88, 89, 90, 93, 95, 96, 97, 98]"
4146,260416268,107.59582118279675,-79.45854491490765,42,"[1, 2, 3, 4, 5, 6, 7, 8, 9, 11, 12, 13, 27, 28, 29, 30, 31, 32, 33, 34, 35, 36, 37, 38, 39, 61, 62, 63, 64, 65, 66, 68, 69, 87, 88, 89, 90, 93, 95, 96, 98]"
4147,285175395,43.1428107079635,16.40494315170144,3,"[18, 58, 85]"
4148,213185031,302.3705052088164,48.030900215973475,5,"[14, 41, 54, 81, 119]"
4149,238622063,153.35563209234653,-68.27753426789758,10,"[7, 8, 9, 34, 36, 61, 62, 63, 88, 89]"
4150,238666031,149.2213569504565,-65.3478852977873,9,"[7, 8, 9, 34, 35, 61, 62, 88, 89]"
4151,260420061,111.54418052176459,-81.53664700991253,44,"[1, 2, 3, 4, 5, 6, 7, 8, 9, 10, 11, 12, 13, 27, 28, 29, 30, 31, 32, 33, 34, 35, 36, 37, 38, 39, 61, 62, 63, 65, 66, 67, 68, 69, 87, 88, 89, 90, 93, 94, 95, 96, 97, 98]"
4152,260618550,334.66386207260325,35.69224919812897,2,"[55, 82]"
4153,260610346,119.30221907728605,-82.26289433687225,44,"[1, 2, 3, 4, 5, 6, 8, 9, 10, 11, 12, 13, 27, 28, 29, 30, 31, 32, 33, 34, 35, 36, 37, 38, 39, 61, 62, 63, 64, 65, 66, 67, 68, 69, 87, 88, 89, 90, 93, 94, 95, 96, 97, 98]"
4154,260650678,209.88747654548592,-42.01793584851687,8,"[10, 11, 64, 99, 100, 101, 112, 114]"
4155,285430725,46.100106630619955,19.938205642002025,2,"[18, 58]"
4156,238815210,304.47573121452064,-45.38233466208621,12,"[1, 27, 28, 67, 68, 94, 95, 101, 102, 103, 104, 105]"
4157,238871118,319.04407459847454,-71.67048462293108,12,"[1, 2, 13, 27, 28, 29, 67, 68, 69, 94, 95, 96]"
4158,238869865,307.727401796446,-71.79202112404117,14,"[1, 2, 13, 27, 28, 29, 66, 67, 68, 69, 93, 94, 95, 96]"
4159,238926302,101.84436505888985,-76.81208079023355,33,"[1, 2, 4, 5, 6, 7, 8, 11, 12, 28, 29, 31, 32, 33, 34, 35, 38, 61, 62, 65, 66, 67, 68, 69, 87, 88, 89, 93, 94, 95, 96, 98]"
4160,238949177,100.76995558188031,-71.99354783132397,9,"[5, 6, 7, 32, 34, 61, 87, 88, 98]"
4161,238985980,266.3847457097638,1.1954735859342875,4,"[91, 92, 115, 116]"
4162,260751444,307.94994361510106,-55.21201012072822,10,"[1, 27, 28, 67, 68, 94, 95, 102, 103, 104]"
4163,260795404,309.6395378136177,-54.819976922857755,10,"[1, 27, 28, 67, 68, 94, 95, 102, 103, 104]"
4164,260772408,212.39013237118624,-41.736502813071496,9,"[10, 11, 64, 99, 100, 101, 112, 113, 114]"
4165,260851474,220.39550518530027,-36.42991498578399,7,"[11, 38, 64, 101, 102, 112, 114]"
4166,260860737,79.49704804234953,22.846296430531055,4,"[19, 59, 73, 86]"
4167,260806534,262.11329498312165,-26.420740615595435,6,"[12, 39, 66, 93, 103, 104]"
4168,260823248,307.4650730679308,-56.66842436650543,10,"[1, 27, 28, 67, 68, 94, 95, 102, 103, 104]"
4169,285544488,43.74961806265891,49.40536804513195,6,"[17, 18, 24, 58, 78, 85]"
4170,285743126,63.09709909734092,27.876577319302356,2,"[18, 86]"
4171,213721036,303.5584784866842,49.14649301186519,7,"[40, 41, 54, 74, 81, 119, 120]"
4172,213739541,296.2800917841047,24.20265779501115,2,"[54, 81]"
4173,239137106,109.03524923553552,10.01474949450749,8,"[20, 44, 45, 46, 47, 60, 71, 72]"
4174,239137207,109.0852854399933,9.810706243228458,8,"[20, 44, 45, 46, 47, 60, 71, 72]"
4175,239208476,165.331445398372,8.267909989617499,5,"[22, 45, 46, 49, 72]"
4176,261136679,273.90136908702635,-76.01862061501264,24,"[1, 4, 8, 11, 12, 13, 27, 28, 31, 34, 38, 39, 61, 62, 64, 65, 66, 67, 68, 88, 89, 93, 94, 95]"
4177,285930023,174.1634735927238,-8.960588402111865,6,"[9, 36, 45, 46, 63, 72]"
4178,214203655,324.5387989215725,-29.33591623460187,6,"[1, 28, 68, 95, 105, 106]"
4179,239554846,22.345664784516224,28.71693618972892,3,"[17, 57, 84]"
4180,261137158,273.3951074195028,-74.87696651069876,18,"[1, 11, 12, 13, 27, 28, 31, 38, 39, 61, 65, 66, 67, 68, 88, 93, 94, 95]"
4181,239556891,31.210001341662075,24.6220158512958,3,"[17, 57, 84]"
4182,261205462,272.01830461777473,-77.18257516057959,32,"[1, 4, 5, 7, 8, 11, 12, 13, 27, 28, 31, 32, 34, 35, 37, 38, 39, 61, 62, 63, 64, 65, 66, 67, 68, 87, 88, 89, 90, 93, 94, 95]"
4183,261336306,268.95751112681376,-74.5099309556322,13,"[1, 11, 12, 13, 27, 31, 38, 39, 61, 65, 67, 88, 94]"
4184,261330271,268.89758966839275,-75.49093135622687,18,"[1, 4, 11, 12, 13, 27, 28, 31, 34, 38, 39, 61, 64, 65, 67, 88, 94, 95]"
4185,286055189,139.2773517317276,-11.736352423066052,6,"[8, 34, 61, 72, 88, 99]"
4186,286055622,138.71612936438297,-10.23074941292222,7,"[8, 34, 45, 46, 61, 72, 88]"
4187,286069970,155.6838431029357,-67.92319780161782,11,"[8, 9, 34, 35, 36, 61, 62, 63, 88, 89, 90]"
4188,286098992,142.0678576290222,-11.234265945728847,7,"[8, 35, 45, 46, 61, 72, 99]"
4189,286129538,141.618480054154,-9.570873406980068,7,"[8, 35, 45, 46, 61, 72, 99]"
4190,286135838,83.04237804302646,1.8948587705389155,4,"[43, 44, 45, 71]"
4191,286168017,185.34949688926386,56.348266732282276,7,"[16, 22, 23, 49, 50, 76, 77]"
4192,286176467,44.533777098533434,14.440384925343979,3,"[18, 58, 85]"
4193,286171773,83.34705997921527,5.921777460918012,4,"[43, 44, 45, 71]"
4194,286211913,228.51255643497345,57.729270992794255,6,"[24, 25, 51, 52, 78, 117]"
4195,214299836,325.05698089413244,-28.737634879959003,6,"[1, 28, 68, 95, 105, 106]"
4196,214519665,263.8565994714001,-25.354699061499335,6,"[12, 39, 66, 93, 103, 104]"
4197,261462443,302.9958794878349,-52.1617620789197,11,"[1, 27, 28, 67, 68, 94, 95, 101, 102, 103, 104]"
4198,261526008,301.60368035542683,-54.18718632871303,11,"[1, 27, 28, 67, 68, 94, 95, 101, 102, 103, 104]"
4199,261580100,249.41927014833962,-50.31449678629169,12,"[12, 38, 39, 65, 66, 93, 99, 100, 101, 102, 113, 114]"
4200,261586418,248.24862560690607,-48.475648470957125,11,"[12, 38, 39, 65, 66, 99, 100, 101, 102, 113, 114]"
4201,261592170,299.94909736863775,-60.681553699601636,10,"[1, 13, 27, 28, 67, 68, 94, 95, 102, 103]"
4202,286331660,174.91896955159163,-11.835297008950597,5,"[9, 36, 63, 72, 90]"
4203,286281805,249.6024238968648,49.59935366451053,3,"[25, 79, 117]"
4204,286377115,257.2483111813495,47.9035088145489,5,"[25, 52, 79, 117, 118]"
4205,214563192,315.0819124697526,2.496416141678972,2,"[92, 116]"
4206,214611227,315.96680499111636,1.6512218337211044,2,"[92, 116]"
4207,214547456,313.6098194690301,-0.4438372821075772,2,"[92, 116]"
4208,214565306,314.18615294510926,-0.9238680506591695,1,[92]
4209,214558913,313.84028494611476,-0.5862848167743668,2,"[92, 116]"
4210,214664575,345.3070888002443,-8.328245287733687,7,"[2, 29, 42, 69, 70, 92, 96]"
4211,261643880,305.6203784059822,-58.704369468080465,9,"[1, 27, 28, 67, 68, 94, 95, 102, 103]"
4212,239972376,93.6623835591185,11.765951844092488,5,"[43, 44, 45, 60, 73]"
4213,261748427,295.34707194010247,-69.19248631228574,8,"[1, 13, 28, 66, 68, 93, 94, 95]"
4214,286636275,63.614760103383745,42.22899958899362,4,"[18, 19, 58, 86]"
4215,286639598,62.870839669000766,40.95385869972469,4,"[18, 58, 59, 86]"
4216,214881104,250.22339025153946,-32.23781020780169,5,"[12, 39, 65, 102, 103]"
4217,214912529,328.1373395937727,-27.694366087784978,6,"[1, 28, 68, 95, 96, 106]"
4218,214913675,327.84443892808775,-28.087141639097986,6,"[1, 28, 68, 95, 96, 106]"
4219,240055985,98.2566696742215,9.856966407186894,8,"[20, 43, 44, 45, 60, 71, 72, 73]"
4220,240173633,164.92509289927983,7.24912549028698,5,"[22, 45, 46, 49, 72]"
4221,240173668,164.8388394980879,7.4638492939737,5,"[22, 45, 46, 49, 72]"
4222,261889817,80.82936674974975,23.913443682637382,4,"[19, 59, 73, 86]"
4223,262023585,345.83579879367835,9.904848768309279,4,"[42, 56, 70, 83]"
4224,286689852,137.94796785135443,6.6957595153282226,5,"[21, 45, 46, 48, 72]"
4225,286774072,272.36095082156413,36.49440885414758,2,"[80, 118]"
4226,215218279,249.43254081385604,-26.97273817215863,3,"[12, 39, 65]"
4227,215256883,21.477602316579052,-52.72736958102082,7,"[3, 30, 97, 104, 105, 106, 107]"
4228,215476716,20.814413596400957,-54.179615216684596,8,"[3, 4, 30, 97, 104, 105, 106, 107]"
4229,215480963,23.40779975070472,-51.66608784327005,9,"[3, 4, 30, 31, 97, 104, 105, 106, 107]"
4230,240328699,348.53278596635334,54.93693124356767,7,"[15, 16, 56, 76, 82, 83, 121]"
4231,262106555,332.83752441808025,-14.06499762819114,4,"[2, 28, 69, 96]"
4232,262277103,325.11873269544463,23.406771966751204,2,"[55, 82]"
4233,286910068,197.45966394663486,-14.018584312307874,4,"[10, 37, 90, 101]"
4234,286921642,78.41947418065041,30.07125163042101,3,"[59, 73, 86]"
4235,286924288,174.3646538665792,52.85388851283464,7,"[15, 16, 22, 23, 49, 76, 121]"
4236,286945730,171.19754946798764,56.39354876194255,5,"[15, 16, 22, 23, 121]"
4237,286946484,174.0862080462783,54.629011520283576,7,"[15, 16, 22, 23, 49, 76, 121]"
4238,286950699,85.32819725581498,36.951293896227114,4,"[19, 59, 73, 86]"
4239,286961903,211.76328267027495,-7.656333621222906,4,"[37, 64, 91, 115]"
4240,286965228,201.4174246123194,43.54888481905723,3,"[23, 50, 77]"
4241,287032698,209.3549448447759,35.51358265132154,2,"[50, 77]"
4242,286987985,228.8021316942285,-56.86577117832199,10,"[11, 38, 64, 65, 99, 100, 101, 112, 113, 114]"
4243,240649313,33.195643701987194,43.13721923867546,3,"[17, 58, 85]"
4244,240644651,30.310963542088228,39.86135040078911,4,"[17, 57, 84, 85]"
4245,262300150,77.31044600304872,-18.5070120631972,4,"[5, 32, 98, 110]"
4246,262326277,77.12792248571316,-22.83136100710607,3,"[5, 32, 98]"
4247,262412747,67.76672854847776,-21.30751919662654,4,"[5, 32, 98, 110]"
4248,262412757,67.76741040069462,-21.285849840225563,4,"[5, 32, 98, 110]"
4249,287098442,172.98730975688113,-17.204145492646525,5,"[9, 36, 63, 100, 114]"
4250,287081946,210.19936884400704,35.05358788289497,1,[50]
4251,287152045,204.71486544622704,81.68122722920327,43,"[14, 15, 16, 18, 19, 20, 21, 22, 23, 24, 25, 26, 40, 41, 48, 49, 50, 51, 52, 53, 54, 55, 56, 57, 58, 59, 73, 74, 75, 76, 77, 78, 79, 80, 82, 83, 85, 86, 117, 118, 119, 120, 121]"
4252,287167103,24.938452994193273,-13.189523770254752,3,"[30, 97, 108]"
4253,287170889,86.72551252870433,40.77968049794229,4,"[19, 59, 73, 86]"
4254,287157634,228.1315311983551,-4.367856230245315,2,"[91, 115]"
4255,287193153,327.6335428778599,75.54295219550029,26,"[14, 15, 16, 20, 23, 40, 41, 50, 53, 54, 55, 56, 57, 60, 73, 74, 75, 76, 77, 80, 81, 83, 84, 119, 120, 121]"
4256,287230173,250.82172577523974,43.96132837900265,4,"[25, 52, 79, 117]"
4257,287197149,333.3042519503717,76.94504627594216,36,"[14, 15, 16, 17, 20, 23, 24, 26, 40, 41, 47, 50, 53, 54, 55, 56, 57, 58, 59, 60, 73, 74, 75, 76, 77, 80, 81, 82, 83, 84, 85, 86, 118, 119, 120, 121]"
4258,287224673,129.2585142852723,32.13863581106793,2,"[21, 48]"
4259,287237395,248.46441189596234,-32.46864272581683,5,"[12, 39, 65, 102, 103]"
4260,240713961,34.52207721743481,42.947126749639374,2,"[17, 58]"
4261,240823596,37.460741633261215,40.25556393821413,4,"[17, 18, 58, 85]"
4262,240839318,36.37133002967426,38.234617527080985,3,"[17, 58, 85]"
4263,262502955,72.85117347276028,-20.866959863833543,4,"[5, 32, 98, 110]"
4264,262435808,72.28989928269799,-20.860399841337916,4,"[5, 32, 98, 110]"
4265,262457542,250.05329715474548,-49.91975497557164,11,"[12, 38, 39, 65, 66, 93, 99, 100, 101, 102, 113]"
4266,262497948,146.40756404249208,-77.55879429848112,36,"[2, 3, 4, 6, 7, 9, 10, 12, 13, 27, 29, 30, 32, 33, 34, 35, 36, 37, 39, 61, 62, 63, 66, 67, 68, 69, 87, 88, 89, 90, 93, 94, 95, 96, 97, 98]"
4267,262501316,73.30245166845702,-17.1174955379958,4,"[5, 32, 98, 110]"
4268,262501618,73.20451790453407,-17.840907851038864,1,[110]
4269,262551825,250.07316447140036,-49.79761838577417,11,"[12, 38, 39, 65, 66, 93, 99, 100, 101, 102, 113]"
4270,262531735,356.57294682935725,-47.2310465790069,10,"[2, 3, 29, 30, 69, 96, 103, 104, 105, 106]"
4271,262592197,350.21695768551996,6.607185527715521,3,"[42, 70, 92]"
4272,262587669,133.75643511143318,-13.761767583437909,4,"[8, 34, 61, 88]"
4273,262579047,133.76543578578247,-14.700766748886197,4,"[8, 34, 61, 88]"
4274,287257235,255.53937486332254,42.55752958694792,6,"[25, 26, 52, 79, 117, 118]"
4275,287287930,126.20256487669616,50.21721101936452,9,"[14, 21, 41, 47, 48, 74, 75, 119, 120]"
4276,287368221,262.1605451243055,44.272351254098844,7,"[25, 26, 52, 53, 79, 80, 118]"
4277,240870078,37.39835433212247,38.58079276244236,4,"[17, 18, 58, 85]"
4278,240954044,329.1451587594028,9.156641707429486,5,"[42, 55, 82, 92, 116]"
4279,240931244,39.70602634528038,39.924400000020015,4,"[17, 18, 58, 85]"
4280,240967708,38.185257310364754,36.56528048808437,4,"[17, 18, 58, 85]"
4281,262605139,134.4318971163068,-15.657555277208285,5,"[8, 34, 61, 88, 112]"
4282,262648706,247.73722318496752,-45.76885211617877,10,"[12, 38, 39, 65, 99, 100, 101, 102, 113, 114]"
4283,262661743,350.32376022348353,5.588239933264309,3,"[42, 70, 92]"
4284,262722754,139.5815945124234,-11.68616408930598,5,"[8, 61, 72, 88, 99]"
4285,262719749,149.82934175000094,-7.772919124647323,7,"[8, 35, 45, 46, 62, 72, 89]"
4286,287399382,177.0712775722526,-12.243126165833724,5,"[9, 36, 63, 72, 90]"
4287,287532010,239.2928116257369,-75.40915784982205,18,"[3, 10, 11, 12, 13, 30, 33, 37, 38, 39, 63, 64, 65, 66, 87, 90, 93, 97]"
4288,287511722,307.0905550678513,47.717146169189895,7,"[14, 41, 54, 75, 81, 119, 120]"
4289,241056806,329.6339907958768,8.845497998149344,5,"[42, 55, 82, 92, 116]"
4290,241120092,46.81404136260194,34.64096724541679,3,"[18, 58, 85]"
4291,262809788,22.289166531394944,-8.324736500197437,6,"[3, 30, 42, 43, 70, 97]"
4292,241197867,152.129599552049,16.82045622684299,2,"[22, 48]"
4293,262841041,320.43636040226505,-47.849648319932115,7,"[1, 68, 95, 102, 103, 104, 105]"
4294,262843771,355.1190453255242,-73.8028010987192,12,"[1, 2, 3, 28, 29, 30, 64, 68, 69, 95, 96, 97]"
4295,262824793,321.41024499356206,-46.42904442819373,8,"[1, 28, 68, 95, 102, 103, 104, 105]"
4296,262828433,322.52415773644236,-45.54623079035053,8,"[1, 28, 68, 95, 102, 103, 104, 105]"
4297,262885414,346.2546108217114,-75.47815584138839,20,"[1, 2, 3, 4, 7, 27, 28, 30, 34, 37, 61, 64, 67, 68, 69, 88, 94, 95, 96, 97]"
4298,262874982,358.2618895544424,-73.47542685004063,12,"[1, 2, 3, 4, 28, 29, 30, 68, 69, 95, 96, 97]"
4299,262922645,357.39312562211956,-74.13473165841363,13,"[2, 3, 4, 28, 29, 30, 31, 64, 68, 69, 95, 96, 97]"
4300,287624238,277.9739547911822,38.22614544883793,5,"[26, 40, 53, 80, 118]"
4301,287609748,216.06962881927802,-34.198320667496326,6,"[11, 37, 64, 101, 102, 114]"
4302,287638396,225.3185321422024,-76.34610582626568,23,"[3, 6, 9, 10, 12, 13, 29, 30, 33, 36, 37, 38, 39, 62, 63, 64, 65, 66, 87, 89, 90, 93, 98]"
4303,287616025,251.28020436794858,4.11063682138577,3,"[91, 115, 116]"
4304,287619474,251.66667044053256,2.2812312245908624,3,"[91, 115, 116]"
4305,287761145,343.91319112393296,42.73344811009862,3,"[15, 56, 121]"
4306,287717402,231.2000435005746,-75.77844597362035,18,"[3, 6, 10, 11, 12, 13, 30, 33, 36, 37, 39, 63, 64, 65, 66, 87, 90, 93]"
4307,216982075,305.715669419385,49.63277763297648,9,"[14, 40, 41, 54, 74, 75, 81, 119, 120]"
4308,241203664,329.7513932403202,6.540415265706033,4,"[42, 55, 92, 116]"
4309,241217390,92.4463858664194,28.601435154187527,2,"[60, 73]"
4310,241253994,147.23600974924662,21.42599169829392,2,"[21, 48]"
4311,241261831,146.44643736262455,23.954972287085933,2,"[21, 48]"
4312,241392829,20.690250842831535,-14.891510072036418,4,"[3, 30, 97, 108]"
4313,263009731,240.85042362033468,-19.522992868515566,2,"[12, 38]"
4314,287773752,219.5498405259447,-76.03196971295772,22,"[2, 6, 9, 10, 11, 12, 29, 32, 36, 37, 38, 39, 62, 63, 64, 65, 66, 87, 89, 90, 93, 98]"
4315,287770635,232.72346469677086,-75.48995059044219,18,"[3, 6, 10, 11, 12, 13, 30, 33, 36, 37, 39, 63, 64, 65, 66, 87, 90, 93]"
4316,287842651,83.15665357231374,-35.079349226155884,5,"[6, 32, 98, 109, 110]"
4317,287846583,99.37644523000404,-38.14571214111816,6,"[6, 87, 108, 109, 110, 111]"
4318,287853215,213.8673614485415,11.477729997270197,3,"[51, 91, 115]"
4319,287866296,213.602379762353,12.818452609080747,1,[51]
4320,287857379,342.7184471627156,40.24933111716434,4,"[15, 56, 82, 83]"
4321,287947139,309.90414937202854,42.58145598565866,6,"[14, 41, 54, 55, 81, 120]"
4322,217157387,262.35830621950686,-23.467293797229097,6,"[12, 39, 66, 93, 103, 104]"
4323,241552893,226.0990052907536,-38.01763420987777,9,"[38, 64, 65, 99, 100, 101, 102, 112, 114]"
4324,241510738,223.8766898362065,-35.02058938637991,8,"[11, 38, 64, 65, 101, 102, 112, 114]"
4325,241486185,23.096530495310834,-9.91408864439004,5,"[30, 42, 43, 70, 97]"
4326,241567772,225.0218488666659,-36.18870545078597,8,"[11, 38, 64, 65, 101, 102, 112, 114]"
4327,241641457,224.73068425643302,-34.14003397031177,7,"[11, 38, 64, 65, 101, 102, 112]"
4328,241682179,226.2939406342022,-36.437672048489176,7,"[38, 65, 99, 101, 102, 112, 114]"
4329,241740316,225.21485855920855,-33.771787995062546,6,"[11, 38, 65, 101, 102, 112]"
4330,263211317,248.51423780413154,-45.683318106970624,10,"[12, 38, 39, 65, 99, 100, 101, 102, 113, 114]"
4331,288143236,316.5798292318202,-1.6741604146820717,2,"[92, 116]"
4332,288168087,247.65569282756718,-29.29783885860932,5,"[12, 39, 65, 102, 103]"
4333,241810534,226.06643662688685,-33.809893944630915,5,"[38, 65, 101, 102, 112]"
4334,241921061,93.53473608277811,-25.90497874545416,5,"[6, 33, 87, 110, 111]"
4335,263540687,142.06776886876042,0.20545766211379754,3,"[45, 46, 72]"
4336,288250442,318.16804450153575,2.452933944647452,2,"[92, 116]"
4337,288250908,317.98127656972764,1.4947076922772358,2,"[92, 116]"
4338,288294358,21.626772401958977,32.384572951851574,3,"[17, 57, 84]"
4339,288330115,317.7605840142783,-0.8049880817947509,1,[92]
4340,288350652,33.07200468679045,26.779724047036687,4,"[17, 57, 84, 85]"
4341,288346083,94.74154004200985,77.25479042916962,36,"[14, 15, 17, 18, 19, 20, 21, 22, 24, 25, 26, 40, 41, 47, 48, 51, 52, 54, 55, 58, 59, 60, 73, 74, 75, 78, 79, 80, 81, 82, 85, 86, 117, 119, 120, 121]"
4342,217786583,263.29205821223064,-21.773850544980956,5,"[12, 39, 66, 93, 104]"
4343,217856007,353.3345941278443,18.643024182455715,2,"[56, 83]"
4344,217856068,353.5592859820243,19.103281125988214,2,"[56, 83]"
4345,241967968,295.95618117855616,-3.0419386101267385,2,"[92, 116]"
4346,241976265,297.09822544220253,1.4730256645444957,2,"[92, 116]"
4347,242035198,320.4779893112875,-1.6240559022761878,2,"[92, 116]"
4348,242072254,321.78766425465494,-2.5576572966870716,1,[116]
4349,242125246,225.26746983837575,-31.548897030132512,4,"[11, 38, 65, 102]"
4350,288404080,319.34591438970966,2.251887882214705,2,"[92, 116]"
4351,288426330,325.4314862679915,21.029678394116026,2,"[55, 82]"
4352,288419991,174.3245526209981,51.37898001914614,6,"[16, 22, 23, 49, 76, 121]"
4353,288449928,310.19334865915977,42.38801724242948,6,"[14, 41, 54, 55, 81, 120]"
4354,288415285,70.44750326925082,18.142343695879603,3,"[19, 59, 86]"
4355,288434609,175.53500173833322,51.171070056512214,6,"[16, 22, 23, 49, 76, 121]"
4356,288487444,178.96857506725493,49.00157188608514,6,"[16, 22, 23, 49, 76, 121]"
4357,288468223,89.98422870652514,76.55930344911353,31,"[14, 18, 19, 20, 21, 24, 25, 40, 41, 47, 48, 51, 52, 53, 54, 55, 58, 59, 60, 73, 74, 75, 78, 79, 80, 81, 85, 86, 117, 119, 120]"
4358,288468229,89.96666786076851,76.5560937466166,31,"[14, 18, 19, 20, 21, 24, 25, 40, 41, 47, 48, 51, 52, 53, 54, 55, 58, 59, 60, 73, 74, 75, 78, 79, 80, 81, 85, 86, 117, 119, 120]"
4359,288516301,86.59800319287395,77.44981707765066,36,"[14, 15, 17, 18, 19, 20, 21, 24, 25, 26, 40, 41, 47, 48, 50, 51, 52, 53, 54, 55, 58, 59, 60, 73, 74, 75, 77, 78, 79, 80, 81, 85, 86, 117, 119, 120]"
4360,288497990,50.231294167714616,26.185074929581567,3,"[18, 58, 85]"
4361,288518087,327.0319764117101,24.073893229437406,2,"[55, 82]"
4362,288529330,195.30411329333293,-6.277343223845968,5,"[10, 37, 46, 91, 115]"
4363,218046124,354.3537452078902,18.182060949113968,2,"[56, 83]"
4364,242152867,224.5265745911575,-29.722083752775077,5,"[11, 38, 65, 101, 102]"
4365,242192761,94.38028652937273,-28.295211682377552,5,"[6, 33, 87, 110, 111]"
4366,242250358,94.25356105259971,-23.894908556157418,4,"[6, 33, 87, 111]"
4367,242256346,227.18922933966613,-32.429548229359234,5,"[11, 38, 65, 101, 102]"
4368,242288894,225.67104434015133,-28.51031505485118,2,"[38, 65]"
4369,263798437,253.58607570384305,35.405401086581364,1,[117]
4370,263789026,252.86442941009855,-48.86012906930598,10,"[12, 39, 65, 66, 93, 99, 101, 102, 113, 114]"
4371,263806715,96.12725829901045,-14.426500569153633,4,"[6, 33, 87, 111]"
4372,263835459,265.87423783339455,-15.978303908470302,4,"[12, 39, 66, 104]"
4373,263881239,249.1309987081428,-45.42274978192273,10,"[12, 39, 65, 66, 99, 100, 101, 102, 113, 114]"
4374,288550345,193.38651986933874,-1.1032774214341072,2,"[46, 115]"
4375,288560075,310.2649059116041,41.94224223766144,6,"[14, 41, 54, 55, 81, 120]"
4376,288603020,87.49775494586463,73.33293896992613,21,"[14, 18, 19, 20, 25, 26, 40, 47, 52, 53, 58, 59, 60, 73, 74, 78, 79, 81, 85, 86, 119]"
4377,288603869,84.83920552003539,76.81442377825326,30,"[14, 17, 18, 19, 20, 21, 24, 25, 26, 40, 41, 47, 48, 51, 52, 53, 54, 55, 58, 59, 60, 74, 75, 78, 79, 80, 81, 86, 119, 120]"
4378,288677533,81.62004108285134,76.2821084190714,30,"[14, 17, 18, 19, 20, 21, 24, 25, 26, 40, 41, 47, 51, 52, 53, 54, 58, 59, 60, 73, 74, 77, 78, 79, 80, 81, 85, 86, 119, 120]"
4379,288756650,280.23203534282027,62.731431013097534,10,"[26, 40, 53, 54, 74, 79, 80, 81, 118, 119]"
4380,288751461,279.8051974205781,61.582578092424896,9,"[26, 40, 53, 54, 74, 80, 81, 118, 119]"
4381,218175445,263.73462827008706,-20.280643920474027,5,"[12, 39, 66, 93, 104]"
4382,242430354,227.62198694603984,-29.462287113431337,4,"[11, 38, 65, 102]"
4383,242447319,350.7951581934519,29.6306737665206,2,"[56, 83]"
4384,242551356,349.60034240705465,25.93977699472324,2,"[56, 83]"
4385,242530449,228.6523898217425,-29.2987103152049,4,"[11, 38, 65, 102]"
4386,242606258,349.9406386587522,26.196141177621918,2,"[56, 83]"
4387,264003815,82.943207372631,72.6289346658096,20,"[18, 19, 20, 24, 25, 26, 40, 47, 52, 53, 58, 59, 60, 73, 74, 78, 79, 85, 86, 119]"
4388,264053955,77.92096848235869,71.2550910515055,19,"[18, 20, 24, 25, 26, 40, 47, 52, 53, 58, 59, 60, 73, 74, 78, 79, 85, 86, 119]"
4389,264170284,271.713411356016,35.434591189671394,2,"[80, 118]"
4390,264194634,69.21630705214922,71.27438000129165,15,"[18, 19, 20, 24, 25, 26, 40, 53, 58, 59, 60, 73, 78, 79, 85]"
4391,218592182,132.98736176864486,-39.78937891558665,9,"[7, 8, 34, 61, 88, 109, 110, 111, 112]"
4392,218476674,264.29899585063293,-19.93232164708425,5,"[12, 39, 66, 93, 104]"
4393,242700779,14.552086136045888,13.458279106064888,3,"[17, 57, 84]"
4394,242756841,294.76601031811106,11.185396694357548,3,"[54, 81, 92]"
4395,242826461,295.7372352499963,13.704154964535578,2,"[54, 81]"
4396,264299645,27.683221747661218,79.91137035718813,47,"[14, 15, 16, 18, 19, 20, 21, 22, 23, 24, 25, 26, 40, 41, 47, 48, 49, 50, 51, 52, 53, 54, 55, 56, 57, 58, 59, 60, 73, 74, 75, 76, 77, 78, 79, 80, 81, 82, 83, 84, 85, 86, 117, 118, 119, 120, 121]"
4397,264408298,109.08780627648001,-12.69958969531185,3,"[7, 33, 87]"
4398,288982553,95.83166100281184,42.97339454118327,1,[20]
4399,289074137,237.0265752101057,-30.49589597348879,5,"[11, 38, 65, 102, 103]"
4400,242940550,59.84015723825652,-2.8545648412897755,5,"[42, 43, 44, 70, 71]"
4401,242942985,59.99633940859771,-3.61540421095479,5,"[42, 43, 44, 70, 71]"
4402,242901507,296.1701493434437,12.821300547871848,2,"[54, 81]"
4403,243006072,297.0140871139043,13.980452448374864,2,"[54, 81]"
4404,264593064,80.07459476680177,-20.323196598328988,4,"[6, 32, 98, 110]"
4405,264590459,80.1119375139141,-17.720441499619735,1,[110]
4406,264626359,80.45359757880365,-17.814508240371552,1,[110]
4407,289249343,283.4728026727146,64.18413613758081,10,"[14, 26, 40, 53, 54, 74, 80, 81, 118, 119]"
4408,289363225,324.54995634694416,35.2666172594423,2,"[55, 82]"
4409,289373858,283.6567288006729,61.883237834039214,10,"[14, 26, 40, 53, 54, 74, 80, 81, 118, 119]"
4410,289394319,225.10432855293027,-42.41481326810806,10,"[11, 38, 65, 99, 100, 101, 102, 112, 113, 114]"
4411,219003568,157.3836680018552,70.52802722650159,13,"[14, 15, 16, 21, 22, 23, 41, 48, 49, 75, 76, 120, 121]"
4412,219030951,167.78896726131117,10.382303724872552,4,"[22, 45, 49, 72]"
4413,219040094,175.12500302172748,57.162843235758785,6,"[16, 22, 23, 49, 76, 121]"
4414,219041399,173.19671015958468,58.41342313037711,5,"[15, 22, 23, 49, 76]"
4415,219038134,173.14624401847652,57.80394676523536,6,"[16, 22, 23, 49, 76, 121]"
4416,243132964,0.7904760276411995,23.10339622905066,2,"[56, 83]"
4417,243126547,0.05346695281759535,22.47951834510022,2,"[56, 83]"
4418,243126631,0.14528916541059042,22.73774901460492,2,"[56, 83]"
4419,243107445,1.05107145210023,25.569196135496803,2,"[56, 83]"
4420,243172438,23.43348786700002,13.36032511003818,3,"[17, 57, 84]"
4421,243194645,220.68076063999766,-34.61403387553345,7,"[11, 38, 64, 101, 102, 112, 114]"
4422,243188395,23.639417206383182,12.485573090432263,5,"[17, 42, 43, 57, 84]"
4423,243189841,47.100179494907174,-1.9920474454888442,5,"[42, 43, 44, 70, 71]"
4424,243215335,218.88596686227334,-31.067508199182278,6,"[11, 37, 38, 64, 101, 102]"
4425,264697739,75.86834379520673,69.31926981569113,15,"[18, 19, 20, 25, 26, 40, 52, 53, 58, 60, 73, 78, 79, 85, 86]"
4426,264723110,258.63841164017407,34.73725953812115,1,[118]
4427,289456142,284.1731146059397,63.19071290424701,10,"[14, 26, 40, 53, 54, 74, 80, 81, 118, 119]"
4428,289510278,74.07370928225124,51.90694307393538,7,"[19, 25, 26, 52, 59, 73, 86]"
4429,289529699,285.4582410350742,64.54901549847744,11,"[14, 26, 40, 41, 53, 54, 74, 80, 81, 118, 119]"
4430,289532311,284.69803055652153,61.88370704327162,10,"[14, 26, 40, 53, 54, 74, 80, 81, 118, 119]"
4431,219126357,179.36937257283694,-20.813358761144602,5,"[9, 63, 90, 100, 114]"
4432,219155952,90.48061288996685,-74.65484738355624,17,"[1, 5, 6, 7, 11, 28, 31, 32, 33, 34, 61, 65, 68, 87, 88, 95, 98]"
4433,219179232,93.67502225033576,-72.63954237677336,11,"[5, 7, 32, 33, 34, 61, 68, 87, 88, 95, 98]"
4434,219196118,95.62696261038988,-74.78229646206334,18,"[1, 5, 6, 7, 8, 11, 28, 32, 33, 34, 38, 61, 65, 68, 87, 88, 95, 98]"
4435,219197061,95.19772934452325,-72.95940196971335,12,"[5, 6, 7, 32, 33, 34, 61, 68, 87, 88, 95, 98]"
4436,219189977,179.72645458415627,-20.46816727908011,5,"[9, 63, 90, 100, 114]"
4437,219213742,98.22945518817043,-75.00909745196509,18,"[1, 5, 6, 7, 8, 11, 28, 32, 33, 34, 38, 61, 65, 68, 87, 88, 95, 98]"
4438,219217424,35.66078567409823,-67.80190140098483,6,"[3, 4, 5, 30, 31, 97]"
4439,219246606,180.80070788554167,-22.18110176751666,6,"[9, 36, 63, 90, 100, 114]"
4440,219234564,33.54457949528845,-71.67736097782984,7,"[3, 4, 5, 30, 31, 32, 97]"
4441,219234987,36.54384946139799,-70.14110773740153,7,"[3, 4, 5, 30, 31, 32, 97]"
4442,219239739,35.39520459894447,-71.5228862187551,7,"[3, 4, 5, 30, 31, 32, 97]"
4443,243245932,132.50673266469317,6.188905536862845,6,"[21, 44, 45, 46, 48, 72]"
4444,243245935,132.50666035302072,6.1867790904275495,6,"[21, 44, 45, 46, 48, 72]"
4445,243331239,317.8973587713596,74.50081608915887,22,"[14, 15, 16, 26, 40, 41, 53, 54, 55, 56, 60, 73, 74, 75, 76, 80, 81, 82, 83, 118, 119, 121]"
4446,243306857,218.95969503068122,-29.926227105043584,5,"[11, 38, 64, 101, 102]"
4447,264765942,162.74776956868408,-75.81088906093566,22,"[4, 7, 8, 9, 10, 27, 34, 35, 36, 37, 61, 62, 63, 64, 67, 68, 87, 88, 89, 90, 95, 97]"
4448,289601881,118.30181502628909,39.0590796879965,4,"[20, 47, 60, 74]"
4449,289621579,204.06509400796764,81.99699699112361,45,"[14, 15, 16, 17, 18, 19, 20, 21, 22, 23, 24, 25, 26, 40, 41, 48, 49, 50, 51, 52, 53, 54, 55, 56, 57, 58, 59, 73, 74, 75, 76, 77, 78, 79, 80, 82, 83, 84, 85, 86, 117, 118, 119, 120, 121]"
4450,289624436,355.86557796301463,-14.39609473058935,3,"[29, 69, 107]"
4451,289592423,354.5483894234771,-16.634236919097557,4,"[2, 29, 69, 107]"
4452,219313290,181.27976020103415,-22.82833199846818,7,"[9, 36, 63, 90, 100, 101, 114]"
4453,219346326,58.18274492640669,-71.23064625913831,7,"[4, 5, 6, 31, 32, 97, 98]"
4454,219367750,60.07065069119546,-71.10838724722404,6,"[4, 5, 6, 31, 32, 98]"
4455,219420836,67.15796264086343,-73.2392952820559,9,"[4, 6, 31, 32, 33, 67, 87, 94, 98]"
4456,243393076,220.69804560173864,-31.3439618251233,5,"[11, 38, 64, 101, 102]"
4457,243441917,320.4689125409743,42.72600877582876,5,"[14, 15, 41, 55, 120]"
4458,264850488,245.7241619973197,-29.59864060654015,4,"[12, 65, 102, 103]"
4459,243474898,220.1133288326515,-29.212827248653014,5,"[11, 38, 64, 101, 102]"
4460,264899051,74.0043546598467,67.74690825881302,12,"[18, 19, 20, 25, 26, 52, 53, 58, 60, 73, 78, 85]"
4461,289673491,356.2719321718893,-15.280374235365713,3,"[29, 69, 107]"
4462,289714080,357.4430918283433,-14.653247293780732,2,"[29, 107]"
4463,289714127,357.62772778265025,-14.454644141269249,2,"[29, 107]"
4464,289719518,27.656933707696314,-28.78211128965815,3,"[4, 97, 108]"
4465,289715844,134.56555445455368,43.787440732903455,2,"[48, 75]"
4466,289731700,28.50574188393886,-28.094155982915396,3,"[4, 97, 108]"
4467,219483057,223.24716972166863,62.878851421291955,8,"[24, 25, 50, 51, 52, 77, 78, 117]"
4468,219476483,218.30991836079676,65.95028847696305,7,"[23, 24, 25, 50, 77, 78, 117]"
4469,219480018,221.62835064332643,63.778554107070086,7,"[24, 25, 50, 51, 77, 78, 117]"
4470,219434210,124.60371488066822,68.7338841710866,15,"[14, 15, 20, 21, 26, 40, 41, 47, 48, 53, 60, 74, 75, 119, 120]"
4471,219503785,227.85517465693934,64.68607376744275,9,"[24, 25, 50, 51, 52, 77, 78, 79, 117]"
4472,243524192,319.5448388950433,38.661782048260065,6,"[14, 41, 55, 81, 82, 120]"
4473,243488974,319.10610976423715,38.12813538217946,6,"[14, 41, 55, 81, 82, 120]"
4474,219549289,314.11450204110935,37.98258658839542,6,"[14, 54, 55, 81, 82, 120]"
4475,243493887,221.85862218977613,-32.105762599760844,5,"[11, 38, 64, 101, 102]"
4476,265075778,129.21551401895005,-17.277608626147927,4,"[7, 34, 61, 112]"
4477,289813241,270.29037114861467,38.53216641254882,4,"[26, 53, 80, 118]"
4478,289912168,182.3470637400045,-15.410858579602937,5,"[9, 36, 63, 90, 114]"
4479,289947843,93.25496866442195,56.27426799127707,11,"[19, 20, 26, 40, 47, 53, 59, 60, 73, 79, 119]"
4480,219705847,111.63571814954794,51.306143273689706,8,"[14, 20, 40, 47, 53, 60, 74, 119]"
4481,219707463,113.92181772239874,48.8419782488842,7,"[14, 20, 40, 47, 60, 74, 119]"
4482,219709102,115.30002915616866,47.829525681137454,6,"[14, 20, 40, 47, 60, 119]"
4483,219742325,182.2277695675572,78.00027614138511,39,"[15, 17, 18, 19, 20, 21, 22, 23, 24, 25, 40, 41, 47, 48, 49, 50, 51, 52, 54, 55, 56, 57, 58, 74, 75, 76, 77, 78, 79, 81, 82, 83, 84, 85, 117, 118, 119, 120, 121]"
4484,243813619,273.5664116267265,4.843610585071478,2,"[91, 116]"
4485,243680000,302.8763093339829,15.482126570491905,2,"[54, 81]"
4486,243878863,305.0799684487741,19.403717627803264,1,[54]
4487,265099810,57.18085536059429,36.00799137277134,3,"[18, 58, 85]"
4488,289952026,311.9112914275193,-13.00735419485971,4,"[1, 28, 68, 95]"
4489,289971775,98.8427179046556,57.72396206913245,10,"[19, 20, 26, 40, 47, 53, 60, 73, 74, 119]"
4490,290058172,209.39973075641322,-3.1710913875342244,2,"[91, 115]"
4491,290110180,210.14199762163943,-4.538352347718505,1,[91]
4492,219751969,235.48182175988282,82.44811800269912,45,"[14, 15, 16, 17, 18, 19, 20, 21, 22, 23, 24, 25, 26, 40, 41, 47, 49, 50, 51, 52, 53, 54, 56, 57, 59, 60, 73, 74, 75, 76, 77, 78, 79, 80, 81, 82, 83, 84, 85, 86, 117, 118, 119, 120, 121]"
4493,219776694,242.92837177167596,82.91641468706422,46,"[14, 15, 16, 17, 18, 19, 20, 21, 22, 23, 24, 26, 40, 41, 47, 48, 49, 50, 51, 52, 53, 54, 55, 56, 57, 58, 59, 60, 73, 74, 75, 76, 77, 78, 79, 80, 81, 82, 83, 84, 85, 86, 118, 119, 120, 121]"
4494,219820925,261.32957722602424,83.77880174367625,45,"[14, 15, 16, 17, 18, 20, 21, 22, 23, 24, 25, 26, 40, 41, 47, 48, 50, 51, 52, 53, 54, 55, 56, 57, 58, 59, 60, 73, 74, 75, 76, 77, 78, 79, 80, 81, 82, 83, 84, 85, 117, 118, 119, 120, 121]"
4495,219840816,210.37115041524908,38.42180168336993,4,"[24, 50, 51, 77]"
4496,219812867,251.48282978478318,86.06171330919133,45,"[14, 15, 16, 17, 18, 19, 20, 21, 23, 24, 25, 26, 40, 41, 47, 48, 49, 50, 51, 53, 54, 55, 56, 57, 58, 59, 60, 73, 74, 75, 76, 77, 78, 80, 81, 82, 83, 84, 85, 86, 117, 118, 119, 120, 121]"
4497,219843179,210.61864544494549,38.88193428025199,4,"[24, 50, 51, 77]"
4498,219843815,208.6396990687337,42.47689012958794,5,"[23, 24, 50, 51, 77]"
4499,243922434,304.76951787200676,16.525917159336043,1,[54]
4500,243995474,305.25289564198187,15.895195239058918,1,[54]
4501,243962745,305.5899586504257,18.530127171481332,2,"[54, 81]"
4502,243992740,304.8249997132705,13.90410847280676,1,[54]
4503,265343179,60.64191063571766,64.03528452954225,12,"[18, 19, 24, 25, 52, 58, 59, 73, 78, 79, 85, 86]"
4504,265344685,56.54487618571921,63.088868675797464,11,"[18, 19, 24, 25, 52, 58, 59, 78, 79, 85, 86]"
4505,265335665,288.6385476881209,-50.15705814881046,7,"[13, 27, 67, 94, 103, 104, 114]"
4506,265361101,94.52401318664808,-18.2707740014666,3,"[33, 87, 111]"
4507,265383761,58.11001960149121,37.3643516304618,4,"[18, 58, 85, 86]"
4508,220017951,0.4402043646007166,-57.85270449502622,10,"[2, 3, 29, 30, 69, 96, 97, 104, 105, 106]"
4509,220050906,83.18677954339051,-19.52058813420804,4,"[6, 32, 98, 110]"
4510,244084195,305.7106448537871,14.530982737314236,2,"[54, 81]"
4511,244203955,71.04223478961617,-27.794690651643208,4,"[5, 98, 109, 110]"
4512,265440019,136.01443290537426,-14.12038568212302,4,"[8, 34, 61, 88]"
4513,265444543,136.53151859498374,-14.996744727643032,5,"[8, 34, 61, 88, 99]"
4514,265435357,286.9842984274963,-56.32757647391397,10,"[13, 27, 66, 67, 93, 94, 101, 102, 103, 114]"
4515,265488188,298.6053827346796,-46.96911564278152,10,"[1, 13, 27, 67, 94, 95, 101, 102, 103, 104]"
4516,265529741,309.68823956145184,-40.41900596133553,8,"[1, 27, 28, 68, 95, 103, 104, 105]"
4517,290305042,295.2074097296464,-55.13536419453411,7,"[1, 13, 67, 94, 101, 102, 103]"
4518,290289018,262.4028394747786,-62.48929396823863,6,"[12, 13, 39, 65, 66, 93]"
4519,290356320,267.27393874287895,-65.06349989108745,7,"[12, 13, 27, 39, 65, 67, 94]"
4520,290358640,299.059075181369,-16.67747867012805,4,"[27, 67, 94, 105]"
4521,290376803,290.96046177633866,-58.693694469929156,7,"[13, 27, 67, 94, 101, 102, 103]"
4522,220204291,99.54359619946588,-13.984935401686261,3,"[6, 87, 111]"
4523,220211279,99.50031084907974,-11.440694164119156,5,"[6, 71, 72, 87, 111]"
4524,244253760,72.85030924720108,-23.578268111128654,3,"[5, 32, 98]"
4525,244330163,310.96325914803543,44.913579601879164,6,"[14, 41, 54, 55, 81, 120]"
4526,244255489,72.9472174172895,-24.741912365279166,4,"[5, 32, 98, 110]"
4527,244258171,72.82016316493255,-26.258936358413887,4,"[5, 32, 98, 110]"
4528,290409509,263.4084103006059,-61.81906192010401,7,"[12, 13, 39, 65, 66, 93, 101]"
4529,290401720,292.97734010149514,-57.573663820011106,7,"[13, 27, 67, 94, 101, 102, 103]"
4530,290468468,139.7483909958091,-10.984907995144939,5,"[8, 46, 61, 72, 88]"
4531,290476605,141.35086589769492,-14.382829938114233,5,"[8, 35, 61, 88, 99]"
4532,290542693,297.22622030343274,-64.90687872260621,7,"[27, 28, 67, 68, 93, 94, 95]"
4533,290511678,141.62380426340593,-14.479532955400403,5,"[8, 35, 61, 88, 99]"
4534,290512050,141.09921751532082,-13.199600094661124,4,"[8, 61, 88, 99]"
4535,290543478,294.81208371980733,-65.24325843382599,7,"[1, 28, 66, 68, 93, 94, 95]"
4536,290555544,140.70283607672394,-9.870040705067579,6,"[8, 45, 46, 61, 72, 88]"
4537,290532163,211.7587021918436,-55.33648626525854,9,"[10, 11, 37, 38, 99, 100, 112, 113, 114]"
4538,290565106,236.030577357384,8.55857686291983,4,"[51, 91, 115, 117]"
4539,220308449,230.6047421799553,-5.628429079296862,2,"[91, 115]"
4540,220351689,187.10986609022405,-55.418964036912605,9,"[9, 10, 36, 37, 63, 99, 111, 112, 113]"
4541,220378915,303.82811425842687,-37.925302664682796,8,"[1, 27, 67, 94, 95, 102, 104, 105]"
4542,220405047,30.65585049596249,-78.20637921576933,41,"[1, 2, 3, 4, 5, 6, 8, 9, 10, 11, 12, 13, 27, 28, 29, 30, 31, 32, 33, 34, 35, 36, 37, 38, 39, 62, 63, 64, 65, 66, 68, 69, 87, 89, 90, 93, 94, 95, 96, 97, 98]"
4543,220405048,30.659720593057404,-78.20707011113352,41,"[1, 2, 3, 4, 5, 6, 8, 9, 10, 11, 12, 13, 27, 28, 29, 30, 31, 32, 33, 34, 35, 36, 37, 38, 39, 62, 63, 64, 65, 66, 68, 69, 87, 89, 90, 93, 94, 95, 96, 97, 98]"
4544,220412945,43.02593847999969,-74.8972608996223,14,"[3, 4, 5, 6, 9, 30, 32, 36, 63, 66, 90, 93, 97, 98]"
4545,220414802,29.893913487485722,-79.13819511845898,41,"[1, 2, 3, 4, 5, 6, 8, 9, 10, 11, 12, 13, 27, 28, 29, 30, 31, 32, 33, 34, 35, 36, 37, 38, 39, 61, 62, 63, 64, 65, 66, 68, 69, 87, 89, 90, 93, 95, 96, 97, 98]"
4546,220436223,39.41336480818096,-79.08678375983577,44,"[1, 2, 3, 5, 6, 7, 8, 9, 10, 11, 12, 13, 27, 28, 29, 30, 31, 32, 33, 34, 35, 36, 37, 38, 39, 61, 62, 63, 64, 65, 66, 67, 68, 69, 87, 88, 89, 90, 93, 94, 95, 96, 97, 98]"
4547,265838844,337.87671289495387,9.926372264856417,5,"[42, 55, 70, 82, 92]"
4548,290600055,141.73598490021897,-11.931797956871604,5,"[8, 35, 61, 72, 99]"
4549,290639171,232.94645048793416,22.557964552529,2,"[51, 117]"
4550,290716821,77.67286976583611,-71.47375210280549,8,"[4, 5, 6, 31, 32, 33, 87, 98]"
4551,290751560,77.54583054974267,-73.84564371916082,10,"[4, 5, 6, 7, 31, 32, 33, 67, 87, 98]"
4552,290771559,321.82617480615727,43.228844750285965,5,"[14, 15, 41, 55, 120]"
4553,220456828,42.10629052653343,-78.86356892451873,44,"[1, 2, 3, 4, 5, 6, 7, 8, 9, 10, 11, 12, 13, 27, 28, 29, 30, 32, 33, 34, 35, 36, 37, 38, 39, 61, 62, 63, 64, 65, 66, 67, 68, 69, 87, 88, 89, 90, 93, 94, 95, 96, 97, 98]"
4554,220476607,50.00761616076118,-77.5025431388459,34,"[2, 3, 4, 5, 6, 7, 9, 10, 12, 13, 27, 29, 30, 31, 32, 33, 36, 37, 39, 63, 64, 65, 66, 67, 68, 69, 87, 90, 93, 94, 95, 96, 97, 98]"
4555,220492758,316.64878659408936,-47.101654862741235,8,"[1, 28, 68, 95, 102, 103, 104, 105]"
4556,220491897,318.31824153245026,-45.2110458927946,8,"[1, 28, 68, 95, 102, 103, 104, 105]"
4557,220496357,317.66099479890624,-46.78300854019167,8,"[1, 28, 68, 95, 102, 103, 104, 105]"
4558,220507581,317.7447759965594,-48.407749674167434,8,"[1, 28, 68, 95, 102, 103, 104, 105]"
4559,220522615,348.0025028905404,-69.7700414569431,11,"[1, 2, 3, 28, 29, 30, 68, 69, 95, 96, 97]"
4560,220538394,343.3016429853753,-71.26337516785081,9,"[1, 3, 28, 29, 30, 68, 69, 95, 97]"
4561,220531502,241.4025478645578,-3.613221278134721,2,"[115, 116]"
4562,220466985,240.47207524966484,0.08522874922652018,3,"[91, 115, 116]"
4563,220531876,241.32187561723765,-2.391469051306848,2,"[115, 116]"
4564,220572999,346.49530323560055,-72.53960965147762,10,"[1, 2, 3, 28, 30, 64, 68, 95, 96, 97]"
4565,220559249,346.3323629764139,-71.34586512007458,9,"[1, 2, 3, 28, 30, 68, 95, 96, 97]"
4566,220600341,75.83430187144324,-70.57461570876521,7,"[4, 5, 6, 31, 32, 33, 87]"
4567,220597120,35.099633572714815,-64.00212816790298,4,"[4, 30, 31, 97]"
4568,265917815,340.062654836775,13.146502002168202,1,[82]
4569,290924504,301.3342660886461,-18.770117633369413,3,"[27, 67, 105]"
4570,290932786,235.4183306235387,-38.819847364340056,9,"[11, 38, 65, 99, 100, 101, 102, 113, 114]"
4571,220616718,79.215139273257,-69.34300514459399,6,"[5, 6, 32, 33, 87, 98]"
4572,220617819,79.9978217332409,-66.21109221000047,4,"[5, 6, 32, 33]"
4573,220751808,254.72974496073223,-36.43174065962753,8,"[12, 39, 66, 93, 100, 102, 103, 113]"
4574,220765386,254.4130878330539,2.127620615870077,3,"[91, 115, 116]"
4575,291014523,300.9939702517579,-21.93815318635319,4,"[27, 67, 94, 105]"
4576,291023678,323.71042810280403,46.043226937463295,6,"[14, 15, 41, 55, 82, 120]"
4577,291037608,237.56950736873432,32.12900090815309,2,"[51, 117]"
4578,291038439,168.53388387180138,2.283662928642125,3,"[45, 46, 72]"
4579,291067698,237.60721282060337,31.958810270391826,2,"[51, 117]"
4580,291039597,167.62628919197027,4.651517037191838,1,[45]
4581,291034069,237.60871478575646,30.428060296477852,2,"[51, 117]"
4582,291137049,244.46069625904806,30.92272461627716,1,[117]
4583,291152372,318.86701513187984,29.07694589485835,2,"[55, 82]"
4584,291112607,302.9076570855988,-17.04922758578184,5,"[27, 67, 94, 95, 105]"
4585,291154039,319.37751259656926,30.423616672022867,2,"[55, 82]"
4586,291166111,244.72940570573533,31.932327074103586,1,[117]
4587,291145873,321.870272205931,42.55668961738415,6,"[14, 15, 41, 55, 82, 120]"
4588,245152467,313.37621899665385,45.55030483611233,7,"[14, 41, 54, 55, 81, 82, 120]"
4589,245322084,356.6448908802136,27.026663338135922,2,"[56, 83]"
4590,245322644,356.6328239658517,26.798735852395787,2,"[56, 83]"
4591,245325810,355.66078851977164,24.765805669511305,2,"[56, 83]"
4592,245338260,220.5080820948673,-39.216284188116994,10,"[11, 37, 38, 64, 99, 100, 102, 112, 113, 114]"
4593,245327925,356.1573273852745,25.305078620315477,2,"[56, 83]"
4594,245350105,355.9292930188939,23.90345801763235,2,"[56, 83]"
4595,245351151,355.3086293816326,22.269024856745162,1,[56]
4596,245346828,355.05883829724684,22.499999666208677,1,[56]
4597,245367276,355.99725542784984,23.510203027229416,2,"[56, 83]"
4598,245368902,356.78404755827574,24.524351222087297,2,"[56, 83]"
4599,266422970,260.64355779395106,-15.229154299609363,4,"[12, 39, 66, 93]"
4600,266394699,68.79809757580254,27.52487391245547,3,"[19, 59, 86]"
4601,266586474,311.9305646626865,-15.652280634121494,4,"[1, 28, 68, 95]"
4602,291332132,94.32812269563419,-13.432848437303214,3,"[6, 33, 87]"
4603,291417201,264.03702887503164,-31.305155903385618,6,"[12, 39, 66, 93, 103, 104]"
4604,245529160,256.47849504719807,-23.345764291737073,6,"[12, 39, 66, 93, 103, 104]"
4605,245673953,58.780879875782304,40.792799146470735,4,"[18, 58, 85, 86]"
4606,266680498,18.375519721286057,-28.92177637611934,4,"[3, 30, 107, 108]"
4607,266748633,19.125792637224414,-30.981312065385218,4,"[3, 30, 107, 108]"
4608,266769522,18.296749780634094,-32.62400728193022,5,"[3, 30, 97, 107, 108]"
4609,291505147,252.3596625558158,33.351999078246784,1,[117]
4610,291635915,136.49883186033836,-71.32936358230039,11,"[7, 8, 9, 33, 34, 35, 61, 62, 87, 88, 89]"
4611,291679352,253.16540404427843,32.424008256580926,1,[117]
4612,245786953,67.65998314492862,-6.076923870293975,7,"[5, 32, 43, 44, 70, 71, 98]"
4613,245790062,67.71635199600787,-6.944565706847719,7,"[5, 32, 43, 44, 70, 71, 98]"
4614,245794190,67.55783993977658,-8.634092242333505,7,"[5, 32, 43, 44, 70, 71, 98]"
4615,245794718,68.4670505228203,-3.901371938262704,4,"[43, 44, 70, 71]"
4616,245799490,68.27642812442672,-6.123788914584822,7,"[5, 32, 43, 44, 70, 71, 98]"
4617,245825957,68.72016823996094,-5.975169227120459,7,"[5, 32, 43, 44, 70, 71, 98]"
4618,245837540,69.213356121586,-5.571800059763504,4,"[43, 44, 70, 71]"
4619,245905821,70.25199265808817,-6.014652894107756,7,"[5, 32, 43, 44, 70, 71, 98]"
4620,245858382,68.79179080853483,-8.614838686200187,7,"[5, 32, 43, 44, 70, 71, 98]"
4621,245904110,69.75312184090666,-9.50225473471629,7,"[5, 32, 43, 44, 70, 71, 98]"
4622,245819720,68.46130543677185,-5.589415103458864,4,"[43, 44, 70, 71]"
4623,245819740,68.5067471122926,-5.642263346652187,4,"[43, 44, 70, 71]"
4624,245819988,68.40547985955479,-6.088909570433226,7,"[5, 32, 43, 44, 70, 71, 98]"
4625,245860427,69.04610475391796,-7.042284314884638,7,"[5, 32, 43, 44, 70, 71, 98]"
4626,245820995,68.09729037637115,-8.032456588874625,7,"[5, 32, 43, 44, 70, 71, 98]"
4627,245910524,70.0635823289574,-9.048770469993178,7,"[5, 32, 43, 44, 70, 71, 98]"
4628,245911904,70.45769201106015,-6.2793160969085875,7,"[5, 32, 43, 44, 70, 71, 98]"
4629,245911976,70.50340308462775,-6.166181564933391,7,"[5, 32, 43, 44, 70, 71, 98]"
4630,245895478,69.8749160201014,-6.126900135165586,7,"[5, 32, 43, 44, 70, 71, 98]"
4631,245899082,69.84492848991695,-6.737012371367109,7,"[5, 32, 43, 44, 70, 71, 98]"
4632,266905680,308.1039903342187,-61.54755059345957,8,"[1, 27, 28, 67, 68, 94, 95, 103]"
4633,246006215,256.4291691102084,-20.489879225454615,5,"[12, 39, 66, 93, 103]"
4634,266977207,117.80122644901286,-15.969147553931505,3,"[7, 34, 88]"
4635,267081284,316.5879052548197,-57.47378369316188,7,"[1, 27, 28, 68, 102, 103, 104]"
4636,266995561,320.5634385058225,-47.999091750788864,7,"[1, 68, 95, 102, 103, 104, 105]"
4637,267126863,70.10313142965711,28.663613250635347,3,"[19, 59, 86]"
4638,291726554,263.13427019155614,33.87592721572088,1,[118]
4639,291899533,276.95071181164275,-23.86098720457224,4,"[13, 66, 93, 104]"
4640,246331478,268.8641424228456,-15.193271839973567,5,"[13, 39, 66, 93, 104]"
4641,267255510,358.005684771778,2.035386334440018,2,"[42, 70]"
4642,267433369,310.39775740978854,-63.820150502226014,7,"[1, 27, 28, 67, 68, 94, 95]"
4643,267435281,308.68549006580724,-64.1647691820377,8,"[1, 13, 27, 28, 67, 68, 94, 95]"
4644,292074212,247.4815573706422,-27.097293022160287,4,"[12, 39, 65, 103]"
4645,292113181,197.63109291741006,5.034924769709908,3,"[46, 91, 115]"
4646,292206680,235.5838007397063,-8.40416653638382,5,"[11, 38, 65, 91, 115]"
4647,246729528,280.009324444618,-24.303659888566674,4,"[13, 67, 94, 104]"
4648,246664608,256.9161478120408,-20.315493338177856,5,"[12, 39, 66, 93, 103]"
4649,246815987,280.9919349694393,-21.022539073285664,3,"[67, 94, 104]"
4650,246860755,353.6980820985325,-29.454621928828416,6,"[2, 29, 69, 96, 106, 107]"
4651,246861692,356.11816567387103,-25.33135053485424,4,"[2, 29, 69, 107]"
4652,246886770,356.9121794822811,-25.689895431340833,3,"[29, 69, 107]"
4653,246939498,38.868633670925696,5.7559926432769455,4,"[42, 43, 70, 71]"
4654,246942458,39.0255474740809,5.4750608338723445,4,"[42, 43, 70, 71]"
4655,246943323,40.14133444384392,8.775211452032119,5,"[42, 58, 70, 71, 85]"
4656,267519701,210.7480615660154,-52.905625057865905,9,"[10, 11, 37, 99, 100, 111, 112, 113, 114]"
4657,267603216,136.98870387504311,-68.36002142600778,9,"[7, 8, 34, 35, 61, 62, 87, 88, 89]"
4658,292273261,46.69845067106228,31.814912479714827,3,"[18, 58, 85]"
4659,292234186,241.4816473857894,-44.173306379463895,9,"[11, 12, 38, 65, 99, 100, 101, 113, 114]"
4660,247012680,42.49357338145228,8.293471033165098,7,"[18, 42, 43, 44, 58, 70, 85]"
4661,247056498,111.99853804182801,-8.992477268705514,7,"[7, 44, 45, 46, 71, 72, 87]"
4662,247087539,112.13017400588011,-7.854015142425803,7,"[7, 44, 45, 46, 71, 72, 87]"
4663,247139895,112.58315322725153,-5.7964817475677375,5,"[44, 45, 46, 71, 72]"
4664,247250544,326.80512218125233,41.490968766303084,5,"[15, 41, 55, 82, 120]"
4665,267806071,23.94051283711108,26.143234191298625,3,"[17, 57, 84]"
4666,292467249,45.554476639507136,27.88933672721745,3,"[18, 58, 85]"
4667,292422455,235.43079375935872,-37.58018256654605,8,"[11, 38, 65, 99, 101, 102, 113, 114]"
4668,222130550,257.4664994619218,-36.28655096961041,7,"[12, 39, 66, 93, 100, 102, 103]"
4669,222012610,257.04449415329253,-35.72651077448077,7,"[12, 39, 66, 93, 100, 102, 103]"
4670,247364215,321.0108585505528,43.1977453216819,5,"[14, 15, 41, 55, 120]"
4671,247433945,45.95337769766696,2.660505828012395,5,"[42, 43, 44, 70, 71]"
4672,247535547,257.5484100581651,-20.57014813543387,5,"[12, 39, 66, 93, 103]"
4673,247561578,86.33638225304199,-7.3052620725961726,7,"[6, 43, 44, 45, 71, 72, 98]"
4674,268046766,140.99135164440102,-68.91273031831186,9,"[7, 8, 9, 34, 35, 61, 62, 88, 89]"
4675,292728463,48.20627974026099,31.07826043611588,3,"[18, 58, 85]"
4676,247761026,87.40103060218068,-10.764504685166266,7,"[6, 43, 44, 45, 71, 72, 98]"
4677,222340053,286.61668846691447,28.84031842650623,2,"[54, 80]"
4678,247919395,88.12260064916852,-9.255106844946587,6,"[6, 33, 44, 45, 71, 72]"
4679,248046660,338.59645339607937,37.97279041920325,5,"[15, 55, 56, 82, 121]"
4680,248039969,339.5781827835933,39.829144835831976,6,"[15, 55, 56, 82, 83, 121]"
4681,248052037,345.2443205982927,1.1043161037591982,3,"[42, 70, 92]"
4682,268181483,142.0880486807665,-69.23585573944014,9,"[7, 8, 9, 34, 35, 61, 62, 88, 89]"
4683,268181496,142.0484652753721,-69.23243564065673,9,"[7, 8, 9, 34, 35, 61, 62, 88, 89]"
4684,268221148,70.22487240638947,6.218363374246081,5,"[19, 43, 44, 70, 71]"
4685,268215639,330.04528873504756,29.421342157614617,1,[55]
4686,268332706,89.54652428781952,71.90242605810876,17,"[14, 18, 19, 20, 25, 26, 40, 47, 52, 53, 59, 60, 73, 74, 79, 86, 119]"
4687,268340110,141.28434834850592,-67.99775344751983,9,"[7, 8, 9, 34, 35, 61, 62, 88, 89]"
4688,268385933,322.2727651403239,65.35544468169815,14,"[14, 15, 41, 54, 55, 56, 74, 75, 76, 81, 82, 119, 120, 121]"
4689,292981142,48.92497349273857,30.589490944749183,2,"[18, 85]"
4690,292982034,49.34670917811367,31.422326016882987,2,"[18, 85]"
4691,248187985,214.20138000064705,-37.13294204159936,7,"[11, 37, 64, 100, 101, 112, 114]"
4692,248194676,311.59678639254776,12.46529239467665,3,"[54, 81, 92]"
4693,248215473,311.87686812942997,12.090725480553825,2,"[81, 92]"
4694,268472956,210.77357063993176,-52.2546938537306,9,"[10, 11, 37, 99, 100, 111, 112, 113, 114]"
4695,268565917,107.03640076598637,-27.91871780021169,4,"[7, 33, 87, 111]"
4696,293208492,253.3831425399543,-18.060509840098213,3,"[66, 93, 103]"
4697,293228326,108.67795274322003,-16.62713515415016,3,"[7, 33, 87]"
4698,293253336,116.99385706940527,-1.553009384045231,5,"[44, 45, 46, 71, 72]"
4699,293279425,117.04544055605592,-0.8812397490537329,4,"[44, 45, 46, 71]"
4700,293305996,5.662218259206272,1.6839743082852094,3,"[42, 43, 70]"
4701,248320609,265.9251684051984,-19.781161952801263,3,"[12, 39, 104]"
4702,248345334,14.80468227538693,-8.19968793455117,6,"[3, 30, 42, 43, 70, 97]"
4703,248352770,14.413018213527723,-11.409140757204392,5,"[3, 30, 43, 70, 97]"
4704,248381971,15.216294345798651,-11.961385037280929,4,"[3, 30, 70, 97]"
4705,248383125,16.87943280538686,-8.228684816800437,6,"[3, 30, 42, 43, 70, 97]"
4706,248381643,15.150414825886214,-11.717361392154311,4,"[3, 30, 70, 97]"
4707,248387672,16.8829301730417,-9.643438963979099,6,"[3, 30, 42, 43, 70, 97]"
4708,248401418,75.00357303202148,-27.917046183603606,4,"[5, 32, 98, 110]"
4709,248396674,75.01734072262374,-27.405003862516065,4,"[5, 32, 98, 110]"
4710,248411315,75.58931310579423,-27.25663804355503,3,"[5, 32, 110]"
4711,248448574,76.51800710956078,-25.362447426855745,4,"[5, 32, 98, 110]"
4712,248429983,75.68833321956751,-26.109709601116354,3,"[5, 32, 110]"
4713,248430121,75.70087098224472,-25.812859288847893,3,"[5, 32, 110]"
4714,248430208,75.71491565338971,-25.628196436634653,3,"[5, 32, 110]"
4715,268721219,33.15414943734512,59.886569587505136,7,"[17, 18, 24, 57, 58, 84, 85]"
4716,293369666,358.31316394118016,3.1428381237447955,2,"[42, 70]"
4717,293434196,25.802687382885434,-7.027723075646694,4,"[42, 43, 70, 97]"
4718,293434251,25.849233997268783,-6.778004680108034,4,"[42, 43, 70, 97]"
4719,293413685,130.8386524850053,-5.610380428672459,4,"[44, 45, 46, 72]"
4720,223008902,288.3793676571831,33.41687888111377,2,"[54, 80]"
4721,248555690,320.37432950964535,12.75330569472916,3,"[55, 82, 92]"
4722,248611592,63.306254686376015,-24.981336659739956,5,"[5, 32, 98, 109, 110]"
4723,268858501,22.03458416103083,-34.687099181001855,5,"[3, 30, 97, 107, 108]"
4724,268988118,210.38739087380418,-51.76181779358174,10,"[10, 11, 37, 64, 99, 100, 111, 112, 113, 114]"
4725,269022223,324.3976145219623,9.547272641003998,4,"[55, 82, 92, 116]"
4726,293607951,76.92818944004455,-8.75279822813472,6,"[5, 32, 43, 44, 71, 98]"
4727,293608218,76.95980769139481,-8.393205721432931,6,"[5, 32, 43, 44, 71, 98]"
4728,248689603,65.42501442774746,-26.628687190610556,5,"[5, 32, 98, 109, 110]"
4729,248741750,314.65373124585346,12.408280133720876,3,"[55, 81, 92]"
4730,248823275,316.00144195949537,12.749940566212967,2,"[55, 81]"
4731,248854037,315.95888621134316,11.054559010946546,3,"[55, 81, 92]"
4732,248854510,316.18284793049133,11.768112472464447,3,"[55, 81, 92]"
4733,269193263,96.03305306944414,58.26686178769035,10,"[19, 20, 26, 47, 53, 59, 60, 73, 74, 119]"
4734,293625605,160.27837419180372,-21.293333163284622,6,"[9, 35, 62, 89, 100, 113]"
4735,269153126,326.5546833900145,13.023272321866367,2,"[55, 82]"
4736,293807888,336.5351430455824,75.43915283472008,24,"[14, 15, 16, 17, 20, 23, 40, 41, 47, 50, 54, 55, 56, 60, 74, 75, 76, 77, 81, 82, 83, 119, 120, 121]"
4737,293782507,96.00125446025334,-19.11060414263145,4,"[6, 33, 87, 111]"
4738,248959865,19.567774613694734,-10.459058849327082,7,"[3, 30, 42, 43, 70, 97, 108]"
4739,248983467,18.638895277552095,-13.933593638297541,3,"[3, 30, 108]"
4740,249028219,77.71737902738622,-24.373070873153075,4,"[5, 32, 98, 110]"
4741,249031125,77.51763850640121,-27.757894753583457,3,"[5, 32, 98]"
4742,249076418,78.6451375132403,-26.111705704022427,4,"[5, 32, 98, 110]"
4743,269256949,150.0316910580754,-70.39207970856425,11,"[7, 8, 9, 34, 35, 36, 61, 62, 63, 88, 89]"
4744,269425943,326.72327006408034,8.362507349426965,5,"[42, 55, 82, 92, 116]"
4745,269445868,287.4755512243268,-17.979947646110105,2,"[67, 94]"
4746,293839966,77.72526627449204,-9.362014640385294,5,"[5, 32, 43, 71, 98]"
4747,293975288,138.7329568617,-77.86118328256603,39,"[2, 3, 4, 5, 6, 7, 8, 9, 10, 12, 13, 27, 29, 30, 31, 32, 33, 34, 35, 36, 37, 39, 61, 62, 63, 66, 67, 68, 69, 87, 88, 89, 90, 93, 94, 95, 96, 97, 98]"
4748,223748240,288.7434859664604,28.921530229143727,2,"[54, 80]"
4749,223684339,252.0173816449511,-23.383056362768432,3,"[12, 39, 103]"
4750,269506227,11.423109773314913,-8.969129597388477,6,"[3, 30, 42, 43, 70, 97]"
4751,269531340,11.993605734384841,-8.113514765857593,6,"[3, 30, 42, 43, 70, 97]"
4752,269566777,148.8264126233321,-68.92125033975766,10,"[7, 8, 9, 34, 35, 36, 61, 62, 88, 89]"
4753,269578387,326.52172223623825,35.71842027726853,2,"[55, 82]"
4754,269630496,58.959431846439486,-21.413195641618085,3,"[5, 32, 109]"
4755,269630619,59.064002855439874,-20.98134113786002,3,"[5, 32, 109]"
4756,269702062,36.18376442114537,59.30390498133925,8,"[17, 18, 24, 57, 58, 78, 84, 85]"
4757,269665934,13.494718426300745,77.44064726083833,34,"[14, 15, 16, 17, 18, 19, 21, 22, 24, 25, 41, 48, 49, 51, 55, 56, 57, 58, 59, 60, 73, 75, 76, 77, 78, 79, 82, 83, 84, 85, 86, 117, 120, 121]"
4758,294125876,92.82257393357426,-9.77267762357467,7,"[33, 43, 44, 45, 71, 72, 87]"
4759,294127144,243.7434811973723,-46.52830748263744,10,"[12, 38, 39, 65, 99, 100, 101, 102, 113, 114]"
4760,294208349,141.597091807004,-77.63674316883845,39,"[2, 3, 4, 5, 6, 7, 8, 9, 10, 12, 13, 27, 29, 30, 32, 33, 34, 35, 36, 37, 39, 61, 62, 63, 66, 67, 68, 69, 87, 88, 89, 90, 93, 94, 95, 96, 97, 98]"
4761,294188923,183.3091647284062,-47.18550339791164,10,"[9, 10, 36, 63, 90, 100, 110, 111, 112, 113]"
4762,249713057,295.39100141857654,18.89576665892815,1,[54]
4763,249747565,10.720324602855147,53.682024267796926,8,"[16, 17, 56, 57, 76, 77, 83, 84]"
4764,249736205,295.9016526890126,21.396078903417497,2,"[54, 81]"
4765,269742895,279.8957955229458,-72.7974240503014,13,"[1, 12, 13, 27, 28, 39, 65, 66, 67, 68, 93, 94, 95]"
4766,269771180,303.43966741769594,-10.208625910197776,5,"[27, 67, 92, 95, 116]"
4767,269753965,89.91715932123597,-1.8351044210062972,5,"[43, 44, 45, 71, 72]"
4768,269831195,306.1965245744669,-5.577291528409633,2,"[92, 116]"
4769,269832851,305.5886988443396,-8.030640618726338,5,"[1, 27, 92, 95, 116]"
4770,269893489,51.16939663670559,14.444067809804233,3,"[18, 58, 85]"
4771,269885278,305.4266914999433,-10.86725846559565,5,"[1, 27, 92, 95, 116]"
4772,269944018,306.0398530819503,-9.76780605328751,5,"[1, 27, 92, 95, 116]"
4773,294327312,146.0196871760693,-78.25580835556563,43,"[1, 2, 3, 4, 5, 6, 7, 9, 10, 11, 12, 13, 27, 28, 29, 30, 31, 32, 33, 34, 35, 36, 37, 38, 39, 61, 62, 63, 64, 66, 67, 68, 69, 87, 88, 89, 90, 93, 94, 95, 96, 97, 98]"
4774,294377724,330.18959792690714,67.14057171627162,14,"[14, 15, 16, 41, 54, 55, 56, 75, 76, 81, 82, 83, 120, 121]"
4775,224211670,295.8287595324845,27.17523219079413,2,"[54, 81]"
4776,249864448,295.4991644322803,16.653097224205787,2,"[54, 81]"
4777,269947048,51.555879714648555,13.48381953231082,3,"[18, 58, 85]"
4778,269995013,307.1546927689874,-7.029191840027749,4,"[1, 27, 92, 116]"
4779,270025956,214.96773449471607,-18.17202780504603,3,"[11, 37, 64]"
4780,270034306,306.8042708160888,-8.590323687377813,5,"[1, 27, 92, 95, 116]"
4781,270042824,115.17910592627415,-13.338563838641956,2,"[7, 34]"
4782,270101243,321.98670036135053,-15.343098275266456,5,"[1, 28, 68, 95, 106]"
4783,270101561,322.3048706735526,-14.402584586440916,5,"[1, 28, 68, 95, 106]"
4784,294501689,121.3767117110384,-6.3620342763006,7,"[7, 34, 44, 45, 46, 71, 72]"
4785,294560973,241.32328352179115,-42.096925803245966,10,"[11, 12, 38, 65, 99, 100, 101, 102, 113, 114]"
4786,294540814,268.1535975604697,-45.23104645287991,9,"[12, 13, 39, 66, 93, 101, 102, 103, 114]"
4787,294603115,331.21842421245753,67.30782395699293,13,"[14, 15, 16, 41, 54, 55, 56, 75, 76, 81, 83, 120, 121]"
4788,224262823,338.2350410860044,-30.402621238488045,5,"[2, 29, 69, 96, 106]"
4789,224284988,338.5616555583351,-34.992057655160835,6,"[2, 29, 69, 96, 103, 105]"
4790,224292240,151.0614728881103,51.65702938215623,8,"[15, 21, 22, 41, 48, 75, 120, 121]"
4791,224312220,197.17626433311017,69.13079710876806,10,"[16, 22, 23, 24, 49, 50, 51, 76, 77, 121]"
4792,224325026,241.4130856181407,55.60516011813248,6,"[25, 51, 52, 78, 79, 117]"
4793,224329387,242.06723729192265,55.14932940352709,6,"[25, 51, 52, 78, 79, 117]"
4794,270225094,329.9727163241151,15.10081023854182,1,[55]
4795,270262695,188.37692245147142,-28.430416720619952,7,"[10, 36, 63, 90, 100, 101, 114]"
4796,270258076,254.83177707454428,70.45092344796024,12,"[24, 25, 26, 51, 52, 53, 78, 79, 80, 117, 118, 119]"
4797,270265624,186.19058868253646,-24.034639818200585,6,"[10, 36, 63, 100, 101, 114]"
4798,294870403,335.8128826708538,-82.75083596614932,43,"[1, 2, 3, 4, 6, 7, 8, 9, 10, 11, 12, 13, 27, 28, 29, 30, 31, 32, 33, 34, 36, 37, 38, 39, 61, 62, 63, 64, 65, 66, 67, 68, 69, 87, 88, 89, 90, 93, 94, 95, 96, 97, 98]"
4799,224600500,222.505773825987,79.38898158213638,48,"[14, 15, 16, 17, 18, 19, 20, 21, 22, 23, 24, 25, 26, 40, 41, 47, 48, 49, 50, 51, 52, 53, 54, 55, 56, 57, 58, 59, 60, 73, 74, 75, 76, 77, 78, 79, 80, 81, 82, 83, 84, 85, 86, 117, 118, 119, 120, 121]"
4800,224463111,281.72400967662566,3.7936359764302945,2,"[92, 116]"
4801,224604365,223.21855912948988,79.58917000193593,46,"[14, 15, 16, 17, 18, 19, 20, 21, 22, 23, 24, 25, 26, 40, 41, 47, 48, 49, 50, 52, 53, 54, 55, 56, 57, 58, 59, 60, 73, 74, 75, 77, 78, 79, 80, 81, 82, 83, 84, 85, 86, 117, 118, 119, 120, 121]"
4802,270371513,32.220795359377604,-6.658815279373539,6,"[4, 31, 42, 43, 70, 71]"
4803,270371961,31.577364729114493,-8.785653450438438,6,"[4, 31, 42, 43, 70, 71]"
4804,270377865,335.93043667346694,-18.209669945989088,5,"[2, 29, 69, 96, 106]"
4805,270406421,31.912583913914364,-9.2414611264443,6,"[4, 31, 42, 43, 70, 71]"
4806,270467446,206.08266247854678,4.9047854244938245,2,"[91, 115]"
4807,270432324,31.7944919839317,-12.10335935359961,4,"[4, 31, 70, 71]"
4808,270480141,32.68236393944166,-11.203182654866923,6,"[4, 31, 42, 43, 70, 71]"
4809,270483647,314.56121175175554,-20.453958523617207,5,"[1, 28, 68, 95, 106]"
4810,270499718,315.5549480139739,-17.77737133606296,1,[68]
4811,270488291,136.2170105945538,-10.796438276562325,8,"[8, 34, 44, 45, 46, 61, 72, 88]"
4812,270577175,82.5399025949804,-74.42315451014409,10,"[4, 5, 6, 7, 32, 33, 34, 87, 95, 98]"
4813,270582021,327.6766361913733,-19.039277920803208,3,"[1, 28, 106]"
4814,270613669,311.3217244249248,64.02565007781915,12,"[14, 15, 40, 41, 54, 55, 74, 75, 81, 82, 119, 120]"
4815,270622440,345.0790140643399,-28.532753825014687,5,"[2, 29, 96, 106, 107]"
4816,270609000,309.58547343371595,62.16430329934412,12,"[14, 15, 40, 41, 54, 55, 74, 75, 81, 82, 119, 120]"
4817,224702098,321.17898159311227,34.225066368093195,2,"[55, 82]"
4818,270650208,138.46877154882463,-13.332055130680445,5,"[8, 34, 61, 88, 99]"
4819,270639162,243.40367962092975,22.236729767534037,1,[117]
4820,270722117,37.85275196974026,58.896402081290205,7,"[17, 18, 57, 58, 78, 84, 85]"
4821,270730826,34.31141408115465,57.11768522570355,9,"[17, 18, 24, 57, 58, 77, 78, 84, 85]"
4822,270826460,249.6724484720508,23.154875027319882,1,[117]
4823,270831393,249.33743696714083,26.163374583938833,1,[117]
4824,270855923,313.6503150738626,65.6211354750919,10,"[14, 15, 40, 74, 75, 81, 82, 119, 120, 121]"
4825,270917741,249.64810122325355,27.419295736155203,1,[117]
4826,270969939,250.3991880057637,23.31726839487154,1,[117]
4827,295412684,336.8459967727994,68.93421091545352,13,"[14, 15, 16, 41, 55, 56, 75, 76, 81, 82, 83, 120, 121]"
4828,271096331,116.51627597163697,-10.258683621194638,7,"[7, 34, 44, 45, 46, 71, 72]"
4829,271204362,120.13799427800203,-13.18988043966072,4,"[7, 34, 61, 88]"
4830,271282342,287.2371442922148,-21.334979522775345,6,"[13, 27, 67, 94, 104, 105]"
4831,271346807,312.1818706415879,62.66388710483034,12,"[14, 15, 40, 41, 54, 55, 74, 75, 81, 82, 119, 120]"
4832,271480023,295.2194420567506,-9.652672000882903,4,"[67, 92, 94, 116]"
4833,295711312,333.08943965994956,66.3969762870028,12,"[14, 15, 16, 41, 55, 75, 76, 81, 82, 83, 120, 121]"
4834,295822819,113.09137188794766,-36.4363639732016,7,"[7, 33, 34, 87, 108, 110, 111]"
4835,295770044,257.0825817257036,-51.395350423631506,10,"[12, 39, 65, 66, 93, 100, 101, 102, 113, 114]"
4836,295826386,113.35253560723693,-37.49220625707807,7,"[7, 33, 34, 87, 108, 110, 111]"
4837,296081957,272.87032013532024,43.46227460363721,4,"[26, 40, 53, 118]"
4838,271503441,326.58616258104706,-57.35143852355663,10,"[1, 2, 28, 29, 68, 69, 95, 96, 103, 104]"
4839,271497210,118.58215369597373,-14.873028082383817,3,"[7, 34, 88]"
4840,271580224,289.7781046371674,-55.323964558906354,8,"[13, 27, 67, 94, 101, 102, 103, 114]"
4841,271677262,137.6897405035612,-45.50014670956282,8,"[8, 34, 35, 61, 88, 110, 111, 112]"
4842,271545295,315.0617800339593,65.0691250387297,12,"[14, 15, 40, 41, 55, 74, 75, 81, 82, 119, 120, 121]"
4843,271685292,138.33348323103658,-46.55928854036414,7,"[8, 34, 35, 61, 88, 110, 112]"
4844,271791378,318.49919599364785,5.404690894351443,2,"[92, 116]"
4845,271830317,36.05507504109011,56.942789800119954,9,"[17, 18, 24, 57, 58, 77, 78, 84, 85]"
4846,296116112,242.3561299443145,-42.79800838034954,8,"[11, 12, 38, 65, 99, 100, 101, 114]"
4847,296182274,113.45596411555778,-36.7295925912562,7,"[7, 33, 34, 87, 108, 110, 111]"
4848,296449358,177.09144179541613,-62.08325073750335,8,"[9, 10, 35, 36, 62, 63, 89, 90]"
4849,271972463,240.07925098188738,-78.29782293717795,41,"[1, 2, 3, 4, 5, 6, 7, 8, 9, 10, 11, 12, 13, 27, 28, 29, 30, 31, 32, 33, 34, 35, 36, 37, 38, 39, 61, 62, 63, 64, 65, 66, 67, 87, 88, 89, 90, 93, 94, 97, 98]"
4850,272006379,340.8680292971019,12.868066606667321,2,"[56, 82]"
4851,272118101,247.79157475887834,-40.62854946946487,9,"[12, 39, 65, 100, 101, 102, 103, 113, 114]"
4852,272427921,226.56172783252026,-77.96611306279281,41,"[2, 3, 4, 5, 6, 7, 8, 9, 10, 12, 13, 27, 28, 29, 30, 31, 32, 33, 34, 35, 36, 37, 38, 39, 61, 62, 63, 64, 65, 66, 67, 69, 87, 89, 90, 93, 94, 96, 97, 98]"
4853,296727317,149.736808381403,-28.180928575977713,7,"[8, 35, 62, 89, 99, 112, 113]"
4854,296739287,231.7970048912852,28.914491431130344,2,"[51, 117]"
4855,296740796,232.399642535086,26.53905960298271,2,"[51, 117]"
4856,296688052,220.98724985058846,-58.50713747320677,11,"[10, 11, 37, 38, 64, 65, 99, 100, 112, 113, 114]"
4857,296883021,165.5446505397581,-20.13114995605554,6,"[9, 35, 62, 89, 100, 113]"
4858,296858769,230.76644011457907,30.20981337937754,2,"[51, 117]"
4859,296978049,181.5203360722051,-17.755955077494185,3,"[63, 90, 114]"
4860,296940878,166.09358791960761,-21.104272346231042,5,"[9, 35, 62, 89, 113]"
4861,296973379,179.41048588892255,-13.802152163278867,4,"[9, 63, 90, 114]"
4862,296999294,178.02662374158055,-62.047445416878084,8,"[9, 10, 35, 36, 62, 63, 89, 90]"
4863,272465299,232.6342625940759,24.627555166815853,2,"[51, 117]"
4864,272595871,234.35826578839712,21.0251937883708,2,"[51, 117]"
4865,272581419,217.89795526398734,-48.72396221218121,8,"[11, 37, 38, 64, 99, 101, 113, 114]"
4866,272613770,214.80073402928338,48.55960905839333,5,"[24, 50, 51, 77, 78]"
4867,272554072,189.46187490387132,-50.92815343061902,11,"[9, 10, 36, 37, 63, 90, 99, 100, 111, 112, 113]"
4868,272482277,216.72644012168956,-47.79647321687815,9,"[11, 37, 38, 64, 99, 100, 101, 113, 114]"
4869,272673874,234.572679988944,22.02822418320537,2,"[51, 117]"
4870,272680526,154.3047799691211,76.59561740302827,29,"[14, 16, 17, 20, 21, 22, 23, 26, 40, 41, 47, 48, 49, 50, 54, 56, 57, 60, 74, 75, 76, 77, 80, 81, 83, 84, 119, 120, 121]"
4871,272669737,158.2849255964418,76.05461307532757,28,"[14, 15, 16, 17, 20, 21, 22, 23, 40, 41, 47, 48, 49, 50, 54, 56, 57, 74, 75, 76, 77, 80, 81, 83, 84, 119, 120, 121]"
4872,272698772,234.32764518364937,24.007102717214607,2,"[51, 117]"
4873,272783172,155.4006538531223,77.92862264635325,40,"[14, 16, 17, 18, 19, 20, 21, 22, 23, 24, 26, 40, 41, 47, 48, 49, 50, 51, 53, 54, 55, 56, 57, 60, 74, 75, 76, 77, 78, 79, 80, 81, 83, 84, 117, 118, 119, 120, 121]"
4874,297060389,221.62215906969186,-57.59171547626788,9,"[11, 37, 38, 64, 65, 99, 112, 113, 114]"
4875,297138738,192.21927605393392,-9.316497819448454,6,"[10, 46, 63, 90, 91, 115]"
4876,297244521,173.09682895002064,-59.0372759800641,9,"[9, 35, 36, 62, 63, 89, 90, 111, 112]"
4877,297236135,255.0601480283746,23.433891613770943,1,[117]
4878,297233166,254.77826347574438,26.15954441487506,1,[117]
4879,297376634,234.65513607390918,4.846094145988198,2,"[91, 115]"
4880,273169714,343.43893090859115,59.167887240332405,7,"[15, 16, 55, 56, 76, 82, 83]"
4881,273268965,281.1299798743317,-61.78332838071505,7,"[27, 39, 66, 67, 93, 94, 102]"
4882,273322273,281.8117694798399,-61.83192530146288,6,"[27, 39, 66, 67, 93, 94]"
4883,297503736,255.48884168762723,27.215013398201716,2,"[117, 118]"
4884,297814619,266.53677677768957,15.412552558430455,1,[118]
4885,297804258,336.18129583208145,33.21166926315848,2,"[55, 82]"
4886,297730463,174.55976539811792,-59.65809967141742,10,"[9, 10, 35, 36, 62, 63, 89, 90, 111, 112]"
4887,297875115,336.2754467110547,33.54990803785006,2,"[55, 82]"
4888,297915155,313.18671304413743,42.79747286890239,7,"[14, 41, 54, 55, 81, 82, 120]"
4889,297967252,175.82477098156872,-60.32100540392905,10,"[9, 10, 35, 36, 62, 63, 89, 90, 111, 112]"
4890,273621988,319.5351632907907,59.73103179840573,11,"[14, 15, 41, 54, 55, 74, 75, 81, 82, 120, 121]"
4891,273594287,320.9174095229174,65.96747285567501,12,"[14, 15, 41, 54, 56, 74, 75, 81, 82, 119, 120, 121]"
4892,273676276,308.8808880831245,29.138207584084196,2,"[54, 81]"
4893,273733561,284.3374348718714,-63.52642485256423,6,"[13, 27, 66, 67, 93, 94]"
4894,273879617,22.76620902583256,-35.04524462271454,5,"[3, 30, 97, 107, 108]"
4895,273945912,298.9748996797085,-69.86718162721598,10,"[1, 13, 27, 28, 66, 67, 68, 93, 94, 95]"
4896,298108871,152.56483585080684,64.83194995535709,10,"[14, 15, 16, 22, 41, 48, 75, 76, 120, 121]"
4897,298165335,182.70049957041994,63.03885102117701,8,"[16, 22, 23, 49, 50, 76, 77, 121]"
4898,298275012,253.8330994689249,-41.063060682010935,10,"[39, 65, 66, 93, 100, 101, 102, 103, 113, 114]"
4899,298421117,324.65279393517227,43.40151103915234,5,"[14, 15, 41, 55, 120]"
4900,298434919,206.11288986717716,32.920288236295306,2,"[23, 50]"
4901,274016986,359.1297109142082,-59.9866729539015,9,"[2, 3, 29, 30, 69, 96, 97, 104, 105]"
4902,274017080,359.94150864085555,-59.43871552757222,9,"[2, 3, 29, 30, 69, 96, 97, 104, 105]"
4903,274144464,261.153218308607,-68.71577532542616,10,"[12, 13, 27, 38, 39, 65, 66, 67, 93, 94]"
4904,274212289,53.13723489175585,-14.862211712206353,2,"[31, 109]"
4905,274242788,135.8627787252493,44.49078410304674,3,"[21, 48, 75]"
4906,274230814,116.66152955389279,-17.49447599339621,2,"[7, 88]"
4907,274242146,229.77949968300837,70.68034302946961,10,"[23, 24, 25, 50, 51, 52, 77, 78, 79, 117]"
4908,274312171,230.8118834564915,70.74697237037783,10,"[24, 25, 50, 51, 52, 77, 78, 79, 117, 118]"
4909,298554889,273.9555481268194,73.12539433697427,16,"[14, 25, 40, 41, 52, 54, 58, 74, 79, 80, 81, 85, 117, 118, 119, 120]"
4910,298610959,266.94951300955245,45.73122200337488,6,"[26, 52, 53, 79, 80, 118]"
4911,298810162,67.30973916408144,-24.30532408860898,4,"[5, 32, 98, 110]"
4912,274375655,97.86544341785353,24.58683442378219,3,"[20, 60, 73]"
4913,274600040,235.36020476605634,74.27695848614005,17,"[23, 24, 25, 26, 50, 51, 52, 53, 57, 73, 77, 78, 79, 80, 84, 117, 118]"
4914,274725446,241.12333372433423,72.9867946894702,13,"[24, 26, 50, 51, 53, 57, 77, 78, 79, 80, 84, 117, 118]"
4915,274764311,317.98538468392064,56.82238284758935,9,"[14, 15, 41, 54, 55, 74, 75, 81, 82]"
4916,274778177,319.69656695101827,58.972929008614585,10,"[14, 15, 41, 54, 55, 74, 75, 81, 82, 120]"
4917,298896136,307.652974387818,70.9484201547153,14,"[26, 40, 41, 53, 54, 55, 74, 75, 80, 81, 82, 119, 120, 121]"
4918,298896144,307.6574155041714,70.94979676655998,14,"[26, 40, 41, 53, 54, 55, 74, 75, 80, 81, 82, 119, 120, 121]"
4919,299000970,287.82035678993685,36.44082329907369,3,"[53, 54, 80]"
4920,299099849,17.343884026384913,-13.795669885275823,4,"[3, 30, 97, 108]"
4921,299219710,310.0099007626414,70.61575648677992,15,"[14, 15, 40, 41, 53, 54, 55, 74, 75, 80, 81, 82, 119, 120, 121]"
4922,274836089,335.5427482712184,23.871286580376733,2,"[55, 82]"
4923,274977079,248.24938849363943,66.28093316864278,11,"[24, 25, 26, 51, 52, 53, 78, 79, 80, 117, 118]"
4924,299292029,5.365194419527354,48.04764985356429,7,"[16, 56, 57, 76, 77, 83, 84]"
4925,299475000,177.60366159252465,-60.24940939423663,9,"[9, 10, 35, 36, 62, 63, 89, 90, 111]"
4926,299315787,92.73170152981909,-29.127902725373552,4,"[33, 87, 110, 111]"
4927,299493163,45.89580756414764,69.95832851071543,15,"[17, 18, 19, 24, 25, 52, 57, 58, 59, 77, 78, 79, 84, 85, 86]"
4928,299755463,311.2561091705776,-50.25410958461708,8,"[1, 27, 28, 67, 68, 95, 102, 104]"
4929,299968643,146.3811498356931,-28.176629935875972,6,"[35, 62, 89, 99, 112, 113]"
4930,300015238,219.84938235777426,-82.62098017841856,42,"[1, 2, 3, 5, 6, 7, 8, 9, 10, 11, 12, 13, 27, 28, 29, 30, 32, 33, 35, 36, 37, 38, 39, 61, 62, 63, 64, 65, 66, 67, 68, 69, 87, 88, 89, 90, 93, 94, 95, 96, 97, 98]"
4931,397558463,178.6690014679435,11.229676265268015,4,"[46, 49, 72, 115]"
4932,300081980,292.27483979811205,-16.436496455138574,4,"[13, 27, 94, 105]"
4933,300160320,225.8943662411034,-81.4726102359151,43,"[2, 3, 4, 5, 6, 7, 8, 9, 10, 12, 13, 27, 28, 29, 30, 31, 32, 33, 34, 35, 36, 37, 38, 39, 61, 62, 63, 64, 65, 66, 67, 68, 69, 87, 88, 89, 90, 93, 94, 95, 96, 97, 98]"
4934,300088321,198.14813399446703,-82.90813801254173,43,"[1, 2, 3, 4, 5, 6, 7, 8, 9, 11, 12, 13, 27, 28, 29, 30, 31, 32, 33, 34, 35, 36, 37, 38, 39, 61, 62, 63, 64, 65, 66, 67, 68, 69, 87, 88, 89, 90, 93, 94, 95, 96, 98]"
4935,300329283,222.53507524469086,-81.0453147180053,44,"[1, 2, 3, 4, 5, 6, 7, 8, 9, 10, 11, 12, 13, 27, 28, 29, 30, 32, 33, 34, 35, 36, 37, 38, 39, 61, 62, 63, 64, 65, 66, 67, 68, 69, 87, 88, 89, 90, 93, 94, 95, 96, 97, 98]"
4936,300279840,292.3058120337143,-18.576187775789702,3,"[13, 27, 94]"
4937,375007305,313.3036428270374,24.732403303931815,2,"[55, 81]"
4938,375034557,133.93897775801076,-83.48977763534873,39,"[2, 3, 4, 5, 6, 7, 8, 9, 10, 12, 13, 27, 28, 29, 30, 32, 33, 34, 35, 36, 37, 38, 39, 61, 62, 63, 64, 66, 67, 69, 87, 89, 90, 93, 94, 95, 96, 97, 98]"
4939,300448625,203.81704681379222,-81.49788096185029,43,"[1, 2, 3, 4, 5, 6, 7, 8, 9, 10, 11, 12, 13, 28, 29, 30, 31, 32, 33, 34, 35, 36, 38, 39, 61, 62, 63, 64, 65, 66, 67, 68, 69, 87, 88, 89, 90, 93, 94, 95, 96, 97, 98]"
4940,300577888,315.78582753036903,-8.733707428171769,5,"[28, 68, 92, 95, 116]"
4941,300604036,204.60454486939798,-80.92012123479714,43,"[1, 2, 3, 4, 5, 6, 7, 8, 9, 10, 11, 12, 13, 28, 29, 30, 31, 32, 33, 34, 35, 36, 38, 39, 61, 62, 63, 64, 65, 66, 67, 68, 69, 87, 88, 89, 90, 93, 94, 95, 96, 97, 98]"
4942,300614319,294.2574762914559,-15.704239129752548,4,"[27, 67, 94, 105]"
4943,300523689,255.80459307236325,-42.43639771474892,10,"[12, 39, 66, 93, 100, 101, 102, 103, 113, 114]"
4944,300611652,293.8574484601818,-17.025867005479736,4,"[27, 67, 94, 105]"
4945,300611942,293.9101753049298,-16.71523674617337,4,"[27, 67, 94, 105]"
4946,300539557,293.71191528071057,34.18894650679652,2,"[54, 81]"
4947,325279209,292.3738563698668,-59.16966843725147,7,"[1, 13, 27, 67, 101, 102, 103]"
4948,350295056,68.81710306843252,-80.03524269916998,45,"[1, 2, 3, 4, 5, 6, 7, 8, 9, 10, 11, 12, 13, 27, 28, 29, 30, 31, 32, 33, 34, 35, 36, 37, 38, 39, 61, 62, 63, 64, 65, 66, 67, 68, 69, 87, 88, 89, 90, 93, 94, 95, 96, 97, 98]"
4949,350295877,71.68403746300879,-77.9237364524894,41,"[1, 2, 3, 4, 5, 6, 7, 8, 9, 10, 11, 12, 13, 27, 28, 29, 30, 31, 33, 34, 35, 36, 37, 38, 39, 61, 64, 65, 66, 67, 68, 69, 87, 88, 90, 93, 94, 95, 96, 97, 98]"
4950,350291529,132.2326006873083,-13.297592560865446,3,"[34, 61, 88]"
4951,350292351,132.09979226232934,-12.346132471703312,4,"[34, 61, 72, 88]"
4952,350316426,132.11488831918115,-11.932372938102535,4,"[34, 61, 72, 88]"
4953,350329445,164.00262623044202,-0.20674767233151387,2,"[46, 72]"
4954,350344057,69.12726567977673,-82.16078393029383,44,"[1, 2, 3, 4, 5, 6, 7, 8, 9, 10, 11, 12, 13, 27, 28, 29, 30, 31, 33, 34, 35, 36, 37, 38, 39, 61, 62, 63, 64, 65, 66, 67, 68, 69, 87, 88, 89, 90, 93, 94, 95, 96, 97, 98]"
4955,375092757,86.74151358662962,-76.05912212467905,20,"[1, 4, 5, 6, 7, 11, 28, 31, 32, 33, 34, 38, 61, 65, 67, 68, 87, 94, 95, 98]"
4956,375110879,295.5985767925422,33.387595716703736,2,"[54, 81]"
4957,375220187,315.3181251666705,28.82226195285668,2,"[55, 81]"
4958,300844158,293.99796014765207,-19.87179251152887,4,"[27, 67, 94, 105]"
4959,300703532,196.5298530327811,-80.42823708148491,45,"[1, 2, 3, 4, 5, 6, 7, 8, 9, 10, 11, 12, 13, 27, 28, 29, 30, 31, 32, 33, 34, 35, 36, 37, 38, 39, 61, 62, 63, 64, 65, 66, 67, 68, 69, 87, 88, 89, 90, 93, 94, 95, 96, 97, 98]"
4960,300887138,359.3638426878333,-2.741042996497622,2,"[42, 70]"
4961,300865934,190.73114561964286,-79.09495572496644,40,"[1, 2, 4, 5, 6, 7, 8, 9, 10, 11, 12, 27, 28, 29, 30, 31, 32, 34, 35, 36, 37, 38, 39, 61, 62, 63, 64, 65, 66, 67, 68, 69, 87, 88, 89, 93, 95, 96, 97, 98]"
4962,325548683,269.40012813591017,25.691730029563576,2,"[80, 118]"
4963,325687967,45.874214966882825,-44.341903041038215,6,"[4, 31, 105, 106, 107, 108]"
4964,350428676,163.89247921452753,4.203895440238561,2,"[46, 72]"
4965,350400686,164.84151990481695,1.269726601162695,3,"[45, 46, 72]"
4966,350475665,173.93660086223414,6.363576169324743,5,"[22, 45, 46, 49, 72]"
4967,350466558,256.1274313250354,-40.82042310742656,10,"[12, 39, 66, 93, 100, 101, 102, 103, 113, 114]"
4968,375459133,302.4217157614948,27.409887920190506,2,"[54, 81]"
4969,301049767,20.967783869814113,-60.977122007624466,7,"[3, 4, 30, 31, 97, 105, 106]"
4970,301051051,27.244133815573242,-58.11534651522839,7,"[3, 4, 30, 31, 97, 105, 106]"
4971,301081840,348.4169236219407,1.1766344085424152,3,"[42, 70, 92]"
4972,300997818,4.580629842170111,-52.85951875775314,8,"[3, 29, 30, 69, 97, 104, 105, 106]"
4973,301138089,348.6597281715327,-0.6953329613155202,2,"[42, 92]"
4974,301005579,210.16231751864038,-50.96501602986472,10,"[10, 11, 37, 64, 99, 100, 111, 112, 113, 114]"
4975,301174095,349.3302375360852,0.32868980299443273,1,[70]
4976,325691177,44.5893703320258,-47.652364134246575,6,"[4, 31, 105, 106, 107, 108]"
4977,325708264,47.349560661765096,-42.53982466393475,4,"[4, 31, 106, 107]"
4978,325862858,291.7178372554944,-3.0721275037126854,2,"[92, 116]"
4979,350673608,250.7167815311827,-17.346063408168504,3,"[12, 39, 103]"
4980,375520221,310.92510613407495,22.75321677760029,2,"[54, 81]"
4981,301192321,349.284841157793,-0.47077881246854186,2,"[42, 92]"
4982,301329955,352.5857103356531,2.07309298086971,3,"[42, 70, 92]"
4983,301268164,52.26572118585492,35.49957072383925,2,"[58, 85]"
4984,301345231,48.84228987815805,-23.337829391205315,3,"[4, 31, 109]"
4985,325945199,303.94083707076965,31.502417820241455,3,"[54, 81]"
4986,350843761,90.53132454385388,-81.54098288044005,44,"[1, 2, 3, 4, 5, 6, 7, 8, 9, 10, 11, 12, 13, 27, 28, 29, 30, 31, 32, 33, 34, 35, 37, 38, 39, 61, 62, 63, 64, 65, 66, 67, 68, 69, 87, 88, 89, 90, 93, 94, 95, 96, 97, 98]"
4987,350830666,280.31735961604903,34.02019002820622,2,"[80, 118]"
4988,350856014,256.76184415820825,-41.67202022850541,8,"[66, 93, 100, 101, 102, 103, 113, 114]"
4989,350858713,90.65478191280711,-78.3900514365953,42,"[1, 2, 3, 4, 5, 6, 7, 8, 9, 10, 11, 12, 13, 27, 28, 29, 30, 31, 32, 33, 34, 35, 37, 38, 39, 61, 62, 64, 65, 66, 67, 68, 69, 87, 88, 89, 93, 94, 95, 96, 97, 98]"
4990,375773150,311.5734094586888,22.54764194094441,2,"[54, 81]"
4991,375841183,209.77079888852265,-50.02329195611282,9,"[10, 11, 37, 64, 100, 111, 112, 113, 114]"
4992,375909191,36.28119244725554,65.97922243456475,9,"[18, 24, 25, 57, 58, 77, 78, 84, 85]"
4993,301549201,263.47083997270096,-45.69521591721589,9,"[12, 39, 66, 93, 100, 101, 102, 103, 114]"
4994,301560849,167.46361571579328,-2.7087442941212174,1,[45]
4995,301564622,51.907065729443254,-22.160627165503186,1,[31]
4996,301636441,298.78459759891075,-5.952937732664375,2,"[27, 92]"
4997,326096771,299.97337350226206,-7.046631641098031,3,"[27, 92, 116]"
4998,326194064,5.258605299263993,-28.566664363449963,3,"[3, 30, 107]"
4999,326202925,342.61084769178836,38.7550488384188,4,"[15, 56, 82, 83]"
5000,326241978,30.501206232367135,-36.09179769445039,6,"[4, 31, 97, 105, 107, 108]"
5001,326242565,32.106059638804766,-32.74967610839797,5,"[4, 31, 97, 108]"
5002,351165656,292.1406295873692,43.839215604076216,6,"[14, 40, 54, 80, 81, 119]"
5003,375934784,301.32072957202865,42.84090293817425,7,"[14, 40, 41, 54, 81, 119, 120]"
5004,375974338,318.60173005716746,23.88645520915299,2,"[55, 82]"
5005,376035167,204.6466137573281,-65.01859167931823,7,"[10, 11, 36, 38, 63, 64, 90]"
5006,301679207,242.10991216871963,11.146223275465012,3,"[91, 116, 117]"
5007,301766348,299.21347013994773,-5.08390155528168,2,"[92, 116]"
5008,301798379,44.32713586217963,4.0584743057770005,5,"[42, 43, 44, 70, 71]"
5009,301780349,105.22144258069862,-21.535305787932998,4,"[6, 33, 87, 111]"
5010,326282209,270.3074429306929,-14.64337400032637,5,"[13, 39, 66, 93, 104]"
5011,326300081,304.32779652950364,-5.944558192650418,2,"[92, 116]"
5012,326396699,317.52484383300833,-9.48644384466229,6,"[1, 28, 68, 92, 95, 116]"
5013,326358856,321.51837333963414,-5.596561632118675,1,[116]
5014,326448025,8.259843628430016,30.14706073995768,3,"[57, 83, 84]"
5015,326395505,314.1756822825662,-10.24632926324974,6,"[1, 28, 68, 92, 95, 116]"
5016,326467176,234.01123435447988,-45.315521928888586,10,"[11, 38, 65, 99, 100, 101, 102, 112, 113, 114]"
5017,326446531,9.329767056794214,32.18005488562193,2,"[57, 84]"
5018,326419771,270.3688816426077,-12.939248084074643,5,"[13, 39, 66, 93, 104]"
5019,351233996,287.0923429783553,-43.155095887319725,6,"[13, 27, 101, 102, 103, 104]"
5020,351239885,213.23305715811586,34.94318985389838,4,"[50, 51, 77, 78]"
5021,351343447,218.10404554432458,34.43484865079086,1,[51]
5022,351396508,291.51366277594155,-43.536871386904394,6,"[13, 27, 101, 102, 103, 104]"
5023,351354253,219.2305861819224,35.65729300667268,2,"[51, 78]"
5024,351354256,219.23177570305944,35.6509027002501,2,"[51, 78]"
5025,351368208,217.9053878393152,39.19943213175075,3,"[24, 51, 78]"
5026,376135345,281.0377210050829,-47.03510942897126,10,"[27, 66, 67, 93, 94, 101, 102, 103, 104, 114]"
5027,376231324,39.88000659628281,65.99862601688989,11,"[17, 18, 25, 52, 57, 58, 77, 78, 84, 85, 86]"
5028,376310255,321.4757830555146,17.891139039015858,1,[82]
5029,301842094,264.2532552377611,-43.72441405131663,7,"[12, 39, 100, 101, 102, 103, 114]"
5030,301880196,333.9157831492471,26.633049472723318,2,"[55, 82]"
5031,301882950,39.02697451040273,13.49485178584971,2,"[58, 85]"
5032,301941897,26.848748283007456,23.989984358913752,2,"[57, 84]"
5033,301956407,265.0577787247239,-46.77741302261632,10,"[12, 13, 39, 66, 93, 100, 101, 102, 103, 114]"
5034,326538408,229.45983198611245,-56.52765315219172,10,"[11, 38, 64, 65, 99, 100, 101, 112, 113, 114]"
5035,326591049,0.8047861362518877,53.65944173501192,5,"[56, 76, 77, 83, 121]"
5036,326514990,268.64362270075065,-28.283406133340826,6,"[13, 39, 66, 93, 103, 104]"
5037,351491907,248.8497401781943,40.273898104258784,4,"[25, 52, 79, 117]"
5038,351475845,293.85794588343566,-40.325347847660694,8,"[13, 27, 67, 94, 101, 102, 103, 104]"
5039,351532879,292.87894184424243,-42.75930546079749,6,"[13, 27, 94, 101, 102, 103]"
5040,351534793,294.18082112354784,-40.46661311527729,8,"[13, 27, 67, 94, 101, 102, 103, 104]"
5041,351535191,293.74515600569333,-41.2999177985334,7,"[27, 67, 94, 101, 102, 103, 104]"
5042,351453197,290.93968191376996,-45.116716048139445,6,"[13, 27, 67, 101, 102, 103]"
5043,351555777,292.0367152941654,-44.57267558596975,8,"[13, 27, 67, 94, 101, 102, 103, 104]"
5044,351564556,346.34657708509286,48.04544885756473,5,"[15, 56, 82, 83, 121]"
5045,351564587,346.4087144228222,48.045925292766626,5,"[15, 56, 82, 83, 121]"
5046,351604689,294.5520251460975,-40.47825907760192,7,"[13, 27, 67, 94, 101, 102, 103]"
5047,302134539,200.4663908229352,-73.44366652455909,13,"[9, 10, 11, 36, 37, 38, 62, 63, 64, 65, 89, 90, 96]"
5048,302064827,303.09561345925863,-6.319089129009365,3,"[27, 92, 116]"
5049,302158903,54.664833121887774,31.615837818223067,3,"[18, 58, 85]"
5050,302177099,267.39409686657683,31.950090399883205,2,"[80, 118]"
5051,302188141,120.96942845661204,7.463782206474255,6,"[44, 45, 46, 47, 71, 72]"
5052,302190036,14.808682717002943,11.669531720973499,5,"[17, 42, 43, 57, 84]"
5053,302190720,13.462141367641838,8.579070047951568,4,"[42, 43, 57, 84]"
5054,302205701,121.81144907403889,4.379841267128505,5,"[44, 45, 46, 71, 72]"
5055,326812578,37.5404242540278,30.351128202240947,3,"[17, 58, 85]"
5056,326826240,273.6472090546878,-25.389535954514415,4,"[13, 66, 93, 104]"
5057,351691285,49.20188008062735,53.49265466559653,6,"[18, 24, 25, 58, 78, 85]"
5058,376539957,87.5262524702652,50.92898492605136,9,"[19, 20, 26, 52, 53, 59, 60, 79, 86]"
5059,376655931,180.7398696252623,39.52630147146989,3,"[23, 49, 76]"
5060,376643089,32.75829593066292,63.52663609386843,9,"[17, 18, 24, 57, 58, 77, 78, 84, 85]"
5061,302331347,142.75820267939488,44.007320849936725,2,"[21, 75]"
5062,302332166,138.95724310573183,47.95750536951555,7,"[14, 15, 21, 41, 48, 75, 120]"
5063,302339904,81.9278875542961,-6.986670426649522,7,"[6, 32, 43, 44, 45, 71, 98]"
5064,302345588,82.01735466872525,-7.955090411517223,7,"[6, 32, 43, 44, 45, 71, 98]"
5065,302382413,24.847148883074073,-26.51559255848397,3,"[30, 97, 108]"
5066,302349701,142.3989152265559,44.72844648743213,2,"[21, 75]"
5067,326927305,251.83061317819352,22.355879272750407,1,[117]
5068,351886741,52.19950389381956,55.06949827459272,7,"[24, 25, 52, 58, 78, 85, 86]"
5069,351918129,273.834802930527,-54.77046777942591,12,"[12, 13, 39, 66, 67, 93, 94, 100, 101, 102, 103, 114]"
5070,376785713,178.52865884758103,3.348056643070547,3,"[46, 72, 115]"
5071,376813641,178.63600909313047,5.469089674372534,3,"[46, 72, 115]"
5072,376869778,71.13984102887554,79.86871079649852,46,"[14, 15, 16, 17, 18, 19, 20, 21, 22, 23, 24, 25, 26, 40, 41, 47, 48, 49, 50, 51, 53, 54, 55, 56, 57, 58, 60, 73, 74, 75, 76, 77, 78, 79, 80, 81, 82, 83, 84, 85, 86, 117, 118, 119, 120, 121]"
5073,376876985,181.58639252638804,1.3663729270692413,3,"[46, 91, 115]"
5074,376904850,19.87415877912611,-0.2138692787799528,3,"[42, 43, 70]"
5075,376924820,63.68940802154442,81.01930054449836,46,"[14, 15, 16, 17, 18, 19, 20, 21, 22, 23, 24, 26, 40, 41, 47, 48, 49, 50, 51, 52, 53, 54, 55, 56, 57, 58, 59, 60, 73, 74, 75, 76, 77, 78, 79, 80, 81, 82, 83, 84, 85, 86, 118, 119, 120, 121]"
5076,376926030,73.44155652427327,78.65277864171779,45,"[14, 15, 16, 17, 18, 19, 20, 21, 23, 24, 25, 26, 40, 41, 47, 48, 49, 50, 51, 52, 53, 54, 55, 57, 58, 60, 73, 74, 75, 76, 77, 78, 80, 81, 82, 83, 84, 85, 86, 117, 118, 119, 120, 121]"
5077,302418572,82.18091475085417,-7.346932907950528,7,"[6, 32, 43, 44, 45, 71, 98]"
5078,302423299,82.30768980582022,-6.788258538293965,7,"[6, 32, 43, 44, 45, 71, 98]"
5079,302492175,82.26403553777749,-10.680677725504886,7,"[6, 32, 43, 44, 45, 71, 98]"
5080,302493325,82.25732749836196,-9.549600211295301,7,"[6, 32, 43, 44, 45, 71, 98]"
5081,302564371,269.1171787345713,29.924665446329357,3,"[80, 118]"
5082,376978767,311.01166749802735,78.14831740480804,44,"[14, 15, 16, 17, 18, 19, 20, 21, 22, 23, 24, 26, 40, 41, 47, 48, 49, 50, 51, 52, 53, 54, 55, 56, 57, 59, 60, 73, 74, 75, 76, 77, 80, 81, 82, 83, 84, 85, 86, 117, 118, 119, 120, 121]"
5083,376983076,26.487484259972703,-1.564993862064983,2,"[43, 70]"
5084,376986714,274.6418575747088,-72.48702760612122,10,"[1, 12, 13, 27, 39, 65, 66, 67, 93, 94]"
5085,377041106,145.84927500012245,-1.9067952143562634,3,"[45, 46, 72]"
5086,377046316,145.83681601851058,-1.1295046593306723,3,"[45, 46, 72]"
5087,377066723,37.610322017755976,63.9418316840849,10,"[17, 18, 24, 25, 57, 58, 77, 78, 84, 85]"
5088,377066725,37.61300313534082,63.9412853381862,10,"[17, 18, 24, 25, 57, 58, 77, 78, 84, 85]"
5089,302653912,137.93988579086871,37.750844073725936,3,"[21, 48, 75]"
5090,302638007,269.236945759041,34.48209680417288,2,"[80, 118]"
5091,302675838,82.8019480979125,-7.894615688755033,7,"[6, 32, 43, 44, 45, 71, 98]"
5092,302727695,138.74198443344824,49.14457118776389,7,"[14, 15, 21, 41, 48, 75, 120]"
5093,327235897,299.43478027440466,29.234377075906945,1,[81]
5094,327293700,40.837338455403746,32.469848058667175,3,"[18, 58, 85]"
5095,327303570,286.2873239267945,-54.19988020863046,10,"[13, 27, 66, 67, 93, 94, 101, 102, 103, 114]"
5096,327303574,286.281699191976,-54.20312095284099,10,"[13, 27, 66, 67, 93, 94, 101, 102, 103, 114]"
5097,327303945,285.67447664600746,-54.95411846632392,10,"[13, 27, 66, 67, 93, 94, 101, 102, 103, 114]"
5098,327349605,41.282096490865506,32.82016685758713,3,"[18, 58, 85]"
5099,327307686,259.3035517361639,24.523380498272875,1,[118]
5100,327322205,233.41968265050582,-44.1499935315127,10,"[11, 38, 65, 99, 100, 101, 102, 112, 113, 114]"
5101,352180433,21.19749009634108,33.38652747911606,3,"[17, 57, 84]"
5102,352250813,283.48678377508884,8.103755539485194,3,"[80, 92, 116]"
5103,352300400,342.4591972484611,75.95215515770738,26,"[14, 15, 16, 17, 20, 24, 40, 41, 47, 50, 54, 55, 56, 57, 60, 74, 75, 76, 77, 81, 82, 83, 84, 85, 119, 120]"
5104,352289506,287.4299914782356,-39.455236570553836,8,"[13, 27, 67, 94, 101, 102, 103, 104]"
5105,352275347,335.64189160353334,66.0699813604822,11,"[14, 15, 16, 41, 55, 56, 75, 76, 82, 120, 121]"
5106,377169565,182.3035974002277,7.182830058121887,5,"[23, 46, 49, 91, 115]"
5107,377298679,184.83570144765255,7.36599800011396,4,"[23, 46, 91, 115]"
5108,377262423,184.74533059881145,6.845490824012336,4,"[23, 46, 91, 115]"
5109,377227654,183.05129210361002,7.106099080625563,5,"[23, 46, 49, 91, 115]"
5110,377275005,36.88992704648882,63.349698431550465,9,"[17, 18, 24, 57, 58, 77, 78, 84, 85]"
5111,302790649,200.5906340093552,-72.20152785361813,12,"[9, 10, 11, 36, 37, 38, 62, 63, 64, 65, 89, 90]"
5112,302849952,214.3707179759296,-73.22950290927022,11,"[9, 10, 11, 12, 36, 37, 38, 63, 64, 65, 90]"
5113,302757439,142.14252856649233,47.24515961012897,6,"[14, 15, 21, 41, 48, 120]"
5114,302771290,66.31438808205505,50.09323629836475,8,"[18, 19, 25, 52, 58, 59, 79, 86]"
5115,302783620,261.6832718996192,35.16941277049853,1,[118]
5116,327507922,40.09101969361703,29.693994641129464,3,"[18, 58, 85]"
5117,327439349,40.20021277338928,30.403639255461297,3,"[18, 58, 85]"
5118,352409254,31.876214859516335,31.67788071844772,3,"[17, 57, 84]"
5119,352422736,53.70294988893952,53.057799898557,8,"[18, 24, 25, 52, 58, 78, 85, 86]"
5120,352402781,286.7073644127042,-45.69729692862962,8,"[13, 27, 67, 94, 102, 103, 104, 114]"
5121,352510765,293.147162817112,-55.06944129432991,6,"[13, 27, 94, 101, 102, 103]"
5122,352487147,283.3869771555966,6.418999674897978,2,"[92, 116]"
5123,352487284,283.4451442849411,6.44164276688006,2,"[92, 116]"
5124,377366691,102.38498569298139,31.83826423695434,3,"[20, 47, 60]"
5125,377309763,101.91745602434696,32.910751921422246,3,"[20, 47, 60]"
5126,377415363,232.78070641372824,35.190696859493784,2,"[51, 117]"
5127,377390037,136.436404086812,44.41774721157808,3,"[21, 48, 75]"
5128,303053103,338.94078405653534,26.10704821213757,2,"[55, 82]"
5129,303053214,338.9211413412149,25.89333286681289,2,"[55, 82]"
5130,303098107,326.31565055938694,24.475863139626387,2,"[55, 82]"
5131,327701133,80.60796146684346,28.591267815219336,4,"[19, 59, 73, 86]"
5132,327724364,301.8703840313085,-51.31915397806435,11,"[1, 27, 28, 67, 68, 94, 95, 101, 102, 103, 104]"
5133,352568874,324.3568267557063,15.34282433983074,2,"[55, 82]"
5134,352614230,347.47152900061513,70.3757588704005,13,"[15, 16, 41, 55, 56, 57, 75, 76, 77, 82, 83, 84, 121]"
5135,352702328,2.012591766581676,72.85492218997794,16,"[15, 17, 24, 55, 56, 57, 58, 75, 76, 77, 82, 83, 84, 85, 120, 121]"
5136,377565386,302.80221957927216,44.10254459319667,7,"[14, 40, 41, 54, 81, 119, 120]"
5137,377599890,272.6276540218724,-5.489616367124199,3,"[91, 92, 116]"
5138,377727510,291.09686887568887,61.12761719642753,11,"[14, 26, 40, 41, 53, 54, 74, 80, 81, 118, 119]"
5139,377740879,35.14198279174601,60.077874858254404,8,"[17, 18, 24, 57, 58, 77, 84, 85]"
5140,303204336,9.912051714767722,9.63332893693062,5,"[42, 43, 57, 70, 84]"
5141,303315193,210.35307089840742,-72.28393987360921,10,"[9, 10, 11, 36, 37, 38, 63, 64, 65, 90]"
5142,303319608,17.9012760795798,10.755654355663285,6,"[17, 42, 43, 57, 70, 84]"
5143,303312575,205.65108239353367,-71.79109083029664,9,"[9, 10, 11, 36, 38, 63, 64, 65, 90]"
5144,303368185,50.99275925130755,-5.860116158027616,5,"[42, 43, 44, 70, 71]"
5145,327860248,260.52480712137464,25.264472220179794,1,[118]
5146,327925616,227.4845776087953,-54.48613902729453,10,"[11, 38, 64, 65, 99, 100, 101, 112, 113, 114]"
5147,352804659,326.47768605114203,17.511471827072583,2,"[55, 82]"
5148,352833355,57.99194882454101,55.084714736622146,10,"[18, 19, 24, 25, 52, 58, 59, 78, 79, 86]"
5149,352797149,60.870180171769334,21.142435069376507,3,"[18, 58, 86]"
5150,352783273,310.0974060618145,39.29742416568808,6,"[14, 41, 54, 55, 81, 120]"
5151,377872490,308.4553876936507,58.828918453583995,10,"[40, 41, 54, 55, 74, 75, 81, 82, 119, 120]"
5152,378101447,259.0055436753304,-14.298880229212076,3,"[12, 66, 93]"
5153,303553170,262.7047818496217,-42.64069022986117,9,"[12, 39, 66, 93, 100, 101, 102, 103, 114]"
5154,303584611,342.35064517372575,-20.15070514829106,5,"[2, 29, 69, 96, 107]"
5155,303606981,209.0710769976757,-71.61850099412194,10,"[9, 10, 11, 36, 37, 38, 63, 64, 65, 90]"
5156,303655974,262.34432293043375,-37.61739829157288,8,"[12, 39, 66, 93, 100, 102, 103, 114]"
5157,328101985,24.31846727430312,-14.653399409182832,3,"[30, 97, 108]"
5158,328159699,25.777761807766332,-12.101765819644413,2,"[30, 97]"
5159,303676180,75.84118924563191,-8.823940857488397,5,"[5, 32, 43, 44, 71]"
5160,352963530,326.4925503306175,14.492413503134843,2,"[55, 82]"
5161,353051540,328.3022664358023,17.808776325197474,1,[82]
5162,353103358,328.95215553912004,18.743772666180103,2,"[55, 82]"
5163,353168694,57.80751002067688,54.24449472377649,10,"[18, 24, 25, 52, 58, 59, 78, 79, 85, 86]"
5164,353177933,53.61238053916396,50.946361567319784,8,"[18, 24, 25, 52, 58, 78, 85, 86]"
5165,303696290,271.24244459913314,-40.23938394755138,10,"[13, 39, 66, 93, 100, 101, 102, 103, 104, 114]"
5166,303704858,271.56202351772976,-38.57615761512094,9,"[13, 39, 66, 93, 100, 101, 102, 104, 114]"
5167,303732368,184.81103164502176,-34.662950456610474,8,"[9, 10, 36, 63, 90, 100, 113, 114]"
5168,303684445,75.82292413353784,-10.68162908783018,6,"[5, 32, 43, 44, 71, 110]"
5169,303893911,263.1133098273664,-40.529203856386545,9,"[12, 39, 66, 93, 100, 101, 102, 103, 114]"
5170,328324648,106.19600742609248,27.489592018744663,2,"[47, 60]"
5171,328376750,108.56285799049954,28.657968361081945,3,"[20, 47, 60]"
5172,328373108,105.9129450581621,29.808322196538512,2,"[47, 60]"
5173,328562268,104.19067417260327,17.47560488074261,1,[20]
5174,328557622,124.40712849792905,38.88165199427371,3,"[21, 47, 74]"
5175,328558546,124.73486927561994,38.453119517143314,3,"[21, 47, 74]"
5176,353257675,67.40164535527356,16.758620821370492,3,"[19, 59, 86]"
5177,353286295,251.1421979726497,37.89540538202393,4,"[25, 52, 79, 117]"
5178,353263681,68.1825403665003,20.144298876532073,3,"[19, 59, 86]"
5179,353269016,294.31688572860287,43.095155439096295,5,"[14, 40, 54, 80, 119]"
5180,353311596,93.23429012254365,12.753399255541868,2,"[60, 73]"
5181,378534800,42.41466637506545,57.021726448798994,6,"[17, 18, 24, 58, 78, 85]"
5182,304092654,303.2599751021462,-69.04779782511581,10,"[1, 13, 27, 28, 66, 67, 68, 93, 94, 95]"
5183,304097059,343.3879940608446,-19.25243413933348,2,"[29, 107]"
5184,304219387,204.53865229651802,-69.92678449309335,9,"[9, 10, 11, 36, 38, 63, 64, 65, 90]"
5185,328664550,86.45561891544857,44.655659183154675,5,"[19, 59, 60, 73, 86]"
5186,328629608,127.670218084042,37.9755685014646,4,"[21, 47, 48, 74]"
5187,328815366,99.47952400207494,62.4010570606664,12,"[19, 20, 26, 40, 47, 53, 59, 60, 73, 74, 79, 119]"
5188,328798400,94.1539846361089,50.392984429836154,7,"[19, 20, 26, 40, 59, 60, 73]"
5189,353462651,90.24831894388213,7.595492618785716,6,"[19, 43, 44, 45, 72, 73]"
5190,353492272,59.57769991613373,48.723477035686074,9,"[18, 25, 52, 58, 59, 78, 79, 85, 86]"
5191,353617840,356.3523521558492,51.546444873936004,5,"[16, 56, 76, 83, 121]"
5192,304368552,276.78914777902315,-24.98787290705729,4,"[13, 66, 93, 104]"
5193,304302401,219.22953706024498,-71.46574888552756,10,"[10, 11, 12, 36, 37, 38, 63, 64, 65, 90]"
5194,304379558,342.11189188317775,58.4501919784479,9,"[15, 16, 55, 56, 75, 76, 82, 83, 121]"
5195,328862817,173.53000641200816,25.71155749471613,2,"[22, 49]"
5196,328860893,173.24490589413372,25.59283616319375,2,"[22, 49]"
5197,328861895,172.2815939943228,27.56320393847876,2,"[22, 49]"
5198,328861965,172.2048742680063,27.873577833558258,2,"[22, 49]"
5199,328961567,174.54812255941832,24.79403344111142,2,"[22, 49]"
5200,328996537,182.41377515139757,32.97285954362932,2,"[23, 49]"
5201,328934882,195.18761672842393,28.173417766550607,2,"[23, 50]"
5202,378991219,55.28587474269614,56.4678723650782,10,"[18, 24, 25, 52, 58, 59, 78, 79, 85, 86]"
5203,378993741,198.3241790477382,17.043032859537142,2,"[23, 50]"
5204,379098932,200.4827144443777,17.672384120355538,1,[50]
5205,379166346,53.428142059830776,55.0409404636441,9,"[18, 24, 25, 52, 58, 78, 79, 85, 86]"
5206,379117362,202.4171433698213,16.2200087741528,2,"[23, 50]"
5207,379106902,316.0798787730959,37.74429132948056,6,"[14, 41, 55, 81, 82, 120]"
5208,379121408,218.77769838108208,-54.82453691968511,11,"[10, 11, 37, 38, 64, 65, 99, 100, 112, 113, 114]"
5209,304694872,273.96918243683973,-48.445783905340534,10,"[13, 39, 66, 93, 94, 100, 101, 102, 103, 114]"
5210,329299765,227.85285239670836,-33.402478074263165,5,"[11, 38, 65, 101, 102]"
5211,353932455,143.23750466526542,28.670788444030112,2,"[21, 48]"
5212,353968091,145.2803051709937,24.889485332240664,2,"[21, 48]"
5213,353971167,151.20959688813375,29.53828539711867,2,"[22, 48]"
5214,353996353,88.5239427029152,16.144767876657436,3,"[19, 59, 73]"
5215,353970306,150.84439018470292,30.080825373502826,2,"[22, 48]"
5216,354033190,144.56976718850348,43.21215970845367,3,"[21, 48, 75]"
5217,379435621,316.7398329919229,38.12130744503695,6,"[14, 41, 55, 81, 82, 120]"
5218,304768042,278.35822870340894,-25.15528207305535,5,"[13, 66, 93, 94, 104]"
5219,304969065,346.31638724626106,50.51621853962977,7,"[15, 16, 56, 76, 82, 83, 121]"
5220,304974281,327.8506252157356,24.32805011490744,2,"[55, 82]"
5221,329574145,271.32155113640925,-12.587825398745832,6,"[13, 39, 66, 93, 104, 116]"
5222,354174786,62.03517285644427,28.409252110885852,3,"[18, 58, 86]"
5223,379588955,228.5623911520336,-19.1092058615553,3,"[11, 38, 65]"
5224,379498397,259.7911458072508,-18.634258600433206,4,"[12, 39, 66, 93]"
5225,379554676,273.82921220642805,-5.270713433179774,2,"[91, 116]"
5226,379648762,218.71234269882314,-54.39644188575301,12,"[10, 11, 37, 38, 64, 65, 99, 100, 101, 112, 113, 114]"
5227,379558372,273.8395582514194,-4.908335014279073,2,"[91, 116]"
5228,379603165,60.73176449392768,49.84698159901134,10,"[18, 19, 25, 52, 58, 59, 78, 79, 85, 86]"
5229,305139306,284.01134413848047,-29.097603146397812,5,"[13, 27, 67, 94, 104]"
5230,305065042,283.43304074376476,-30.85587384936473,5,"[13, 27, 67, 94, 104]"
5231,305056749,345.68098917741304,49.48536901415876,7,"[15, 16, 56, 76, 82, 83, 121]"
5232,305229811,347.81486430006936,50.4049004303286,7,"[15, 16, 56, 76, 82, 83, 121]"
5233,329627414,341.4370779313917,59.11485598542343,8,"[15, 16, 55, 56, 76, 82, 83, 121]"
5234,329759640,12.138193356217934,60.111359335396315,7,"[16, 17, 56, 57, 76, 83, 84]"
5235,329649885,230.83621689874255,-55.31044891617593,10,"[11, 38, 64, 65, 99, 100, 101, 112, 113, 114]"
5236,354318511,46.565050827277815,37.457318228822885,3,"[18, 58, 85]"
5237,354342102,75.605353575209,25.838318745770156,4,"[19, 59, 73, 86]"
5238,354353302,78.93483875043682,30.04203327267855,5,"[19, 59, 73, 86]"
5239,354326161,355.7566009401734,11.257881547344512,5,"[42, 56, 70, 83, 92]"
5240,354390353,89.19570699002047,17.886746658443336,2,"[59, 73]"
5241,354405082,46.64167473907269,36.916908355085376,3,"[18, 58, 85]"
5242,354487608,51.91645446717813,-65.82465694255964,4,"[4, 5, 32, 98]"
5243,379823656,317.0033476974238,41.407854085467996,5,"[14, 41, 81, 82, 120]"
5244,379958045,286.4757884913806,-4.488714270646036,2,"[92, 116]"
5245,305325015,265.3088750786689,-39.72663297816499,9,"[12, 39, 66, 93, 100, 101, 102, 103, 114]"
5246,305353514,329.060385577207,19.607628814354563,1,[55]
5247,305435343,35.76068049577731,41.568181622387996,4,"[57, 58, 84, 85]"
5248,305444153,330.5850003930608,21.81637845635856,2,"[55, 82]"
5249,329985903,334.9056841984504,34.912612345009066,2,"[55, 82]"
5250,354527972,15.164024021919221,34.150080660955815,3,"[17, 57, 84]"
5251,354552929,74.76070601373858,-70.11708648005647,7,"[4, 5, 6, 31, 32, 33, 87]"
5252,354552931,74.91924713635983,-70.12732711721087,7,"[4, 5, 6, 31, 32, 33, 87]"
5253,354636678,63.14920120969373,29.172733120672454,2,"[18, 86]"
5254,354619745,323.42343029542366,25.182052479056317,2,"[55, 82]"
5255,354619803,323.440218826643,25.090213962812523,2,"[55, 82]"
5256,354579907,295.16520255370483,43.57413331205622,6,"[14, 40, 54, 80, 81, 119]"
5257,380024477,131.9349494054306,-71.65305186211334,10,"[6, 7, 8, 33, 34, 35, 61, 62, 87, 89]"
5258,305679500,12.272880082657228,70.73049067698408,13,"[15, 16, 17, 24, 56, 57, 58, 76, 77, 78, 83, 84, 85]"
5259,354791999,63.07468994342737,28.697691972970574,2,"[18, 86]"
5260,354767273,266.0500186467161,28.921934834825983,2,"[80, 118]"
5261,354771047,111.56426457297289,-38.37517322655745,7,"[7, 33, 87, 108, 109, 110, 111]"
5262,354842480,63.229908997826215,48.74948618394945,10,"[18, 19, 25, 52, 58, 59, 78, 79, 85, 86]"
5263,380353415,220.8946421487785,-55.4638334000332,10,"[11, 37, 38, 64, 65, 99, 100, 112, 113, 114]"
5264,380353942,221.0293041279195,-55.483916948044545,10,"[11, 37, 38, 64, 65, 99, 100, 112, 113, 114]"
5265,380543530,172.90160041070482,0.26536577757047164,2,"[46, 72]"
5266,305836254,185.6733380677823,33.83754703285298,3,"[23, 49, 50]"
5267,305946666,266.2598843732316,-38.752673004500146,8,"[12, 13, 39, 66, 100, 101, 102, 114]"
5268,330503485,288.47981708276313,38.73836479567821,5,"[40, 53, 54, 80, 119]"
5269,330608569,13.047972832282078,59.941146209743955,8,"[16, 17, 56, 57, 76, 77, 83, 84]"
5270,354901621,294.86693929235594,-18.043740759433653,3,"[67, 94, 105]"
5271,354944747,287.03627385244744,-59.302524149897046,9,"[13, 27, 66, 67, 93, 94, 101, 102, 103]"
5272,380560007,282.9255195330746,-10.474347495213673,5,"[13, 67, 92, 94, 116]"
5273,380595719,269.4971249341716,-42.28538122067901,10,"[12, 13, 39, 66, 93, 100, 101, 102, 103, 114]"
5274,380675208,188.45138776904915,10.121875400307701,5,"[23, 46, 50, 91, 115]"
5275,305978354,2.824396335011494,34.98106470618353,2,"[56, 83]"
5276,306109873,88.45240595788208,33.49228020939034,3,"[19, 59, 73]"
5277,330736514,10.01260413619626,58.152524175303704,8,"[16, 17, 56, 57, 76, 77, 83, 84]"
5278,330795902,138.64818088103868,9.952214149785437,5,"[21, 45, 46, 48, 72]"
5279,330797213,150.89958751255097,21.065120542003317,1,[48]
5280,355126608,129.75478833286888,15.360064504470708,1,[21]
5281,355127594,129.49321573214692,16.687763115337656,1,[21]
5282,380887098,19.318660649789496,-4.2637963366145,3,"[42, 43, 70]"
5283,380897501,317.64891004318855,50.87807977991837,8,"[14, 15, 41, 54, 55, 75, 81, 82]"
5284,381003375,36.319489165966004,-7.758716635098324,6,"[4, 31, 42, 43, 70, 71]"
5285,381002396,37.70179187719797,-3.6376956976394554,3,"[42, 43, 71]"
5286,306216985,36.074613863205734,9.092081661335982,6,"[17, 42, 43, 70, 71, 85]"
5287,306234249,301.85775036736163,39.11757444176364,6,"[14, 40, 41, 54, 81, 119]"
5288,306271621,266.79217750548713,-37.55969331685571,9,"[12, 13, 39, 66, 93, 100, 102, 103, 114]"
5289,306207044,36.406540793171565,10.34829431586839,6,"[17, 42, 43, 70, 71, 85]"
5290,306161631,88.7746970847004,35.5328926246479,3,"[19, 59, 73]"
5291,306330414,91.02282332601835,-39.47961417136131,8,"[6, 33, 87, 98, 107, 108, 109, 110]"
5292,306342251,37.242043630263005,9.248278513406948,6,"[17, 42, 43, 70, 71, 85]"
5293,330872058,319.21697664983935,36.76307278423325,4,"[14, 55, 81, 82]"
5294,355368982,328.151688515439,-39.39341772465163,10,"[1, 2, 28, 68, 95, 96, 103, 104, 105, 106]"
5295,355410865,133.60357974886557,-71.79452732710153,11,"[6, 7, 8, 9, 33, 34, 35, 62, 87, 88, 89]"
5296,355406678,134.6831179945042,-72.51717396762668,11,"[6, 7, 8, 9, 33, 34, 35, 62, 87, 88, 89]"
5297,355406799,134.72076580740372,-72.63751491987558,11,"[6, 7, 8, 9, 33, 34, 35, 62, 87, 88, 89]"
5298,355379702,196.51079473618483,-73.68420920185405,14,"[9, 10, 11, 35, 36, 37, 38, 62, 63, 64, 65, 89, 90, 96]"
5299,355425084,327.1884127868366,-41.51222174650852,8,"[2, 68, 95, 96, 102, 103, 104, 105]"
5300,355476572,326.46090692825493,-44.03202382458829,9,"[1, 28, 68, 95, 96, 102, 103, 104, 105]"
5301,355477670,328.4443098332106,-41.91648344702678,8,"[1, 2, 68, 95, 96, 103, 105, 106]"
5302,381023498,37.840900495670944,-4.148088802498118,3,"[42, 43, 71]"
5303,381024911,37.466161979207456,-5.85565838136811,3,"[42, 43, 71]"
5304,381027784,37.977076298495064,-5.45004343221214,3,"[42, 43, 71]"
5305,381022741,37.81307572418339,-3.750611917465945,3,"[42, 43, 71]"
5306,381132939,41.9387461035795,-5.567200324801678,5,"[42, 43, 44, 70, 71]"
5307,381140993,253.18268813490715,-46.05070099118276,10,"[39, 65, 66, 93, 100, 101, 102, 103, 113, 114]"
5308,381128414,41.54865976416816,-4.785886350192239,4,"[42, 43, 70, 71]"
5309,381207211,335.8429374947183,-66.7736677393099,7,"[1, 2, 28, 29, 69, 95, 96]"
5310,306367645,91.79494435856624,-36.67781438069788,6,"[6, 33, 87, 107, 109, 110]"
5311,306424074,38.591639513553176,9.989462909798993,7,"[17, 42, 43, 58, 70, 71, 85]"
5312,306371075,35.922350621626144,4.810175500091452,4,"[42, 43, 70, 71]"
5313,306426710,37.86822510585673,7.672804720363471,5,"[17, 42, 43, 71, 85]"
5314,306364711,91.28560948455973,-37.518689854958524,5,"[6, 33, 87, 107, 109]"
5315,306484795,38.12458302388315,7.405450053497641,7,"[17, 42, 43, 58, 70, 71, 85]"
5316,306476702,91.89247836124012,-38.36435127451326,6,"[6, 33, 87, 107, 108, 109]"
5317,306554613,37.08802446789721,42.34952754132397,4,"[17, 18, 58, 85]"
5318,331206534,43.163029739668104,45.100350679366294,4,"[17, 18, 58, 85]"
5319,331268727,6.652634580369415,61.313438273956606,9,"[16, 17, 56, 57, 76, 77, 83, 84, 121]"
5320,355653322,318.7681630185681,-56.64987436421425,6,"[1, 28, 68, 95, 103, 104]"
5321,355636245,325.74590930057826,-50.88551765079419,10,"[1, 2, 28, 68, 95, 96, 102, 103, 104, 105]"
5322,381320713,27.57444223084424,8.315871314357047,6,"[17, 42, 43, 57, 70, 84]"
5323,381270241,24.193099327461447,13.601690828280551,3,"[17, 57, 84]"
5324,381316671,28.675878830446926,11.50843957336202,5,"[17, 42, 43, 57, 84]"
5325,381459932,43.35176204057485,9.871117126905629,8,"[18, 42, 43, 44, 58, 70, 71, 85]"
5326,381416099,267.95371256209967,0.5022254384846203,2,"[115, 116]"
5327,306735869,191.62435847666006,-77.79662698659126,36,"[1, 2, 4, 5, 6, 7, 8, 9, 10, 11, 12, 27, 28, 29, 31, 32, 34, 35, 36, 37, 38, 39, 61, 62, 63, 64, 65, 68, 69, 87, 88, 89, 95, 96, 98]"
5328,306757983,111.21024556635267,-34.177539474018744,4,"[7, 33, 87, 110]"
5329,331391396,41.795227239890416,43.12017414858846,2,"[17, 18]"
5330,331577214,321.69536036346426,40.16748826587228,6,"[14, 15, 41, 55, 82, 120]"
5331,355807959,108.77794969489652,38.853633443089464,4,"[20, 47, 60, 74]"
5332,355759872,99.41345801898535,28.51446593606581,3,"[20, 60, 73]"
5333,355810854,222.80727693182533,36.82246885497973,2,"[51, 78]"
5334,355840538,187.34367028212813,-71.70621048052445,11,"[9, 10, 11, 35, 36, 37, 62, 63, 64, 89, 90]"
5335,355885046,223.3242145509972,40.20600547049663,3,"[24, 51, 78]"
5336,355916910,154.0164176377783,62.24634101405633,11,"[14, 15, 21, 22, 41, 48, 49, 75, 76, 120, 121]"
5337,381628679,217.63272106776455,-52.68869962517435,11,"[10, 11, 37, 38, 64, 99, 100, 101, 112, 113, 114]"
5338,381726125,193.83301110226301,11.563228864352569,5,"[23, 46, 50, 91, 115]"
5339,306881354,267.9656738484319,-40.91104697314136,8,"[39, 66, 93, 100, 101, 102, 103, 114]"
5340,306816900,97.66058303350816,-7.325740173027037,7,"[6, 33, 43, 44, 45, 71, 72]"
5341,306889170,267.99197823306355,-36.577608569862555,10,"[12, 13, 39, 66, 93, 100, 102, 103, 104, 114]"
5342,306821722,97.72015653222569,-5.438500238306615,5,"[43, 44, 45, 71, 72]"
5343,306821732,97.71757093586662,-5.443389108910396,5,"[43, 44, 45, 71, 72]"
5344,331695146,320.5576158570987,36.979725089533474,6,"[14, 15, 41, 55, 82, 120]"
5345,331726184,74.70254055137707,61.00968322948112,9,"[18, 19, 25, 26, 52, 53, 59, 73, 86]"
5346,331724986,71.99920359197066,59.591854911087765,11,"[18, 19, 25, 26, 52, 53, 58, 59, 73, 79, 86]"
5347,331740746,16.980691755151355,31.758733281205885,3,"[17, 57, 84]"
5348,331749751,72.69480674900406,59.7448290081849,10,"[18, 19, 25, 26, 52, 53, 59, 73, 79, 86]"
5349,331782093,45.0211953548469,46.00261991529538,3,"[18, 58, 85]"
5350,355941506,184.69751341629302,-70.90548641515166,11,"[8, 9, 10, 35, 36, 37, 62, 63, 64, 89, 90]"
5351,356010327,229.00855640507996,49.15947455762913,5,"[24, 25, 51, 78, 117]"
5352,356051332,316.7421728559555,56.37905439481961,10,"[14, 15, 41, 54, 55, 74, 75, 81, 82, 120]"
5353,381822792,268.0616343227115,3.9000208122295277,4,"[91, 92, 115, 116]"
5354,381952089,55.14947935411305,-76.83733137508916,28,"[3, 4, 5, 6, 7, 9, 10, 13, 27, 30, 31, 32, 33, 36, 37, 39, 63, 64, 66, 67, 69, 87, 90, 93, 94, 96, 97, 98]"
5355,381941359,220.23100000362243,-54.22540768165103,10,"[11, 37, 38, 64, 99, 100, 101, 112, 113, 114]"
5356,381949122,48.68170817542617,-78.9404945450036,45,"[1, 2, 3, 4, 5, 6, 7, 8, 9, 10, 11, 12, 13, 27, 28, 29, 30, 31, 32, 33, 34, 35, 36, 37, 38, 39, 61, 62, 63, 64, 65, 66, 67, 68, 69, 87, 88, 89, 90, 93, 94, 95, 96, 97, 98]"
5357,306956595,37.38592137704301,41.98269639904911,4,"[17, 18, 58, 85]"
5358,306980677,268.0134322041831,-39.337266444031584,9,"[12, 13, 39, 66, 93, 100, 101, 102, 114]"
5359,307051738,268.01845395473094,-36.84055399996772,10,"[12, 13, 39, 66, 93, 100, 102, 103, 104, 114]"
5360,306988730,268.215517117311,-40.14255718937384,9,"[12, 13, 39, 66, 93, 100, 101, 102, 114]"
5361,331893210,272.1838298828171,-17.9410532892749,3,"[66, 93, 104]"
5362,331900366,126.26273310558265,42.65118383051375,4,"[21, 47, 48, 74]"
5363,356286191,336.6816556498135,58.07091595360944,10,"[15, 41, 55, 56, 75, 76, 82, 83, 120, 121]"
5364,356266747,289.9632062355121,38.0575449725756,5,"[40, 54, 80, 81, 119]"
5365,382151113,278.16372939164995,-45.765925471423984,11,"[13, 27, 66, 67, 93, 94, 100, 101, 102, 103, 104]"
5366,382140519,268.08492057024057,-0.2520423221820157,4,"[91, 92, 115, 116]"
5367,382179647,297.3757116670749,-19.96446698290243,4,"[27, 67, 94, 105]"
5368,382188336,66.79068470669439,-77.0548042621321,26,"[3, 4, 6, 7, 10, 13, 27, 30, 31, 32, 33, 34, 36, 37, 64, 65, 66, 67, 68, 69, 87, 93, 94, 95, 97, 98]"
5369,382167682,216.55827147996015,-51.660994779520706,11,"[10, 11, 37, 38, 64, 99, 100, 101, 112, 113, 114]"
5370,307153455,268.46958707324717,-38.2889039619729,10,"[12, 13, 39, 66, 93, 100, 102, 103, 104, 114]"
5371,307233427,268.5568378648561,-38.49719315931843,11,"[12, 13, 39, 66, 93, 100, 101, 102, 103, 104, 114]"
5372,307201580,35.628107916968375,38.68194760218764,4,"[17, 57, 58, 85]"
5373,332020324,231.93024543491907,-35.88298811194579,5,"[11, 65, 99, 101, 102]"
5374,332064670,127.72682119291835,10.365553487406718,4,"[21, 44, 46, 72]"
5375,332165043,204.3574035566947,-44.364013425368945,10,"[10, 37, 64, 99, 100, 101, 111, 112, 113, 114]"
5376,332167674,203.47919172107282,-43.12607107454816,10,"[10, 37, 90, 99, 100, 101, 111, 112, 113, 114]"
5377,332146607,124.65963629127658,13.189063811302983,2,"[21, 47]"
5378,332147244,123.96488782723262,15.414130969071467,2,"[21, 47]"
5379,356381264,75.98112317506684,33.08958359121051,4,"[19, 59, 73, 86]"
5380,356368972,191.4592224207252,-71.53518864686339,11,"[9, 10, 11, 35, 36, 37, 62, 63, 64, 89, 90]"
5381,356387830,76.76363294649241,36.92556396983519,3,"[19, 73, 86]"
5382,356426177,105.39097720347176,22.86911365282953,3,"[20, 47, 60]"
5383,356449604,243.99884334001817,-66.26695711345272,5,"[11, 12, 38, 39, 65]"
5384,382259669,66.56370259145275,-80.00245522895685,44,"[1, 2, 3, 4, 6, 7, 8, 9, 10, 11, 12, 13, 27, 28, 29, 30, 31, 32, 33, 34, 35, 36, 37, 38, 39, 61, 62, 63, 64, 65, 66, 67, 68, 69, 87, 88, 89, 90, 93, 94, 95, 96, 97, 98]"
5385,382276154,279.09859939463166,-45.41218081268597,11,"[13, 27, 66, 67, 93, 94, 101, 102, 103, 104, 114]"
5386,382322852,307.6364682004203,-28.7140301021176,6,"[1, 27, 28, 68, 95, 105]"
5387,307424455,235.17102103016938,-26.656464955403184,5,"[11, 38, 65, 102, 103]"
5388,307458454,131.33608517988614,-34.926349964834785,5,"[7, 34, 88, 111, 112]"
5389,307382024,98.70742323861067,-10.50535035675762,9,"[6, 33, 43, 44, 45, 71, 72, 87, 111]"
5390,307477817,52.31518147326912,26.308369147523297,2,"[58, 85]"
5391,332207533,113.88594594831315,20.434540773812532,3,"[20, 47, 60]"
5392,356478008,107.02830939139098,43.077463300603895,4,"[20, 47, 60, 74]"
5393,356583991,125.78317618116358,49.48129180014868,9,"[14, 21, 41, 47, 48, 74, 75, 119, 120]"
5394,382471734,332.8736178797027,-38.07914567348484,10,"[2, 28, 29, 68, 69, 96, 103, 104, 105, 106]"
5395,382473600,332.18667435940483,-47.245847479644944,12,"[1, 2, 28, 29, 68, 69, 95, 96, 102, 103, 104, 105]"
5396,382582555,349.0822478211979,-65.98979394828467,7,"[3, 28, 30, 68, 69, 96, 97]"
5397,307573730,211.26800957196568,-76.18779472052104,22,"[2, 5, 9, 10, 11, 12, 29, 32, 35, 36, 37, 38, 39, 62, 63, 64, 65, 69, 89, 90, 96, 98]"
5398,307624961,130.44733165147596,-31.345773102300676,7,"[7, 34, 61, 88, 99, 111, 112]"
5399,307580684,98.67170822691588,-6.371473167002102,7,"[6, 33, 43, 44, 45, 71, 72]"
5400,307650431,98.70804715440288,21.136586333984543,3,"[20, 60, 73]"
5401,307678234,126.85149634160611,0.7317547589154877,1,[72]
5402,307751698,165.1758591286654,25.130437453167662,2,"[22, 49]"
5403,307754027,99.00806938722407,20.50371268248248,3,"[20, 60, 73]"
5404,332502573,262.53370555293543,77.56280907084536,40,"[14, 17, 18, 20, 21, 23, 24, 25, 26, 40, 41, 47, 48, 50, 51, 52, 53, 54, 55, 56, 57, 58, 60, 73, 74, 75, 77, 78, 79, 80, 81, 82, 83, 84, 85, 86, 117, 118, 119, 120]"
5405,332519436,340.6736687709154,-21.55439296180841,5,"[2, 29, 69, 106, 107]"
5406,332563614,143.78491345137687,-28.431508940358036,6,"[8, 35, 61, 99, 112, 113]"
5407,332575186,43.25501133424953,42.26238090205926,3,"[18, 58, 85]"
5408,332629074,273.9252998637673,67.52345416026817,11,"[25, 26, 40, 52, 54, 74, 79, 81, 117, 118, 119]"
5409,332635310,144.79233867484726,-30.070808899425213,8,"[8, 35, 61, 62, 89, 99, 112, 113]"
5410,356603692,115.9332174076051,48.04443991061753,6,"[14, 20, 40, 47, 60, 119]"
5411,356672782,114.69229747416772,53.27635579619443,9,"[14, 20, 40, 41, 47, 53, 60, 74, 119]"
5412,356659259,178.59703405427754,73.10342143165117,15,"[15, 16, 21, 22, 23, 24, 41, 48, 49, 50, 75, 76, 77, 120, 121]"
5413,356698350,173.1008882174401,26.694692078719424,2,"[22, 49]"
5414,356698353,173.09913352686684,26.69276076376171,2,"[22, 49]"
5415,356687589,191.69828546394297,-71.23700008023569,11,"[9, 10, 11, 35, 36, 37, 62, 63, 64, 89, 90]"
5416,382635688,342.79607285142225,-69.59923751421142,9,"[1, 3, 28, 29, 30, 68, 69, 95, 97]"
5417,382795601,248.13927864974974,-18.75021188214718,3,"[12, 39, 103]"
5418,307869210,119.99602375807686,20.640469372094262,1,[47]
5419,307869114,120.02042476120648,20.471307681854665,1,[47]
5420,307917996,226.83439165162545,68.05535259384999,8,"[24, 25, 50, 51, 52, 77, 79, 117]"
5421,332695739,273.0328716521354,47.57425046010022,5,"[26, 40, 53, 80, 118]"
5422,332800044,30.13144272130109,-14.829254083561768,3,"[4, 31, 97]"
5423,332892253,31.11371046023852,-17.25140955150081,3,"[4, 31, 97]"
5424,332914199,83.91260179725369,-30.540913541886532,4,"[6, 32, 98, 110]"
5425,356817437,246.61708538606476,-65.44382010952266,5,"[11, 12, 65, 66, 93]"
5426,356807926,290.42315238081164,38.13202520166348,5,"[40, 54, 80, 81, 119]"
5427,382959522,168.03135304119803,-60.67775625292916,9,"[8, 9, 35, 36, 62, 63, 89, 90, 111]"
5428,382823015,260.93348202211155,-22.813468464713353,6,"[12, 39, 66, 93, 103, 104]"
5429,382969293,172.19380842698985,-66.3568325237572,8,"[8, 10, 35, 36, 62, 63, 89, 90]"
5430,307981451,161.54393623748868,-21.36010085642758,6,"[9, 35, 62, 89, 100, 113]"
5431,307983881,217.41900076065167,82.16566884777265,47,"[14, 15, 16, 17, 18, 19, 20, 21, 22, 23, 25, 26, 40, 41, 47, 48, 49, 50, 51, 52, 53, 54, 55, 56, 57, 58, 59, 60, 73, 74, 75, 76, 77, 78, 79, 80, 81, 82, 83, 84, 85, 86, 117, 118, 119, 120, 121]"
5432,308019693,163.1677820423303,-23.929317067690576,6,"[9, 35, 62, 89, 100, 113]"
5433,307935244,146.57589984630985,-29.3820224215291,7,"[8, 35, 62, 89, 99, 112, 113]"
5434,307989264,142.01253258022197,14.43239754015854,2,"[21, 48]"
5435,308047791,162.54464790921196,-22.334085344561554,6,"[9, 35, 62, 89, 100, 113]"
5436,307953612,142.41692795930902,11.246267880998392,5,"[21, 45, 46, 48, 72]"
5437,307943195,99.34572438869776,-10.955677099269533,8,"[6, 43, 44, 45, 71, 72, 87, 111]"
5438,308086497,212.72179390934872,-75.21141450886911,18,"[2, 9, 10, 11, 12, 29, 32, 36, 37, 38, 39, 62, 63, 65, 69, 89, 90, 98]"
5439,308096158,174.81479763221392,-17.446062367742,6,"[9, 36, 63, 90, 100, 114]"
5440,308096434,174.3494123352083,-16.38734699848111,6,"[9, 36, 63, 90, 100, 114]"
5441,333011691,204.57120667168255,-42.8676375596204,10,"[10, 37, 64, 99, 100, 101, 111, 112, 113, 114]"
5442,333077513,324.11508907042355,5.957431216355395,3,"[55, 92, 116]"
5443,333042609,102.06425815490148,-39.909621666295884,7,"[6, 33, 87, 108, 109, 110, 111]"
5444,333075410,323.1638697013826,3.8295570334219105,2,"[92, 116]"
5445,356920361,281.57032585950566,79.88004188367475,45,"[14, 15, 16, 17, 18, 19, 20, 21, 22, 24, 25, 26, 40, 41, 47, 48, 49, 50, 51, 52, 53, 54, 55, 56, 58, 59, 60, 73, 74, 75, 76, 77, 78, 79, 80, 81, 82, 83, 85, 86, 117, 118, 119, 120, 121]"
5446,356904678,77.72200858985977,4.844433784071282,2,"[43, 71]"
5447,357040880,242.27741519909236,-63.90179010364828,7,"[11, 12, 38, 39, 65, 66, 93]"
5448,383006458,239.06433018966828,-45.93277198546936,8,"[11, 12, 38, 65, 100, 101, 113, 114]"
5449,383068976,253.01872175546586,-4.485091107197567,3,"[91, 115, 116]"
5450,383188202,142.96956283118502,-8.66668200706363,5,"[8, 35, 45, 46, 72]"
5451,383173091,253.49228184012335,-6.138265014654402,4,"[39, 91, 115, 116]"
5452,308149111,202.36831582876204,-8.429946086473187,6,"[10, 37, 46, 64, 91, 115]"
5453,308182007,202.90038995899903,-8.83387608159386,6,"[10, 37, 46, 64, 91, 115]"
5454,308210818,202.7735927588709,-7.922368440416534,6,"[10, 37, 46, 64, 91, 115]"
5455,308241590,22.800382909867206,-50.29643354219129,8,"[3, 4, 30, 97, 104, 105, 106, 107]"
5456,308244519,30.40067769405817,-57.39436969100791,8,"[3, 4, 30, 31, 97, 105, 106, 107]"
5457,333194329,207.3258630920963,-45.49024882843161,10,"[10, 37, 64, 99, 100, 101, 111, 112, 113, 114]"
5458,333374017,11.784786714013478,36.65358123393949,4,"[16, 17, 57, 84]"
5459,333375443,13.31042241569675,38.769645402119856,4,"[16, 17, 57, 84]"
5460,357172894,347.12396942589754,43.97264344119203,5,"[15, 16, 56, 83, 121]"
5461,357166789,130.53088920296523,32.52092152286051,2,"[21, 48]"
5462,357208862,243.92245238553494,-63.749708364469186,7,"[11, 12, 38, 39, 65, 66, 93]"
5463,383302456,316.17380660900807,24.415022883554,2,"[55, 81]"
5464,308391499,99.84269202096442,-10.117157656470301,8,"[6, 43, 44, 45, 71, 72, 87, 111]"
5465,308437152,231.9209105744612,2.79316639006195,2,"[91, 115]"
5466,333393998,325.0067577051819,1.9294220178702977,2,"[92, 116]"
5467,333461689,324.9347186193164,1.6023423108105095,2,"[92, 116]"
5468,357238930,165.72056482181375,6.9028692337744495,5,"[22, 45, 46, 49, 72]"
5469,357304849,173.34114183657468,23.02744196511923,2,"[22, 49]"
5470,357306345,170.7811688385412,25.921760873471857,2,"[22, 49]"
5471,357358259,196.07751704079885,35.07790955044523,2,"[23, 50]"
5472,357336603,344.40626517879593,34.25504525597505,2,"[56, 83]"
5473,357331603,148.54014117140719,3.389958775914289,3,"[45, 46, 72]"
5474,383366222,316.4864447850966,23.907262852225195,2,"[55, 81]"
5475,383473544,264.3867846831572,-65.66980266072599,5,"[13, 65, 66, 67, 93]"
5476,383500904,169.65218440707753,31.552012301601415,2,"[22, 49]"
5477,333606239,9.77845356834869,-9.692486282840362,6,"[3, 30, 42, 43, 70, 97]"
5478,333619257,102.94925601468586,-38.18319490739219,7,"[6, 33, 87, 108, 109, 110, 111]"
5479,333670854,207.45954343335325,-44.568482559396564,10,"[10, 37, 64, 99, 100, 101, 111, 112, 113, 114]"
5480,333683331,53.98928248520247,-22.269932186894764,3,"[5, 31, 109]"
5481,333630790,82.13789515809498,17.91743592871416,3,"[59, 73, 86]"
5482,333704881,51.225608551675904,-2.9939307858774753,5,"[42, 43, 44, 70, 71]"
5483,333700479,53.762900133627554,-23.824487854582035,3,"[5, 31, 109]"
5484,357373129,183.1614616099529,61.73513920594306,8,"[16, 22, 23, 49, 50, 76, 77, 121]"
5485,357415206,217.30250789400966,41.86414398600661,2,"[24, 78]"
5486,357401935,178.17750019495264,17.511485307298553,1,[49]
5487,357428840,295.58748995609216,40.80288302779714,5,"[14, 40, 54, 81, 119]"
5488,357516811,94.0824353308647,81.96116425927728,44,"[14, 15, 16, 17, 18, 19, 20, 21, 22, 23, 24, 26, 40, 41, 47, 48, 49, 50, 51, 52, 54, 55, 57, 58, 59, 60, 73, 74, 75, 76, 77, 79, 80, 81, 82, 83, 84, 85, 86, 117, 118, 119, 120, 121]"
5489,357533284,210.2037291855185,-11.231693738972607,3,"[10, 37, 91]"
5490,357528153,25.721632686802963,11.97113843246905,5,"[17, 42, 43, 57, 84]"
5491,357534718,198.92310326509426,-71.12418425630479,10,"[9, 11, 36, 37, 38, 62, 63, 64, 89, 90]"
5492,383518546,181.11017540629842,-68.75077051423173,11,"[8, 9, 10, 35, 36, 37, 62, 63, 64, 89, 90]"
5493,383528582,261.11573344991604,-64.4946485441398,5,"[12, 39, 65, 66, 93]"
5494,383553764,91.1990656273753,69.9449717363319,13,"[19, 20, 25, 40, 47, 52, 53, 59, 60, 73, 79, 86, 119]"
5495,383553858,91.09863922574431,69.56464764226723,13,"[19, 20, 25, 40, 47, 52, 53, 59, 60, 73, 79, 86, 119]"
5496,383623835,272.36394762086564,82.06149130794869,44,"[14, 15, 16, 17, 18, 19, 20, 21, 22, 23, 24, 25, 40, 41, 47, 48, 49, 50, 51, 52, 54, 55, 56, 57, 58, 59, 60, 74, 75, 76, 77, 78, 79, 81, 82, 83, 84, 85, 86, 117, 118, 119, 120, 121]"
5497,383625443,268.56066625667967,69.29206683280493,12,"[25, 26, 40, 52, 53, 54, 74, 79, 80, 81, 117, 119]"
5498,383648251,347.92960786721795,86.17140657586073,43,"[14, 15, 16, 17, 18, 20, 21, 23, 24, 25, 26, 40, 41, 47, 48, 50, 51, 52, 53, 54, 55, 56, 57, 58, 59, 73, 74, 75, 76, 77, 78, 79, 80, 81, 82, 83, 84, 85, 86, 117, 118, 119, 120]"
5499,383676357,319.3232390975028,84.30480489197924,44,"[14, 15, 16, 17, 19, 20, 21, 22, 23, 24, 25, 26, 40, 41, 47, 48, 49, 50, 51, 52, 53, 54, 55, 56, 57, 58, 59, 60, 73, 74, 76, 77, 78, 79, 80, 81, 83, 84, 85, 86, 117, 118, 119, 121]"
5500,308769611,223.57990099285993,-55.48138380822136,11,"[11, 37, 38, 64, 65, 99, 100, 101, 112, 113, 114]"
5501,308818689,160.62521161821797,-27.05247855399024,7,"[9, 35, 62, 89, 99, 100, 113]"
5502,308838551,160.2431497483019,-25.20747114823869,7,"[9, 35, 62, 89, 99, 100, 113]"
5503,308840739,160.32693988344877,-25.04894032534639,7,"[9, 35, 62, 89, 99, 100, 113]"
5504,333795367,172.94811817900572,-10.814199139821612,6,"[9, 36, 45, 46, 63, 72]"
5505,333796385,185.044878622234,-20.831321356779686,6,"[9, 36, 63, 90, 101, 114]"
5506,333784916,50.901469666887465,75.36049678769403,22,"[16, 17, 19, 23, 24, 25, 26, 52, 53, 57, 58, 59, 60, 73, 77, 78, 79, 80, 84, 85, 86, 118]"
5507,333879790,185.02843374750805,-20.460427626274946,6,"[9, 36, 63, 90, 101, 114]"
5508,333941023,121.74900774974799,-35.26820390693232,7,"[7, 34, 61, 88, 108, 111, 112]"
5509,333941034,121.74593244464084,-35.26428013356029,7,"[7, 34, 61, 88, 108, 111, 112]"
5510,333956519,57.333270636082794,74.41991216513665,23,"[17, 18, 19, 20, 23, 24, 25, 26, 40, 52, 53, 57, 58, 59, 60, 73, 77, 78, 79, 80, 84, 85, 86]"
5511,357547436,340.1626531702235,57.09697039382454,9,"[15, 16, 55, 56, 75, 76, 82, 83, 121]"
5512,357607316,211.16816786314087,-12.568475189811895,2,"[37, 64]"
5513,357609730,255.2875424094211,-65.05321452218257,8,"[11, 12, 13, 38, 39, 65, 66, 93]"
5514,357623383,262.6879254848987,50.356642055269006,7,"[25, 26, 52, 53, 79, 80, 118]"
5515,357722583,284.1816359852442,69.5108015167514,12,"[14, 26, 40, 41, 53, 54, 74, 79, 80, 81, 118, 119]"
5516,357657732,349.0565352078748,56.95881751436949,7,"[15, 16, 56, 76, 82, 83, 121]"
5517,357744191,63.31843151377783,53.42572776817937,10,"[18, 19, 25, 52, 58, 59, 78, 79, 85, 86]"
5518,308873470,42.273948419374214,35.240069323667605,3,"[18, 58, 85]"
5519,308985557,163.56693792037578,-34.54688120608333,8,"[9, 35, 62, 89, 99, 100, 112, 113]"
5520,308986394,163.20672578208882,-33.54867472717938,8,"[9, 35, 62, 89, 99, 100, 112, 113]"
5521,308883781,159.09949945271524,-21.834851996978145,5,"[35, 62, 89, 100, 113]"
5522,308884000,159.4337800119914,-22.48711105896195,6,"[9, 35, 62, 89, 100, 113]"
5523,309027449,165.36624067484956,-37.03315399916237,10,"[9, 35, 36, 62, 89, 99, 100, 110, 112, 113]"
5524,309090169,165.46598046968376,-37.003796138544075,10,"[9, 35, 36, 62, 89, 99, 100, 110, 112, 113]"
5525,334057598,121.84895512838675,-35.12014978296955,7,"[7, 34, 61, 88, 108, 111, 112]"
5526,334131059,236.33233105396653,-27.84522984061155,5,"[11, 38, 65, 102, 103]"
5527,334137763,235.4874178038655,-25.621352412868365,5,"[11, 38, 65, 102, 103]"
5528,334138590,235.2897267798628,-25.323145005345573,5,"[11, 38, 65, 102, 103]"
5529,334176180,289.53495886041486,4.819090961304516,2,"[92, 116]"
5530,334177803,289.4460941578495,4.224125554382752,2,"[92, 116]"
5531,357793687,283.49813796583857,67.03894438666553,12,"[14, 26, 40, 41, 53, 54, 74, 79, 80, 81, 118, 119]"
5532,357856397,286.69830289900125,47.77460674002892,5,"[53, 54, 80, 81, 119]"
5533,384063636,290.66455012050676,43.57150833860837,6,"[40, 53, 54, 80, 81, 119]"
5534,309146836,181.5997028151471,-75.31600185403643,21,"[1, 4, 8, 9, 10, 11, 28, 31, 35, 36, 37, 38, 61, 62, 63, 64, 68, 88, 89, 90, 95]"
5535,309271098,225.96465675596446,-6.05303726176981,3,"[38, 91, 115]"
5536,309130111,43.2419102829864,35.62127131749721,3,"[18, 58, 85]"
5537,309265383,89.49998855883146,9.821765546854552,7,"[19, 43, 44, 45, 71, 72, 73]"
5538,334297172,127.42293653207273,35.358812232681316,3,"[21, 47, 74]"
5539,334246044,121.58636278643091,-33.23424715537801,6,"[7, 34, 61, 88, 111, 112]"
5540,358013866,114.33595695176137,53.289114130312406,9,"[14, 20, 40, 41, 47, 53, 60, 74, 119]"
5541,358050165,349.4065455785631,-67.27018681406373,8,"[2, 3, 28, 29, 30, 68, 95, 97]"
5542,358071115,312.44595547499523,-74.30550061570294,18,"[1, 2, 13, 27, 28, 29, 36, 63, 66, 67, 68, 69, 87, 90, 93, 94, 95, 96]"
5543,358086940,119.67439027148308,-5.385180119979278,3,"[44, 45, 71]"
5544,358089005,120.42891071889576,-8.056581367676223,9,"[7, 34, 44, 45, 46, 61, 71, 72, 88]"
5545,358068593,345.8751069309473,-68.15411256560027,9,"[1, 2, 3, 28, 30, 68, 95, 96, 97]"
5546,358108310,302.7693661712793,-74.59436783666807,20,"[1, 2, 9, 12, 13, 27, 28, 29, 39, 62, 66, 67, 68, 69, 89, 93, 94, 95, 96, 98]"
5547,358118070,87.31320625331836,-5.1700640641725935,5,"[43, 44, 45, 71, 72]"
5548,384274143,262.8082566553892,-57.91816788775635,9,"[12, 13, 39, 66, 93, 100, 101, 102, 114]"
5549,309377322,225.88941803821075,-3.457793947964367,2,"[91, 115]"
5550,309433928,250.79205896844059,-71.09589202357687,9,"[11, 12, 13, 38, 39, 64, 65, 66, 93]"
5551,334515749,123.15915997564194,-8.831107592102486,9,"[7, 34, 44, 45, 46, 61, 71, 72, 88]"
5552,334628271,149.955706754448,-30.62475606114171,7,"[8, 35, 62, 89, 99, 112, 113]"
5553,358290716,28.911488568870233,-75.39745240831077,19,"[2, 3, 4, 5, 9, 12, 29, 30, 31, 32, 39, 63, 65, 66, 90, 93, 96, 97, 98]"
5554,358290717,28.917079597537168,-75.39791406023329,19,"[2, 3, 4, 5, 9, 12, 29, 30, 31, 32, 39, 63, 65, 66, 90, 93, 96, 97, 98]"
5555,358379437,184.9687750074099,-60.53005806249491,7,"[9, 10, 36, 37, 90, 111, 112]"
5556,309598739,228.0709755125425,-7.050113432785555,4,"[11, 38, 91, 115]"
5557,309599261,161.46127704869042,33.467491422870644,2,"[22, 49]"
5558,309662501,114.0405198041681,33.02676453511529,3,"[20, 47, 60]"
5559,309620805,160.76047163337512,36.1781027801371,3,"[22, 49, 76]"
5560,309765388,193.35974259495953,61.435883410104154,6,"[16, 23, 49, 50, 76, 77]"
5561,334791971,207.83120121078255,-42.197505371096305,7,"[10, 64, 99, 100, 101, 112, 113]"
5562,334776134,164.807336171628,-21.220990546190716,6,"[9, 35, 62, 89, 100, 113]"
5563,334895388,177.57012613197293,-14.624159816588012,5,"[9, 36, 63, 90, 114]"
5564,334895402,177.4570925512276,-14.585846111728978,5,"[9, 36, 63, 90, 114]"
5565,334849779,179.22976834115315,-19.666703155279887,3,"[9, 100, 114]"
5566,358512601,338.6422353298077,-65.71998362194455,5,"[1, 28, 68, 69, 96]"
5567,384881668,20.724094437595227,7.408598735169204,4,"[17, 42, 43, 70]"
5568,384884033,21.08518061946227,7.731422695717542,5,"[17, 42, 43, 70, 84]"
5569,384885401,20.655420097824486,6.2867614514927315,4,"[17, 42, 43, 70]"
5570,309797185,260.1680479617934,-49.172517723204656,9,"[12, 39, 66, 93, 100, 101, 102, 103, 113]"
5571,309806125,262.29189235046397,-54.46441150734143,10,"[12, 13, 39, 66, 93, 100, 101, 102, 113, 114]"
5572,335109267,218.9436682156711,-1.7121474520679543,2,"[91, 115]"
5573,358670579,147.33379047673967,0.05138891007819245,3,"[45, 46, 72]"
5574,358767543,159.5504378065938,64.80668504222446,10,"[15, 16, 21, 22, 41, 49, 75, 76, 120, 121]"
5575,358767963,154.29450573635515,66.1446537025603,11,"[14, 16, 21, 22, 41, 48, 49, 75, 76, 120, 121]"
5576,358805843,158.1748042767621,4.5806118288037245,3,"[45, 46, 72]"
5577,384957100,335.58215056309814,28.649717993066044,2,"[55, 82]"
5578,384942095,334.04678385888406,25.45475823112718,2,"[55, 82]"
5579,384986756,59.466591117382976,24.000915626845494,3,"[18, 58, 86]"
5580,384999194,183.6606075250178,-67.89066167107644,10,"[9, 10, 35, 36, 37, 62, 63, 64, 89, 90]"
5581,385116000,24.85517361260888,6.634118951330324,4,"[17, 42, 43, 70]"
5582,385117613,26.027444503366834,8.352735041191798,6,"[17, 42, 43, 57, 70, 84]"
5583,310159377,84.81808197450232,30.128867480382162,4,"[19, 59, 73, 86]"
5584,310138714,181.27056191288457,-53.919691405460526,10,"[9, 10, 36, 63, 90, 99, 110, 111, 112, 113]"
5585,335127620,231.3171478171527,-54.43175796610124,9,"[11, 64, 65, 99, 100, 101, 112, 113, 114]"
5586,335259606,233.73662784449323,3.1032241505186757,2,"[91, 115]"
5587,335303863,234.37945839887186,1.4700225920914372,1,[91]
5588,358933830,233.12282006818612,-61.38505411724941,6,"[11, 12, 38, 64, 65, 100]"
5589,359030908,166.21029107723132,31.138266987234214,2,"[22, 49]"
5590,359033491,36.77747965092851,53.189564725881134,9,"[17, 18, 24, 57, 58, 77, 78, 84, 85]"
5591,359048351,167.31345264400983,32.20940569305743,2,"[22, 49]"
5592,385331108,186.47232785321233,-10.545482835832825,5,"[36, 46, 63, 91, 115]"
5593,310349997,84.99190919548946,26.07402634304588,4,"[19, 59, 73, 86]"
5594,310352737,173.77813917538438,58.930007185597475,6,"[15, 22, 23, 49, 76, 121]"
5595,310362802,179.95297022735596,58.89802479455645,7,"[22, 23, 49, 50, 76, 77, 121]"
5596,310379752,179.41685520581174,59.64464585651415,8,"[16, 22, 23, 49, 50, 76, 77, 121]"
5597,310381204,181.0936991349607,58.83966959211088,7,"[22, 23, 49, 50, 76, 77, 121]"
5598,310394444,181.44540066332345,58.91155458057559,7,"[22, 23, 49, 50, 76, 77, 121]"
5599,335498585,186.09350068617638,-16.090989097513003,3,"[36, 63, 114]"
5600,335553482,255.39062783975774,-14.713484618291012,4,"[12, 39, 66, 93]"
5601,335564542,106.9940974182201,38.5173680185124,4,"[20, 47, 60, 74]"
5602,359123294,181.0346341320492,31.584127870680746,2,"[23, 49]"
5603,359220744,193.76408208521056,35.353184263222744,3,"[23, 50, 77]"
5604,359313470,263.6644709723897,79.51412077542312,46,"[14, 15, 16, 17, 18, 19, 20, 21, 22, 23, 24, 25, 26, 40, 41, 47, 48, 49, 50, 51, 52, 53, 54, 55, 56, 57, 58, 60, 73, 74, 76, 77, 78, 79, 80, 81, 82, 83, 84, 85, 86, 117, 118, 119, 120, 121]"
5605,385430433,214.77543315880015,-3.4227002672695663,2,"[91, 115]"
5606,385453301,146.17060602516773,42.75495608272628,3,"[21, 48, 75]"
5607,385452645,121.13743412421944,35.705541332029014,3,"[21, 47, 74]"
5608,385590511,61.2630979630692,4.854187656389786,5,"[42, 43, 44, 70, 71]"
5609,310517307,225.06013837654072,60.28981426093753,4,"[24, 25, 78, 117]"
5610,310555052,224.19944102803242,-55.347384087778025,11,"[11, 37, 38, 64, 65, 99, 100, 101, 112, 113, 114]"
5611,310507162,262.5313056050962,-50.72551464868512,10,"[12, 13, 39, 66, 93, 101, 102, 103, 113, 114]"
5612,335639087,202.97985478004517,-4.001297006912001,3,"[46, 91, 115]"
5613,335655675,119.67978808828094,71.16201205332456,15,"[14, 15, 20, 21, 26, 40, 41, 47, 48, 53, 60, 73, 75, 119, 120]"
5614,335657555,204.6301438852144,-8.176408303047923,5,"[10, 37, 64, 91, 115]"
5615,335651033,284.76001993823286,-0.2765694503730998,2,"[92, 116]"
5616,335807941,226.54972048895772,-0.015798637669597385,2,"[91, 115]"
5617,359480437,263.666822409271,50.98597275238565,7,"[25, 26, 52, 53, 79, 80, 118]"
5618,359391026,258.7229290569523,49.91866802546287,7,"[25, 26, 52, 53, 79, 117, 118]"
5619,359581838,233.2518960999272,-60.120248758582306,7,"[11, 12, 38, 64, 65, 100, 113]"
5620,359600295,297.42957750019224,41.50581863786086,5,"[14, 40, 54, 81, 119]"
5621,385721987,116.05648881552744,-38.97421477951464,8,"[7, 34, 87, 88, 108, 109, 110, 111]"
5622,310844746,346.9126549255837,6.082150819577473,3,"[42, 70, 92]"
5623,310853458,348.42260291466437,8.547233720194429,5,"[42, 56, 70, 83, 92]"
5624,310842836,348.3190014118056,9.858986154043215,5,"[42, 56, 70, 83, 92]"
5625,310855822,264.19305517653487,-53.07783237702454,9,"[12, 13, 39, 66, 93, 101, 102, 113, 114]"
5626,310872966,86.14609171196106,28.07979681888998,3,"[19, 59, 73]"
5627,335870780,330.81849948695105,-3.7194403095962785,3,"[42, 92, 116]"
5628,335868522,177.59526883331188,15.231270572002407,1,[49]
5629,359771212,240.69163090773378,-62.30456909721221,7,"[11, 12, 38, 39, 65, 66, 93]"
5630,359822522,192.53165038860922,-67.89666445168243,10,"[9, 10, 11, 36, 37, 62, 63, 64, 89, 90]"
5631,359914730,224.74146522963585,-31.028026122680796,4,"[11, 38, 101, 102]"
5632,359852416,235.197528871363,-60.31608404242149,9,"[11, 12, 38, 39, 64, 65, 100, 113, 114]"
5633,385921363,115.84008663358205,-36.43282942788971,6,"[7, 34, 87, 88, 108, 110]"
5634,359904288,200.39045138506194,-69.60975258247818,9,"[9, 10, 11, 36, 37, 38, 63, 64, 90]"
5635,385924749,115.59783364708603,-35.31874603027476,7,"[7, 34, 87, 88, 108, 110, 111]"
5636,386070356,116.297585748536,-37.16166432577471,6,"[7, 34, 87, 88, 108, 110]"
5637,310919689,349.00422790868055,9.315403831216557,5,"[42, 56, 70, 83, 92]"
5638,310980331,148.37454425823816,58.02476048930144,7,"[14, 15, 21, 22, 48, 75, 120]"
5639,310934741,143.72985597880879,47.59776322063488,6,"[14, 15, 21, 41, 48, 120]"
5640,311001628,173.11852847040757,56.17452601446389,7,"[15, 16, 22, 23, 49, 76, 121]"
5641,311069416,176.91911292796718,64.80416198437388,9,"[15, 16, 22, 23, 49, 50, 76, 77, 121]"
5642,311063391,86.78914716138287,30.0914451646754,3,"[19, 59, 73]"
5643,336130128,288.1125578394294,60.331474226120505,9,"[14, 26, 40, 53, 54, 80, 81, 118, 119]"
5644,336130142,288.10374641597053,60.34279985272315,9,"[14, 26, 40, 53, 54, 80, 81, 118, 119]"
5645,359997243,234.00929566239995,-59.614413498234796,9,"[11, 12, 38, 64, 65, 99, 100, 113, 114]"
5646,359981217,295.17069856368096,33.54827044525046,2,"[54, 81]"
5647,386458569,135.12447652212882,-32.68917731828445,7,"[8, 34, 61, 88, 99, 111, 112]"
5648,311112459,188.2581340798197,65.02819189995766,7,"[16, 22, 23, 50, 76, 77, 121]"
5649,311148485,59.94709316668308,-10.026217254798754,7,"[5, 32, 42, 43, 44, 70, 71]"
5650,311106921,264.82039965592656,-53.02175356823571,10,"[12, 13, 39, 66, 93, 100, 101, 102, 113, 114]"
5651,311151363,62.37719287920017,-6.354893677223863,7,"[5, 32, 42, 43, 44, 70, 71]"
5652,311233535,139.50473583708498,82.87636008748422,43,"[16, 17, 18, 19, 20, 21, 22, 23, 24, 25, 26, 40, 47, 48, 49, 50, 51, 52, 53, 54, 55, 56, 57, 58, 59, 60, 73, 74, 76, 77, 78, 79, 80, 81, 82, 83, 84, 85, 86, 117, 118, 119, 121]"
5653,311235354,164.32194316477546,83.68246861108825,46,"[14, 15, 16, 17, 18, 19, 20, 21, 23, 24, 25, 26, 40, 41, 47, 48, 49, 50, 51, 52, 53, 54, 55, 56, 57, 58, 59, 60, 73, 74, 75, 76, 77, 78, 79, 80, 81, 82, 83, 84, 85, 86, 117, 118, 119, 120]"
5654,311223680,87.11510016434815,29.090954929046717,3,"[19, 59, 73]"
5655,336394849,21.651117565535035,63.283107283965855,9,"[16, 17, 24, 57, 58, 77, 78, 84, 85]"
5656,336444537,353.76852089119063,66.4752724827836,11,"[15, 16, 55, 56, 57, 75, 76, 77, 82, 84, 121]"
5657,360199591,199.73015063663735,-69.31666689418053,8,"[9, 11, 36, 37, 38, 63, 64, 90]"
5658,360259773,235.09289359811007,-59.540026215598125,10,"[11, 12, 38, 39, 64, 65, 99, 100, 113, 114]"
5659,386561785,153.72191635399307,-29.774395514148328,6,"[8, 62, 89, 99, 112, 113]"
5660,386563653,165.56176152862994,-19.442134490321788,4,"[9, 35, 100, 113]"
5661,386614711,166.1959554869537,-19.414279033840348,4,"[9, 35, 100, 113]"
5662,386657306,180.41521387514692,-64.97566160872908,8,"[9, 35, 36, 37, 62, 63, 89, 90]"
5663,386646447,185.109477076962,-66.67409714475431,9,"[9, 10, 35, 36, 37, 62, 64, 89, 90]"
5664,386703614,192.99907018420507,-7.538290406558375,6,"[10, 46, 63, 90, 91, 115]"
5665,386704780,194.8864787218289,-11.916871386103635,6,"[10, 37, 63, 90, 101, 115]"
5666,386704864,195.00740364075358,-12.219320865449738,5,"[10, 37, 63, 90, 101]"
5667,311302800,284.6210236392594,10.105504844846594,3,"[80, 92, 116]"
5668,311422967,262.3896351742715,47.600998164479506,6,"[26, 52, 53, 79, 80, 118]"
5669,311401333,265.39352980596186,-51.26734566284664,11,"[12, 13, 39, 66, 93, 100, 101, 102, 103, 113, 114]"
5670,360524514,194.1422490697985,-67.72984588499041,8,"[9, 10, 11, 36, 37, 63, 64, 90]"
5671,360632151,239.60620625590715,-60.53069840844359,7,"[11, 12, 38, 39, 100, 113, 114]"
5672,360689728,284.0371460927916,-31.99008596920039,5,"[13, 27, 67, 94, 104]"
5673,360689837,284.0365662380547,-32.10572689989566,5,"[13, 27, 67, 94, 104]"
5674,386865278,142.69407826876355,-0.673142014003896,2,"[45, 46]"
5675,386886976,225.02134587647956,0.36180511394733206,1,[115]
5676,386888568,223.8359529520675,4.160759345022471,2,"[91, 115]"
5677,311556725,139.39001013961138,36.79452996958889,3,"[21, 48, 75]"
5678,311567350,136.7481447898232,40.58048385496612,3,"[21, 48, 75]"
5679,311519281,345.43503321448674,7.374583172116375,5,"[42, 56, 70, 83, 92]"
5680,336735897,12.719121878549155,11.975184591654173,4,"[42, 43, 57, 84]"
5681,311649327,266.1197485747116,-52.03731017728893,9,"[12, 13, 39, 100, 101, 102, 103, 113, 114]"
5682,336781117,236.77842092233195,-44.027465753549656,10,"[11, 12, 38, 65, 99, 100, 101, 102, 113, 114]"
5683,336893395,17.658629912302555,-4.823377890076812,3,"[42, 43, 70]"
5684,360830784,190.842590008503,-66.36998415391149,7,"[9, 10, 36, 37, 63, 89, 90]"
5685,387176295,179.62248585286133,-64.11037279073005,7,"[9, 10, 35, 62, 63, 89, 90]"
5686,311727594,226.8802230665666,-58.59010443317631,9,"[11, 37, 38, 64, 65, 99, 100, 113, 114]"
5687,311826761,40.394558097022724,49.41676778013741,6,"[17, 18, 24, 58, 78, 85]"
5688,336959732,31.107902410856312,-4.2593526564153,4,"[42, 43, 70, 71]"
5689,337046360,32.53504550753243,-6.651299194722396,6,"[4, 31, 42, 43, 70, 71]"
5690,337046898,33.55880959894332,-4.391901824093335,4,"[42, 43, 70, 71]"
5691,336981693,31.683055439125827,-4.223302310559707,4,"[42, 43, 70, 71]"
5692,336956836,17.782259246114002,-6.558145066242476,6,"[3, 30, 42, 43, 70, 97]"
5693,337086872,92.53960070142425,-9.605462553811053,8,"[6, 33, 43, 44, 45, 71, 72, 87]"
5694,361081044,256.97234728228744,-49.77009541278744,8,"[12, 39, 65, 66, 93, 100, 102, 113]"
5695,361082817,256.7356605316843,-48.90464862696464,10,"[12, 39, 65, 66, 93, 100, 101, 102, 113, 114]"
5696,387359292,19.168949806460184,74.09252353857465,15,"[15, 16, 17, 18, 24, 25, 56, 58, 76, 78, 83, 84, 85, 117, 121]"
5697,387389106,305.8955704081487,36.63138885080653,4,"[54, 81, 119, 120]"
5698,387406916,341.68151645945017,28.862373419865794,3,"[56, 82, 83]"
5699,387510765,24.491817695898447,74.00060487802907,17,"[16, 17, 18, 24, 25, 52, 56, 57, 58, 76, 77, 78, 83, 84, 85, 86, 121]"
5700,311898095,356.3579957621947,51.177429332025476,5,"[16, 56, 76, 83, 121]"
5701,312024505,138.29190532286086,-4.036991198552288,3,"[45, 46, 72]"
5702,337256401,234.29647833872062,28.21944476963596,2,"[51, 117]"
5703,361219467,201.0858525560736,-68.45483247660515,9,"[9, 10, 11, 36, 37, 38, 63, 64, 90]"
5704,361299966,265.70878538735315,25.961403223181517,1,[118]
5705,361299967,265.7151739142129,25.961254301619416,1,[118]
5706,387541497,44.10412597852109,-8.0433619808163,7,"[4, 31, 42, 43, 44, 70, 71]"
5707,387640826,305.94487194768686,36.31671452974117,2,"[54, 81]"
5708,312274666,275.7333042603786,-15.69811844926542,4,"[13, 66, 93, 104]"
5709,337438474,270.5342219469175,-28.211526358703566,6,"[13, 39, 66, 93, 103, 104]"
5710,337568974,79.30271214403051,-1.7906234011096667,3,"[43, 44, 71]"
5711,387802021,79.70151620036054,-0.7574204207295899,3,"[43, 44, 45]"
5712,387869999,83.45343220233217,-4.160363044579795,5,"[43, 44, 45, 71, 72]"
5713,312500707,321.3387815103555,56.78515538369191,10,"[14, 15, 41, 54, 55, 75, 81, 82, 120, 121]"
5714,312361414,88.91766888159107,8.26613369319816,8,"[19, 43, 44, 45, 59, 71, 72, 73]"
5715,312565210,88.98702515573731,6.528690769371735,6,"[19, 43, 44, 45, 71, 72]"
5716,337787223,301.65244488958535,46.95211981124443,7,"[14, 40, 41, 54, 81, 119, 120]"
5717,361705042,256.303072724447,27.553558933657015,1,[118]
5718,337919172,231.38798690062794,-52.14242836306453,8,"[11, 65, 99, 100, 101, 112, 113, 114]"
5719,361861044,256.49632485048363,-45.70453465036436,10,"[12, 39, 66, 93, 100, 101, 102, 103, 113, 114]"
5720,361834361,193.6781073506722,-66.19048497358382,6,"[9, 36, 37, 63, 64, 90]"
5721,361952694,118.58425634569446,27.46065179207147,2,"[20, 47]"
5722,361978931,148.11580756344932,31.683827617240464,2,"[21, 48]"
5723,387897783,37.30654045761683,73.08915184844875,17,"[16, 17, 18, 19, 24, 25, 52, 57, 58, 59, 76, 77, 78, 79, 84, 85, 86]"
5724,387950879,26.89822068126129,72.33522690099998,15,"[16, 18, 24, 25, 56, 57, 58, 76, 77, 78, 83, 84, 85, 86]"
5725,388015492,120.67273363511504,-11.894082168052401,6,"[7, 34, 61, 71, 72, 88]"
5726,388018867,120.71323003756125,-11.336096002009851,8,"[7, 34, 44, 46, 61, 71, 72, 88]"
5727,312732719,89.76325782793221,6.544602612139281,6,"[19, 43, 44, 45, 71, 72]"
5728,312682725,39.91075738548465,45.35790386516151,4,"[17, 18, 58, 85]"
5729,312779024,42.518774021830154,46.60731958744761,4,"[17, 18, 58, 85]"
5730,312809475,92.81897535198173,34.017720613389905,3,"[20, 60, 73]"
5731,312886004,171.4289822270827,53.479712533379185,4,"[15, 16, 22, 121]"
5732,312886485,169.04808396019587,55.13179470349127,6,"[15, 16, 22, 49, 76, 121]"
5733,338130487,235.269913492715,-55.06026934078186,9,"[11, 12, 38, 65, 99, 100, 101, 112, 113]"
5734,338213640,278.16330167103473,-9.518359454974192,3,"[13, 92, 116]"
5735,362021826,115.94205349574221,15.62805743810289,3,"[20, 47, 60]"
5736,388170973,294.1376438441046,31.63425658195569,2,"[54, 81]"
5737,312987311,107.9720637768363,52.26786471516603,8,"[20, 26, 40, 47, 53, 60, 74, 119]"
5738,313026885,113.85420005514054,54.14624501285946,8,"[14, 20, 40, 41, 53, 60, 74, 119]"
5739,313026887,113.8518560562066,54.1462701165272,8,"[14, 20, 40, 41, 53, 60, 74, 119]"
5740,313002372,276.0849493298253,-18.63861491111836,4,"[13, 66, 93, 104]"
5741,313071654,237.19784221119085,-30.40444947262178,5,"[11, 38, 65, 102, 103]"
5742,313093652,346.09040510166074,63.00824070526974,9,"[15, 16, 55, 56, 75, 76, 82, 83, 121]"
5743,313057826,114.3276662091297,53.931631703538244,9,"[14, 20, 40, 41, 47, 53, 60, 74, 119]"
5744,313261813,153.36845260572258,64.53326810180269,12,"[14, 15, 16, 21, 22, 41, 48, 49, 75, 76, 120, 121]"
5745,313245633,276.41173435665155,-13.543431088909783,4,"[13, 66, 93, 104]"
5746,313322899,180.80627373712193,59.58458348483371,7,"[22, 23, 49, 50, 76, 77, 121]"
5747,313323545,184.96670628298835,56.92706256430082,7,"[16, 22, 23, 49, 50, 76, 77]"
5748,313305586,113.00780198961232,55.643310500873675,7,"[14, 20, 40, 41, 53, 60, 74]"
5749,338437796,23.496878416450357,61.33528747906636,9,"[16, 17, 24, 57, 58, 77, 78, 84, 85]"
5750,338412799,272.7587772691379,26.534546374637813,2,"[80, 118]"
5751,362332215,258.51648752389667,-49.413756833874565,9,"[12, 39, 66, 93, 100, 101, 102, 103, 113]"
5752,362471775,256.9100006530488,-44.54743245292175,10,"[12, 39, 66, 93, 100, 101, 102, 103, 113, 114]"
5753,388293933,20.07075431127133,58.9611260819171,4,"[16, 17, 24, 84]"
5754,388351327,156.98161661920238,-67.41369560309681,9,"[8, 9, 34, 35, 36, 61, 63, 88, 90]"
5755,313498735,222.7720890259615,72.91040411946602,11,"[16, 23, 25, 50, 51, 52, 77, 78, 79, 83, 117]"
5756,313452324,133.62289952354453,65.9998849578639,11,"[14, 15, 20, 22, 40, 47, 74, 75, 119, 120, 121]"
5757,313477209,276.4772521724249,-16.44669627111707,4,"[13, 66, 93, 104]"
5758,313630604,311.37360669308015,18.019663454855067,2,"[54, 81]"
5759,338930194,29.64308790569451,62.1440144724632,9,"[17, 18, 24, 57, 58, 77, 78, 84, 85]"
5760,362661163,267.2118686862269,-28.433896818100674,5,"[39, 66, 93, 103, 104]"
5761,362709839,258.30379720335947,-46.82375661408637,10,"[12, 39, 66, 93, 100, 101, 102, 103, 113, 114]"
5762,362747897,258.68137698786177,-47.54188147733604,9,"[12, 39, 66, 93, 101, 102, 103, 113, 114]"
5763,362924871,259.1328837700441,-48.53935783379075,9,"[12, 66, 93, 100, 101, 102, 103, 113, 114]"
5764,388565206,73.22281094755427,65.7465766575218,12,"[18, 25, 26, 52, 53, 59, 60, 73, 78, 79, 85, 86]"
5765,388498969,158.38465144509183,-67.8200319265294,9,"[8, 9, 34, 35, 36, 61, 63, 88, 90]"
5766,388499647,157.76446509117733,-67.54726020675783,9,"[8, 9, 34, 35, 36, 61, 63, 88, 90]"
5767,388632909,158.21097986378206,-67.28772946495468,9,"[8, 9, 34, 35, 36, 61, 63, 88, 90]"
5768,313723578,276.5978827839839,-16.642059221411543,4,"[13, 66, 93, 104]"
5769,313737108,258.1729367651534,49.969976274651756,7,"[25, 26, 52, 53, 79, 117, 118]"
5770,313863987,353.5696759556257,1.4199319438008677,3,"[42, 70, 92]"
5771,313836794,332.90072630236233,10.20122909960274,5,"[42, 55, 82, 92, 116]"
5772,313885270,352.7900061783362,-1.081671944631809,3,"[42, 70, 92]"
5773,313838761,352.168545078489,-1.4105231653082535,3,"[42, 70, 92]"
5774,313940354,15.622626999234175,-39.05992702485835,7,"[3, 30, 97, 104, 105, 106, 107]"
5775,313942295,276.7444012588233,-15.482106289880178,4,"[13, 66, 93, 104]"
5776,313942325,276.7446106582077,-15.476179879554733,4,"[13, 66, 93, 104]"
5777,339261412,283.58264548854635,-43.6322627967528,9,"[13, 27, 67, 94, 101, 102, 103, 104, 114]"
5778,339268020,87.06410595758142,38.55929402346638,3,"[19, 59, 86]"
5779,339246411,286.7287896557091,35.85967823739584,2,"[54, 80]"
5780,363237221,182.15831632352186,-60.758724545768594,10,"[9, 10, 36, 37, 62, 63, 89, 90, 111, 112]"
5781,388770877,324.01773287552936,14.854055813990914,2,"[55, 82]"
5782,388803560,170.03179926436977,3.973680623890652,3,"[45, 46, 72]"
5783,339372739,87.16583557304322,37.22869577016774,3,"[19, 59, 86]"
5784,339356550,286.9105340020357,37.01281707185714,4,"[53, 54, 80, 119]"
5785,339406181,237.20349276198098,-55.30719674289249,8,"[11, 12, 38, 65, 100, 101, 113, 114]"
5786,339497136,222.65405604617374,-17.34266952965449,4,"[11, 38, 64, 102]"
5787,339496156,223.08403959703918,-18.45306444587094,4,"[11, 38, 64, 102]"
5788,363479332,169.1173880573204,0.6249919297641198,1,[72]
5789,363496434,168.70156901535083,1.696667083108215,3,"[45, 46, 72]"
5790,388843945,169.68977090560855,7.557478664208589,5,"[22, 45, 46, 49, 72]"
5791,388881037,170.0887679331237,7.606736279109685,5,"[22, 45, 46, 49, 72]"
5792,388899589,172.30182334393777,3.502895361350634,3,"[45, 46, 72]"
5793,388907349,172.7780847171219,3.4766419329502414,3,"[45, 46, 72]"
5794,314265097,232.09223633286814,-49.88921375970903,7,"[11, 65, 99, 101, 112, 113, 114]"
5795,339553925,201.39336400161824,21.854504514418547,2,"[23, 50]"
5796,339600902,285.41095095645414,-43.64519260930202,6,"[13, 27, 67, 102, 103, 104]"
5797,339622871,295.26401013355445,36.55473744367064,3,"[14, 54, 81]"
5798,339635291,142.32120606388852,-76.06078050836847,23,"[3, 6, 7, 8, 9, 10, 13, 30, 33, 34, 35, 36, 61, 62, 63, 67, 69, 88, 89, 90, 94, 96, 97]"
5799,363547543,170.62999874191075,0.1612873348086019,3,"[45, 46, 72]"
5800,363547626,170.8095006891393,-0.3699212115962676,2,"[45, 46]"
5801,363573014,171.64652999502135,-0.5752673649822652,2,"[45, 46]"
5802,339769900,149.9764321037739,-77.48544239718099,34,"[3, 4, 6, 7, 8, 9, 10, 13, 27, 29, 30, 31, 33, 34, 35, 36, 37, 39, 61, 62, 63, 64, 67, 68, 69, 87, 88, 89, 90, 94, 95, 96, 97, 98]"
5803,363549733,171.17166073582325,-0.5271771552433457,2,"[45, 46]"
5804,363549734,171.17796641776798,-0.5318147789705263,2,"[45, 46]"
5805,363748801,259.7646273009844,-45.553802222340344,9,"[12, 39, 66, 93, 101, 102, 103, 113, 114]"
5806,388991652,206.0247528531634,13.969853075269386,1,[50]
5807,388990004,206.68253346477002,12.142325868626157,2,"[50, 91]"
5808,389012309,261.3591859229268,-69.46097095910278,11,"[11, 12, 13, 27, 38, 39, 65, 66, 67, 93, 94]"
5809,388996956,324.746136718789,23.98551211069794,2,"[55, 82]"
5810,389051511,62.821069493933464,-7.462122045122489,6,"[5, 32, 43, 44, 70, 71]"
5811,314487337,21.719259323821063,54.95964018245509,6,"[16, 17, 24, 57, 77, 84]"
5812,314464830,356.1197890809075,63.48777078406771,9,"[15, 16, 56, 57, 76, 77, 83, 84, 121]"
5813,314562244,277.0614720548805,-16.471226066608885,4,"[13, 66, 93, 104]"
5814,339918303,277.79817762826826,-21.008134993044138,5,"[13, 66, 93, 94, 104]"
5815,339911597,277.5677523971996,-23.85520316291163,4,"[13, 66, 93, 104]"
5816,363846319,216.68075062821634,-32.20562740332574,6,"[11, 37, 64, 101, 102, 114]"
5817,363874696,259.7956902088371,-44.67040375884714,9,"[12, 39, 66, 93, 101, 102, 103, 113, 114]"
5818,363960269,266.0082098395746,42.28550832392241,5,"[26, 52, 53, 79, 118]"
5819,364099782,260.21773778889013,-44.93834142273781,9,"[12, 39, 66, 93, 101, 102, 103, 113, 114]"
5820,389121767,75.41795271995514,-6.763527348590759,5,"[5, 32, 43, 44, 71]"
5821,389195658,144.604575637214,-2.9687492971961285,3,"[45, 46, 72]"
5822,389136129,75.45722854826197,-8.308440200098765,5,"[5, 32, 43, 44, 71]"
5823,340110295,277.8083032734798,-24.60869168580145,5,"[13, 66, 93, 94, 104]"
5824,340182320,287.2688302564219,35.958127055627166,2,"[54, 80]"
5825,340229490,237.60308294909456,-54.811830819790856,8,"[11, 12, 38, 65, 100, 101, 113, 114]"
5826,340319610,147.81583622448272,-73.09179254118183,13,"[7, 8, 9, 34, 35, 36, 61, 62, 63, 87, 88, 89, 90]"
5827,364168886,318.7370306707075,13.805319760441577,2,"[55, 82]"
5828,364161650,260.4340493223562,-45.268054052984446,10,"[12, 39, 66, 93, 100, 101, 102, 103, 113, 114]"
5829,364170816,319.17654670282275,14.785176207212345,2,"[55, 82]"
5830,364293838,245.48382692261444,-19.865564785755875,3,"[12, 65, 103]"
5831,364395684,168.63654744070536,-77.38539342256583,34,"[1, 3, 4, 7, 8, 9, 10, 11, 13, 27, 28, 30, 31, 33, 34, 35, 36, 37, 38, 61, 62, 63, 64, 67, 68, 69, 87, 88, 89, 90, 94, 95, 96, 97]"
5832,389255665,202.7532643762419,-41.87238972081375,8,"[64, 99, 100, 101, 111, 112, 113, 114]"
5833,340459410,160.03441887842166,-76.39970532924487,27,"[3, 4, 7, 8, 9, 10, 13, 27, 30, 33, 34, 35, 36, 37, 61, 63, 64, 67, 68, 87, 88, 89, 90, 94, 95, 96, 97]"
5834,340630839,252.19095392461463,-43.66461099704946,9,"[12, 39, 65, 66, 93, 100, 103, 113, 114]"
5835,340641623,287.8698130971856,36.14876867583266,2,"[54, 80]"
5836,364506152,340.0497848587665,62.939958598572034,11,"[15, 16, 41, 55, 56, 75, 76, 82, 83, 120, 121]"
5837,364668884,223.39391620657602,-59.76219657594819,9,"[11, 37, 38, 64, 65, 99, 100, 113, 114]"
5838,315340047,233.05013580949773,-50.24811483531602,9,"[11, 38, 65, 99, 100, 101, 112, 113, 114]"
5839,315473185,249.86408547193454,24.413369974367463,1,[117]
5840,340705975,358.61318290956586,-38.8489156713675,9,"[2, 3, 29, 30, 69, 104, 105, 106, 107]"
5841,340786513,279.85907262764925,-50.40614777229188,11,"[13, 27, 66, 67, 93, 94, 100, 101, 102, 103, 114]"
5842,340729870,234.99615680389252,-52.51569470258478,9,"[11, 38, 65, 99, 100, 101, 112, 113, 114]"
5843,340807027,317.5390290075958,32.696689792618336,3,"[55, 81, 82]"
5844,340798509,317.3770106096566,33.02219301299335,3,"[55, 81, 82]"
5845,364831956,326.65010978409975,65.66075073738662,13,"[14, 15, 41, 54, 55, 56, 75, 76, 81, 82, 83, 120, 121]"
5846,364903891,327.47935184348063,65.85274849440212,10,"[14, 15, 41, 54, 56, 75, 76, 83, 120, 121]"
5847,365006720,162.5375803276736,0.5781071454935909,1,[72]
5848,389610795,302.2105319763037,-25.14682406868251,4,"[27, 67, 94, 105]"
5849,389644839,275.68404648234275,-24.728209098127433,4,"[13, 66, 93, 104]"
5850,315755539,74.42787781436347,71.60949852010008,18,"[18, 19, 20, 24, 25, 26, 40, 47, 52, 53, 58, 60, 73, 74, 78, 85, 86, 119]"
5851,315756675,64.8222736796415,73.17178746724387,18,"[17, 18, 19, 20, 24, 26, 40, 52, 53, 58, 59, 60, 73, 77, 78, 79, 85, 86]"
5852,315568090,214.42545310988612,-58.26133078252548,9,"[10, 11, 37, 38, 64, 99, 100, 112, 113]"
5853,340987374,318.33740245608016,34.50757342137453,3,"[55, 81, 82]"
5854,340963903,236.84794737173266,-53.87966902700014,9,"[11, 12, 38, 65, 100, 101, 112, 113, 114]"
5855,341029467,250.74166880371212,-38.80168715710364,10,"[12, 39, 65, 66, 100, 101, 102, 103, 113, 114]"
5856,341066287,317.16734832836016,30.87211993390517,3,"[55, 81, 82]"
5857,365031229,161.60068111693224,4.865324274054635,3,"[45, 46, 72]"
5858,365050367,345.14394865299647,75.63028957136582,25,"[14, 15, 16, 17, 24, 41, 47, 50, 54, 55, 56, 57, 60, 74, 75, 76, 77, 81, 82, 83, 84, 85, 119, 120, 121]"
5859,365062665,22.979399807626304,1.5444947761505057,3,"[42, 43, 70]"
5860,365103423,342.57883565187,69.26021525383538,13,"[14, 15, 16, 41, 55, 56, 57, 75, 76, 82, 83, 84, 120]"
5861,365089053,200.34058519469127,9.751763345852735,5,"[23, 46, 50, 91, 115]"
5862,365151803,23.293085416036924,-1.8910288261759864,3,"[42, 43, 70]"
5863,365159284,200.39236330439832,12.535890295528574,2,"[23, 50]"
5864,365171514,271.57728176195354,-25.918206487535333,5,"[13, 39, 66, 93, 104]"
5865,365249121,42.389673023619515,-12.646170950012024,1,[4]
5866,365250144,42.040004059906295,-14.078130326267528,1,[4]
5867,389659987,308.74511926277273,-28.385897089311012,6,"[1, 27, 28, 68, 95, 105]"
5868,389681448,275.6424734224008,-26.900966776066795,4,"[13, 66, 93, 104]"
5869,389689344,313.6475027095469,-32.020936699087855,5,"[1, 28, 68, 95, 105]"
5870,389658670,307.96171212531834,-29.679892285661218,6,"[1, 27, 28, 68, 95, 105]"
5871,389757979,336.553763049615,-44.46111841962326,9,"[2, 28, 29, 68, 69, 96, 104, 105, 106]"
5872,315814495,4.794398323792603,68.9591261360343,10,"[15, 16, 17, 56, 57, 76, 77, 83, 84, 121]"
5873,365293943,45.22477422964582,-10.620534320141115,7,"[4, 31, 42, 43, 44, 70, 71]"
5874,365294034,45.29076462232516,-10.736419356622388,7,"[4, 31, 42, 43, 44, 70, 71]"
5875,365356329,46.834563106851476,-9.604804215600218,7,"[4, 31, 42, 43, 44, 70, 71]"
5876,365354762,47.69441603943897,-6.569063188986873,7,"[4, 31, 42, 43, 44, 70, 71]"
5877,365362195,272.0346345159923,-36.72697101813387,9,"[13, 39, 66, 93, 100, 102, 103, 104, 114]"
5878,365459588,64.39902545694086,-11.72384432569284,5,"[5, 32, 70, 71, 98]"
5879,365550075,64.95086110885491,-12.084558258778301,5,"[5, 32, 70, 71, 98]"
5880,389786845,169.0980582450439,40.62046911705859,3,"[22, 49, 76]"
5881,389853353,171.50549506556035,39.85953580533388,1,[22]
5882,316050673,63.74115346283981,33.93969440579914,3,"[18, 59, 86]"
5883,316281266,231.7670325221794,-48.80890938363513,7,"[11, 65, 99, 100, 101, 112, 113]"
5884,341365363,246.4252020581744,34.22932203801502,1,[117]
5885,341403920,298.99656460583134,-41.18177679402534,8,"[27, 67, 94, 101, 102, 103, 104, 105]"
5886,341460220,297.1851754818773,-45.00594658393029,7,"[13, 27, 67, 94, 102, 103, 104]"
5887,341478268,250.9308804699288,-39.077487107069665,11,"[12, 39, 65, 66, 93, 100, 101, 102, 103, 113, 114]"
5888,341523851,165.31974647032183,24.768024999173612,2,"[22, 49]"
5889,341545045,151.57389615270537,63.212449441183544,11,"[14, 15, 21, 22, 41, 48, 49, 75, 76, 120, 121]"
5890,341527144,124.11983920182199,13.127076934748775,2,"[21, 47]"
5891,341547044,155.66131093068915,-71.20561751235319,12,"[7, 8, 9, 34, 35, 36, 61, 62, 63, 88, 89, 90]"
5892,341522202,165.2377104154514,23.400201051026674,2,"[22, 49]"
5893,341565629,7.036199929235377,63.706861431783295,9,"[16, 17, 56, 57, 76, 77, 83, 84, 121]"
5894,365670764,7.10068374171102,71.15267560998655,12,"[15, 16, 17, 24, 56, 57, 58, 76, 77, 83, 84, 85]"
5895,365747036,81.47776272595061,-16.025519890223762,4,"[6, 32, 98, 110]"
5896,365725318,272.84003113972716,-40.49700658499062,10,"[13, 39, 66, 93, 100, 101, 102, 103, 104, 114]"
5897,365760877,344.992978653564,64.1273137573426,10,"[15, 16, 55, 56, 75, 76, 82, 83, 120, 121]"
5898,389917323,292.1577453806645,81.7785601011886,44,"[14, 15, 16, 17, 18, 19, 20, 21, 22, 23, 24, 25, 26, 40, 41, 48, 49, 50, 51, 52, 53, 54, 55, 56, 57, 58, 59, 73, 74, 75, 76, 77, 78, 80, 81, 82, 83, 84, 85, 86, 117, 118, 120, 121]"
5899,389987955,209.32629059103,-62.48755059226409,7,"[10, 11, 37, 38, 63, 64, 90]"
5900,316449929,64.998432506597,35.220038733793515,4,"[18, 19, 59, 86]"
5901,316422737,233.547083765241,-50.405705951113134,9,"[11, 38, 65, 99, 100, 101, 112, 113, 114]"
5902,341615298,110.24835950259514,60.12557154799215,12,"[14, 20, 21, 26, 40, 41, 47, 53, 60, 73, 74, 119]"
5903,365858902,11.560580348164736,27.328670945051318,2,"[57, 84]"
5904,365934195,17.59067052909912,28.821737387477555,3,"[17, 57, 84]"
5905,365898818,273.53963289479196,-37.380952162587484,8,"[13, 39, 66, 93, 102, 103, 104, 114]"
5906,365996589,273.75197885723725,-39.6658751609396,10,"[13, 39, 66, 93, 100, 101, 102, 103, 104, 114]"
5907,366036237,8.081981328771057,30.608759394060566,2,"[83, 84]"
5908,390333825,51.42425898413134,47.393275720872175,5,"[18, 24, 25, 58, 85]"
5909,316781121,341.33934884860804,-27.83308152463513,6,"[2, 29, 69, 96, 106, 107]"
5910,316806062,341.95266963733377,-27.351758835884876,6,"[2, 29, 69, 96, 106, 107]"
5911,316848255,65.43532176257074,34.61190631818766,4,"[18, 19, 59, 86]"
5912,341882592,4.409592742756296,55.70282734717562,7,"[16, 56, 57, 76, 77, 83, 84]"
5913,366059590,306.91457252049616,30.50509169113057,2,"[54, 81]"
5914,366125065,181.05417602691594,67.4926147681228,8,"[15, 22, 23, 49, 50, 76, 77, 121]"
5915,390410291,62.807618688440556,44.32979736804454,5,"[18, 19, 58, 59, 86]"
5916,390519633,61.299023544763585,41.60608153394601,4,"[58, 59, 85, 86]"
5917,390607654,185.6355092358004,13.215158103317112,1,[23]
5918,390607705,185.50990608948317,13.5427664934602,1,[23]
5919,390607729,185.35796277848095,13.686516508283132,1,[23]
5920,390628792,186.9267907083936,10.40661667938483,4,"[23, 46, 91, 115]"
5921,316918746,70.77410115871463,-39.19361787562378,7,"[5, 32, 98, 107, 108, 109, 110]"
5922,316956569,66.49013011206628,37.3773085970497,4,"[18, 19, 59, 86]"
5923,316959378,66.80679782916896,38.23807366157273,4,"[18, 19, 59, 86]"
5924,317021841,296.32690398380794,-57.694985337767605,8,"[1, 13, 27, 67, 94, 95, 101, 103]"
5925,342059813,270.02962154358414,44.18061661995344,5,"[26, 53, 79, 80, 118]"
5926,342041655,251.07829776505852,-38.75411167814667,11,"[12, 39, 65, 66, 93, 100, 101, 102, 103, 113, 114]"
5927,342063078,161.12372268500815,-71.58675250375323,11,"[8, 9, 10, 34, 35, 36, 61, 62, 63, 88, 90]"
5928,366295518,106.45521140367653,24.333411849425925,3,"[20, 47, 60]"
5929,366362698,215.64424594892787,24.809077628520722,1,[51]
5930,366412503,44.66430387441448,69.40810771418107,14,"[17, 18, 19, 24, 25, 52, 57, 58, 59, 77, 78, 79, 84, 86]"
5931,366390473,78.16536877325059,9.447597427843737,6,"[43, 44, 59, 71, 73, 86]"
5932,366482300,127.2918620547934,-11.587586438208287,5,"[7, 61, 72, 88, 112]"
5933,366497914,127.73751074767144,-11.742314651640854,6,"[7, 34, 61, 72, 88, 112]"
5934,390633441,187.4250181010356,11.563458459510056,5,"[23, 46, 50, 91, 115]"
5935,390730357,200.97433478733942,18.584658612311177,2,"[23, 50]"
5936,390733496,62.29717262596075,42.433259149563426,4,"[18, 19, 58, 86]"
5937,317132886,85.98244165067592,-38.2158098063256,8,"[6, 32, 33, 98, 107, 108, 109, 110]"
5938,317105855,283.8927581296793,49.08453705872818,7,"[26, 53, 54, 74, 80, 118, 119]"
5939,317089497,292.55027782953096,-62.35659645084642,7,"[1, 13, 27, 66, 67, 93, 95]"
5940,342173536,158.2689076681426,-69.83914354349731,11,"[8, 9, 34, 35, 36, 61, 62, 63, 88, 89, 90]"
5941,342230156,252.98478066384914,-43.37528338893756,11,"[12, 39, 65, 66, 93, 100, 101, 102, 103, 113, 114]"
5942,366510795,224.05728264611525,27.665391278520296,1,[51]
5943,366534612,78.76392496650253,12.933376841869347,3,"[59, 73, 86]"
5944,366557556,42.87416937829503,68.64337309550987,14,"[17, 18, 24, 25, 52, 57, 58, 59, 77, 78, 79, 84, 85, 86]"
5945,366577510,127.84087190924366,-8.776271852688213,8,"[7, 34, 44, 45, 46, 61, 72, 88]"
5946,366623694,127.96018140523918,-8.48598679220026,8,"[7, 34, 44, 45, 46, 61, 72, 88]"
5947,366654110,229.96322769165167,23.258014009900638,2,"[51, 117]"
5948,366614621,306.9641608167095,27.802922356905846,2,"[54, 81]"
5949,366661076,177.16367731619934,0.6944605539823352,2,"[72, 115]"
5950,366700717,179.98365437387557,6.326013533395348,3,"[46, 49, 115]"
5951,366756898,187.20015639027505,5.57312712169731,3,"[46, 91, 115]"
5952,366712593,181.05704296234012,4.881218558261663,2,"[46, 115]"
5953,317298490,264.52775352287523,-69.32758926584452,10,"[12, 13, 27, 38, 39, 65, 66, 67, 93, 94]"
5954,317321073,53.86804706493483,64.97710329501164,12,"[17, 18, 19, 24, 25, 52, 58, 59, 78, 79, 85, 86]"
5955,317479128,87.52602130976385,-38.92827496759375,8,"[6, 33, 87, 98, 107, 108, 109, 110]"
5956,317480495,87.53013252450222,-40.97516768224451,8,"[6, 33, 87, 98, 107, 108, 109, 110]"
5957,342426198,277.8158675199219,43.7285028549325,5,"[26, 40, 53, 118, 119]"
5958,342503860,170.97493980480849,-72.91408749277464,14,"[8, 9, 10, 34, 35, 36, 37, 61, 62, 63, 64, 88, 89, 90]"
5959,366841879,338.2002768247172,60.49474448665312,11,"[15, 16, 41, 55, 56, 75, 76, 82, 83, 120, 121]"
5960,367008886,47.69828406615307,67.01308822579159,13,"[17, 18, 19, 24, 25, 52, 57, 59, 77, 79, 84, 85, 86]"
5961,367048891,308.972599458804,27.88641056199256,2,"[54, 81]"
5962,391095065,74.67272106874519,19.71417268532449,1,[19]
5963,391253513,75.11036461415462,20.91653504452802,4,"[19, 59, 73, 86]"
5964,317548889,87.97300081066331,-39.69329187277176,8,"[6, 33, 87, 98, 107, 108, 109, 110]"
5965,317646251,54.40309327205873,64.26924980002197,11,"[17, 18, 24, 25, 52, 58, 59, 78, 79, 85, 86]"
5966,317682048,67.50048072617794,34.21324069482786,3,"[19, 59, 86]"
5967,317714240,48.29916974619804,62.536129104623484,9,"[17, 18, 24, 25, 52, 78, 79, 85, 86]"
5968,317721019,88.89594179444076,-37.60294855876426,7,"[6, 33, 87, 98, 107, 109, 110]"
5969,317723746,285.61660086188,50.94100410473864,9,"[26, 40, 53, 54, 74, 80, 81, 118, 119]"
5970,367211869,305.6500433541486,30.6278443611588,2,"[54, 81]"
5971,367278232,334.146981857149,31.454970660925348,3,"[55, 82]"
5972,391368040,271.99724039844705,32.30270702406662,2,"[80, 118]"
5973,317879989,337.40023061597,14.05053143465878,2,"[55, 82]"
5974,317888368,68.0581659198294,34.97687526457519,3,"[19, 59, 86]"
5975,317914134,335.76535318339137,14.635299935694755,2,"[55, 82]"
5976,317914617,335.27153574039784,13.21029158371515,2,"[55, 82]"
5977,342980046,257.52355874878566,-14.840772636515453,4,"[12, 39, 66, 93]"
5978,343048490,252.648442952128,-40.85480148519257,10,"[12, 39, 65, 66, 93, 100, 102, 103, 113, 114]"
5979,367460125,334.8955640487166,32.21669151838726,2,"[55, 82]"
5980,367460763,50.08211934538025,32.870022465784984,3,"[18, 58, 85]"
5981,367527793,80.06354308805312,7.354190766105982,6,"[19, 43, 44, 45, 71, 73]"
5982,367567347,104.29217733670282,13.981356964991503,2,"[20, 47]"
5983,367585962,132.1983175429154,34.64726478455507,2,"[21, 48]"
5984,391522539,203.67174487381305,-59.43709519717497,10,"[10, 11, 36, 37, 63, 64, 90, 99, 112, 113]"
5985,318017368,90.08515273977608,-36.33950737708156,6,"[6, 33, 87, 98, 107, 110]"
5986,318045130,281.8252280703397,-56.99605860905464,10,"[13, 27, 66, 67, 93, 94, 101, 102, 103, 114]"
5987,318087025,278.1369974644598,-60.910231503633376,10,"[12, 13, 27, 39, 66, 67, 93, 94, 101, 102]"
5988,343096861,165.3535430967264,-69.83423449836963,11,"[8, 9, 10, 35, 36, 61, 62, 63, 88, 89, 90]"
5989,343177602,1.6555857928616815,72.32852005458507,13,"[15, 17, 24, 55, 56, 57, 75, 76, 77, 82, 83, 84, 85]"
5990,367590261,67.99119049519436,17.85732475479747,2,"[59, 86]"
5991,343312972,20.0407075637534,57.85854813848888,4,"[16, 17, 24, 84]"
5992,367631379,105.25706824264267,62.90627997745885,10,"[14, 19, 26, 40, 47, 53, 60, 73, 74, 119]"
5993,367787291,77.50219167640095,21.32517747853683,3,"[19, 73, 86]"
5994,367783591,240.5462120952114,74.58267143483575,19,"[20, 23, 24, 25, 26, 40, 50, 51, 52, 53, 57, 60, 77, 78, 79, 80, 84, 117, 118]"
5995,367828264,263.6232476048661,-31.053988836462004,6,"[12, 39, 66, 93, 103, 104]"
5996,367812583,243.9006476950919,72.092446212835,13,"[24, 25, 26, 51, 52, 53, 57, 78, 79, 80, 84, 117, 118]"
5997,391798710,209.64276509591792,-61.63253310725707,8,"[10, 11, 37, 38, 63, 64, 90, 99]"
5998,391844777,167.56922680459977,-20.320144586497058,5,"[9, 36, 62, 89, 100]"
5999,391873394,181.26607453087766,-15.251099646216732,5,"[9, 36, 63, 90, 114]"
6000,318232411,140.9564801700483,40.758241600271504,3,"[21, 48, 75]"
6001,318249304,244.1479346292097,-13.247663622839578,3,"[12, 65, 103]"
6002,318249308,244.14969689196886,-13.245414550607462,3,"[12, 65, 103]"
6003,318384880,304.0667562438713,27.716951883442512,2,"[54, 81]"
6004,343333748,0.10107739899497298,71.52104196021601,12,"[17, 24, 55, 56, 57, 75, 76, 77, 82, 83, 84, 121]"
6005,367905842,264.0580603189162,-35.22588866228999,7,"[12, 39, 66, 93, 100, 102, 103]"
6006,367910480,55.18354386735281,63.71313532880602,11,"[18, 19, 24, 25, 52, 58, 59, 78, 79, 85, 86]"
6007,367910985,56.15517100962067,63.87966925395024,11,"[18, 19, 24, 25, 52, 58, 59, 78, 79, 85, 86]"
6008,368028185,42.85685393638393,59.0293532888032,9,"[17, 18, 25, 57, 58, 77, 78, 84, 85]"
6009,392031929,224.6431970934277,-60.93285887599077,8,"[11, 37, 38, 64, 65, 99, 100, 113]"
6010,318566416,299.7984304835798,-53.19264738783588,10,"[1, 13, 27, 67, 94, 95, 101, 102, 103, 104]"
6011,343706897,240.6385199844426,-54.174733350074185,10,"[11, 12, 38, 39, 65, 99, 100, 101, 113, 114]"
6012,368231517,41.82871951000031,58.27008065762371,8,"[17, 18, 24, 57, 58, 78, 84, 85]"
6013,392092958,117.39252956547728,4.4982963312354425,5,"[44, 45, 46, 71, 72]"
6014,392159076,304.8995394736719,40.35466994436857,6,"[14, 41, 54, 81, 119, 120]"
6015,318646662,276.4376065779453,30.863413695386004,2,"[80, 118]"
6016,318705095,348.32135722743203,15.702818521512164,2,"[56, 83]"
6017,318705209,348.5253223748247,16.036498348271998,2,"[56, 83]"
6018,318785849,39.33396671928048,-10.71324785088102,6,"[4, 31, 42, 43, 70, 71]"
6019,318837103,40.38568614093814,-10.747485569996805,5,"[4, 31, 42, 70, 71]"
6020,343813545,48.327659331568974,-14.45018760980167,3,"[4, 31, 109]"
6021,343886954,272.4476509081301,-51.65513711880119,11,"[12, 13, 39, 66, 93, 94, 100, 101, 102, 103, 114]"
6022,368404959,48.206948746117185,54.080960709671245,5,"[18, 24, 25, 78, 85]"
6023,368438895,189.83885671000056,-5.200769777891895,3,"[46, 91, 115]"
6024,368454136,51.684655607070674,56.099575449617745,7,"[24, 25, 52, 58, 78, 85, 86]"
6025,392326236,249.23909114362434,-7.967074934210873,6,"[12, 39, 65, 91, 115, 116]"
6026,392326240,249.23888693603388,-7.965958991207216,6,"[12, 39, 65, 91, 115, 116]"
6027,392311103,70.01255070407835,43.2552448843201,1,[19]
6028,392311734,69.83568194680686,42.86035148967718,2,"[19, 86]"
6029,392471860,249.25319930883168,37.19874828395275,4,"[25, 52, 79, 117]"
6030,344081664,126.9118867351074,-70.57666126355517,10,"[6, 7, 8, 33, 35, 61, 62, 87, 88, 89]"
6031,344144261,349.72838906436016,11.611953011038171,4,"[42, 56, 83, 92]"
6032,344173040,129.25503415018414,-71.39856383572318,11,"[6, 7, 8, 33, 34, 35, 61, 62, 87, 88, 89]"
6033,344175577,133.77951535012753,-74.30588414329853,12,"[7, 8, 9, 33, 34, 35, 36, 62, 69, 87, 88, 89]"
6034,368607344,53.46130767965471,56.70952894846296,9,"[18, 24, 25, 52, 58, 78, 79, 85, 86]"
6035,368623694,28.10268418729661,-3.8274460297807034,4,"[42, 43, 70]"
6036,368625256,29.666918327451654,-0.3342597669869167,3,"[42, 43, 70]"
6037,392569763,299.86598496544474,77.87008556807548,43,"[14, 15, 16, 18, 19, 20, 21, 22, 23, 25, 26, 40, 41, 47, 48, 49, 50, 51, 52, 53, 55, 56, 57, 58, 59, 60, 73, 74, 75, 76, 78, 79, 80, 82, 83, 84, 85, 86, 117, 118, 119, 120, 121]"
6038,392551753,221.19130358277746,2.393860847617731,2,"[91, 115]"
6039,392614288,294.37744266509117,23.52561935730965,2,"[54, 81]"
6040,319167255,262.8096267006108,29.305857601412193,1,[118]
6041,319175275,262.5396279877707,32.86179855722822,1,[118]
6042,319087837,114.23746217349489,-19.370335425922896,1,[7]
6043,344241254,21.401115448848454,-5.184693030427991,3,"[42, 43, 70]"
6044,368788381,217.99003959812003,18.633170994275464,1,[51]
6045,368788781,218.51289423698478,17.100920420519632,1,[51]
6046,368805185,219.02036925970583,16.289673312346242,1,[51]
6047,368779220,98.11312075219033,17.01566009956649,3,"[20, 60, 73]"
6048,368786436,218.70975297483275,15.925805457863165,1,[51]
6049,368836854,218.75980394053207,17.328259798760374,1,[51]
6050,368827170,98.58679254256853,15.769231596214572,3,"[20, 60, 73]"
6051,368890247,55.90357273335474,56.070752469446326,10,"[18, 24, 25, 52, 58, 59, 78, 79, 85, 86]"
6052,368894360,219.92100900259518,24.581732326215608,1,[51]
6053,392706770,283.5713915839432,-61.797390330637725,8,"[13, 27, 39, 66, 67, 93, 94, 102]"
6054,392794602,155.03412198849745,0.10578151835410961,3,"[45, 46, 72]"
6055,392847757,157.13803594296266,-0.25664243768822115,3,"[45, 46, 72]"
6056,392878513,70.98629832457303,41.99276800396461,2,"[59, 86]"
6057,319239955,114.35472335565044,-18.789158180163923,1,[7]
6058,319246766,324.5290786114875,-48.096893604514804,9,"[1, 28, 68, 95, 96, 102, 103, 104, 105]"
6059,319324516,162.42214652937915,-30.52409107489773,7,"[9, 35, 62, 89, 99, 100, 113]"
6060,319360031,197.00685272345606,-5.381666368134385,3,"[46, 91, 115]"
6061,319291298,48.4948014666736,-28.22270973729701,3,"[4, 31, 109]"
6062,368990349,225.50755708087573,28.63839953460364,1,[51]
6063,369102387,272.6111332643496,-15.752654960134612,4,"[13, 66, 93, 104]"
6064,392915612,227.6598723587634,-19.257666074561868,3,"[11, 38, 102]"
6065,392930592,220.5306459251444,19.32004507509916,1,[51]
6066,393050837,227.8936777523464,26.735648578981127,1,[51]
6067,393055414,227.64365021312796,29.156425758293455,1,[51]
6068,393028861,71.02585005882317,40.99142437002473,3,"[19, 59, 86]"
6069,393031938,282.725191834842,-73.83985434803421,14,"[1, 8, 12, 13, 27, 28, 39, 65, 66, 67, 68, 93, 94, 95]"
6070,393124350,130.79533928940728,-12.20107817669677,4,"[7, 34, 72, 88]"
6071,319480016,197.42593249237856,-2.444212346057174,3,"[46, 91, 115]"
6072,319567241,283.8705222305617,-33.49947509664828,6,"[13, 27, 67, 94, 103, 104]"
6073,319430600,196.628819864845,-2.5708783590518074,3,"[46, 91, 115]"
6074,319430799,196.9939201119795,-3.340720329418459,3,"[46, 91, 115]"
6075,344587073,13.849508097631086,-1.4961432824412935,2,"[42, 43]"
6076,344717790,15.221582789750627,-5.015602680011245,3,"[42, 43, 70]"
6077,344755784,17.042016555974918,-1.9352714410138365,3,"[42, 43, 70]"
6078,344755786,17.050842897487204,-1.9377845454906233,3,"[42, 43, 70]"
6079,393143754,231.13474823139953,26.735320377912867,2,"[51, 117]"
6080,393167465,237.52532655463415,30.21889533160041,2,"[51, 117]"
6081,393230392,83.6279333679821,-69.0141316116789,6,"[5, 6, 32, 33, 87, 98]"
6082,393305236,269.838974354276,29.858091115271694,2,"[80, 118]"
6083,393274508,158.07327104035096,-61.711865119810795,7,"[8, 9, 35, 36, 61, 89, 111]"
6084,393276640,105.68168361011173,40.83281145594911,3,"[47, 60, 74]"
6085,393293594,105.37322312065125,42.03381238213993,3,"[47, 60, 74]"
6086,319647981,233.51508733442313,-49.143007820518086,7,"[11, 38, 65, 100, 101, 102, 112]"
6087,319718327,35.58064125099353,47.81120469276659,8,"[17, 18, 24, 57, 58, 77, 84, 85]"
6088,319614734,96.25256182526718,-18.714416766624964,4,"[6, 33, 87, 111]"
6089,319614743,96.25096145099496,-18.717445374640786,4,"[6, 33, 87, 111]"
6090,344770812,17.91039685186033,-1.4913229524310614,3,"[42, 43, 70]"
6091,344892228,151.44205561332737,-6.366288984434528,5,"[8, 35, 45, 46, 72]"
6092,344890482,151.92672792508182,-8.111996999729238,7,"[8, 35, 45, 46, 62, 72, 89]"
6093,344955457,153.73341998618395,-9.617144966152804,7,"[8, 45, 46, 62, 72, 89, 113]"
6094,344935213,258.31907309464526,24.753254633493746,1,[118]
6095,369381439,1.8904405204730652,-24.609396912417026,3,"[3, 30, 107]"
6096,369395755,1.5129922370819016,-26.096743185943808,3,"[3, 30, 107]"
6097,369391275,45.902807309054374,-56.14713117598712,4,"[4, 5, 31, 106]"
6098,369458706,304.19344397161456,-17.486322291050246,3,"[67, 95, 105]"
6099,369487358,350.5589600018826,41.058122278165435,5,"[15, 16, 56, 83, 121]"
6100,369470361,104.08827479796042,-37.674710419183214,7,"[6, 33, 87, 108, 109, 110, 111]"
6101,369522661,119.11750913460534,-60.74970179331245,6,"[33, 34, 61, 87, 88, 109]"
6102,393338009,157.3592881163084,-61.08198606851987,8,"[8, 9, 35, 36, 61, 62, 89, 111]"
6103,393385816,96.98697937205111,-62.603122737904606,6,"[6, 7, 32, 33, 87, 98]"
6104,393388476,96.9600467497528,-60.58927371331947,7,"[6, 7, 33, 87, 98, 108, 109]"
6105,393460074,270.0311168336104,29.993182713287272,3,"[80, 118]"
6106,319869555,285.19522608850764,-32.859320907428504,5,"[13, 27, 67, 94, 104]"
6107,319809753,213.3493857043615,-55.75960524242209,10,"[10, 11, 37, 38, 64, 99, 100, 112, 113, 114]"
6108,344995413,258.3222757264525,26.162930953397154,1,[118]
6109,344988456,153.46185045679096,-8.42420089495829,6,"[8, 45, 46, 62, 72, 89]"
6110,369614946,339.43291634248845,-50.98703631621222,6,"[2, 29, 69, 96, 104, 105]"
6111,369616774,10.977864875957644,33.85495522435995,2,"[57, 84]"
6112,369666165,343.45764743517026,-50.15793646740818,6,"[29, 69, 96, 103, 105, 106]"
6113,369642957,278.4230052959052,-6.871212528036089,3,"[13, 92, 116]"
6114,369705637,338.3197920507097,-66.88205040239075,8,"[1, 2, 28, 29, 68, 69, 95, 96]"
6115,393565194,159.67781300690933,2.8146858477528496,3,"[45, 46, 72]"
6116,393639812,196.77444820074635,11.12226372880709,5,"[23, 46, 50, 91, 115]"
6117,393713800,198.27621058445743,10.686409921699061,5,"[23, 46, 50, 91, 115]"
6118,393713801,198.2820626115561,10.690871819258787,5,"[23, 46, 50, 91, 115]"
6119,393670610,196.7329106260966,12.33845886541037,4,"[23, 46, 50, 91]"
6120,393672364,198.06063988238427,9.911418833660754,5,"[23, 46, 50, 91, 115]"
6121,393673731,301.53150143840065,20.640448641587454,2,"[54, 81]"
6122,345173268,275.2382746072017,-49.584977587137914,10,"[13, 39, 66, 67, 93, 94, 100, 102, 103, 114]"
6123,345176811,274.30670443871014,-54.60729098032438,10,"[13, 39, 66, 67, 93, 100, 101, 102, 103, 114]"
6124,345259916,211.67481525926362,37.26178957558019,4,"[24, 50, 51, 77]"
6125,345217789,303.68285057476743,23.247843941470222,2,"[54, 81]"
6126,345289240,218.61106225437143,36.27655219912353,2,"[51, 78]"
6127,345291554,211.91209278644118,32.568749060372646,2,"[50, 51]"
6128,345314215,320.46775252246124,28.64309980117909,2,"[55, 82]"
6129,369789988,260.4002952203368,-67.76439605584068,6,"[12, 13, 38, 39, 65, 94]"
6130,369760822,278.2655658776621,-11.008692583336671,3,"[13, 92, 116]"
6131,369819478,262.3894175248681,-67.46555591182458,7,"[12, 13, 38, 39, 65, 67, 94]"
6132,369865666,256.309635488391,-67.40209157531164,6,"[11, 12, 13, 38, 39, 65]"
6133,393799555,174.2720992367632,27.45100521533367,2,"[22, 49]"
6134,393805706,133.85237954174897,-16.687791536662978,5,"[8, 34, 61, 88, 112]"
6135,393800464,174.62523073870133,27.11273521579951,2,"[22, 49]"
6136,393801527,175.2240887824982,26.35782930847358,2,"[22, 49]"
6137,393819751,176.64147345858922,25.48346536385547,2,"[22, 49]"
6138,393808058,175.2932510163847,26.739112389711128,2,"[22, 49]"
6139,393808105,175.5104452683738,26.484565949542,2,"[22, 49]"
6140,393808110,175.47901994833143,26.455666201970665,2,"[22, 49]"
6141,393808430,176.50898359025814,24.91633444387547,2,"[22, 49]"
6142,393828437,258.9562617005837,39.40090122684384,5,"[25, 26, 52, 79, 118]"
6143,393844873,142.34655489770878,-48.23265635686155,11,"[8, 34, 35, 61, 62, 88, 89, 109, 110, 111, 112]"
6144,393870367,259.03849804504046,38.70899156118756,5,"[25, 26, 52, 79, 118]"
6145,393859937,154.09236690332563,38.168027300721555,3,"[22, 48, 75]"
6146,393855012,170.11169935983972,-29.5825816628891,8,"[9, 36, 62, 89, 99, 100, 113, 114]"
6147,393860634,154.92571098396755,37.288847393333604,3,"[22, 48, 75]"
6148,320261192,287.10394783605983,-32.25627574402962,5,"[13, 27, 67, 94, 104]"
6149,320204330,285.9249655148874,-36.16092760797227,7,"[13, 27, 67, 94, 101, 103, 104]"
6150,320351910,241.1237815932325,51.082738043432684,6,"[25, 51, 52, 78, 79, 117]"
6151,320362718,278.67044306705833,34.87139372123724,2,"[80, 118]"
6152,320369708,278.8557558825443,33.69247993365382,1,[118]
6153,345382647,304.3799904367757,35.39050058044939,1,[54]
6154,345518694,29.850570234843616,52.554147272225634,8,"[17, 24, 57, 58, 77, 78, 84, 85]"
6155,370041241,347.90159243227026,-80.53772895009831,42,"[1, 2, 3, 4, 5, 6, 7, 8, 9, 10, 11, 12, 13, 27, 28, 30, 31, 32, 33, 34, 35, 36, 37, 38, 61, 62, 63, 64, 65, 66, 67, 68, 87, 88, 89, 90, 93, 94, 95, 96, 97, 98]"
6156,393884179,154.0582651429066,38.60680599174809,3,"[22, 48, 75]"
6157,393883579,152.8814544478661,40.073254030311496,3,"[22, 48, 75]"
6158,393898163,259.3057508507891,39.505537718089755,6,"[25, 26, 52, 53, 79, 118]"
6159,393910716,176.2522097379244,47.448397454466665,5,"[16, 22, 23, 49, 121]"
6160,393927184,183.79626608548497,49.109720397697174,6,"[16, 23, 49, 50, 76, 77]"
6161,393946567,184.86593931377953,49.113894717041156,6,"[16, 23, 49, 50, 76, 77]"
6162,394004824,307.79364815959264,-41.95386960920761,9,"[27, 28, 67, 68, 95, 102, 103, 104, 105]"
6163,394031786,85.69451374388403,72.47085914630203,19,"[14, 18, 19, 20, 25, 26, 40, 47, 52, 53, 58, 59, 60, 74, 78, 79, 85, 86, 119]"
6164,320502029,34.6618076728456,45.662715873621934,5,"[17, 57, 58, 84, 85]"
6165,320537040,120.3230698470629,-11.354463238345659,8,"[7, 34, 44, 46, 61, 71, 72, 88]"
6166,320587829,271.3552903540152,50.08568363460243,6,"[26, 40, 53, 79, 80, 118]"
6167,345585983,222.15632379996126,36.06074849149998,2,"[51, 78]"
6168,345582306,69.31820367948879,-14.128323731983429,4,"[5, 32, 98, 110]"
6169,345561530,212.543236225241,33.39974027893285,2,"[50, 51]"
6170,394052355,83.59526624872473,73.88766174575741,22,"[14, 18, 19, 20, 24, 25, 26, 40, 47, 52, 53, 58, 59, 60, 73, 74, 78, 79, 81, 85, 86, 119]"
6171,394125166,315.79277776623945,-51.172130854877636,6,"[28, 68, 102, 103, 104, 105]"
6172,394136182,313.4986175991432,-60.90649200456239,8,"[1, 27, 28, 67, 68, 94, 95, 103]"
6173,394234013,287.72017395806216,-68.55335201847738,12,"[1, 12, 13, 27, 28, 39, 66, 67, 68, 93, 94, 95]"
6174,394209494,315.21228369412404,-60.755194251085435,7,"[27, 28, 67, 68, 94, 95, 103]"
6175,394175097,302.72918506867956,61.57501995457699,12,"[14, 40, 41, 54, 55, 74, 75, 80, 81, 82, 119, 120]"
6176,320692159,271.6253397243824,50.54789397496462,6,"[26, 40, 53, 79, 80, 118]"
6177,320662136,287.30172763089956,-37.46683175722271,7,"[13, 27, 67, 94, 101, 103, 104]"
6178,320592617,287.784114777053,-34.579587498059624,6,"[13, 27, 67, 94, 103, 104]"
6179,320606517,38.01927796577811,48.7240561204848,7,"[17, 18, 24, 57, 58, 78, 85]"
6180,320790248,84.06391030444348,36.03115351074397,4,"[19, 59, 73, 86]"
6181,320809967,288.5174828727627,-37.33021250024262,6,"[13, 27, 67, 94, 101, 103]"
6182,320793758,84.07770732275472,34.29238750344613,4,"[19, 59, 73, 86]"
6183,345753908,304.02189881565585,21.93737696522845,2,"[54, 81]"
6184,345758809,303.67095725151984,20.30546245950097,2,"[54, 81]"
6185,345851434,304.8760627141294,24.483142290030184,1,[54]
6186,394248317,301.16140650401053,58.76594946288941,9,"[14, 40, 41, 54, 74, 80, 81, 119, 120]"
6187,394279598,250.51866844523315,-69.36089479316824,8,"[11, 12, 13, 38, 39, 65, 66, 93]"
6188,394291353,240.04366020786279,-57.23933911238674,10,"[11, 12, 38, 39, 65, 99, 100, 101, 113, 114]"
6189,394274870,300.50699044843407,-69.63222815093803,10,"[1, 13, 27, 28, 66, 67, 68, 93, 94, 95]"
6190,394275950,291.51940596571467,-69.39888145859864,11,"[1, 13, 27, 28, 39, 66, 67, 68, 93, 94, 95]"
6191,320932914,272.70311290633566,49.52233233785172,5,"[26, 40, 53, 80, 118]"
6192,320932916,272.7026632522125,49.518374723080335,5,"[26, 40, 53, 80, 118]"
6193,320927564,114.55497432429529,-18.184346830220726,1,[34]
6194,321023117,273.0279301124542,48.38250180158936,4,"[26, 53, 80, 118]"
6195,345985243,210.64837025912712,-2.1130141562264586,2,"[91, 115]"
6196,346041554,304.7737506006654,22.109700801623056,1,[54]
6197,346049355,218.93489958391316,1.1795167376008362,2,"[91, 115]"
6198,346039185,211.2630797558234,-2.9475216547553265,2,"[91, 115]"
6199,346156382,220.1024275422932,-0.4218909728432303,1,[91]
6200,370617416,4.693271792590301,59.67042606800437,7,"[16, 17, 56, 57, 83, 84, 121]"
6201,394495632,303.134802604554,-39.558587107117,9,"[1, 27, 67, 94, 95, 102, 103, 104, 105]"
6202,394547839,300.8628500414184,54.4456801161467,8,"[14, 40, 41, 54, 74, 81, 119, 120]"
6203,394674936,242.64089287900475,-57.76681526201174,10,"[11, 12, 38, 39, 65, 99, 100, 101, 113, 114]"
6204,394647304,291.10314914465033,39.0546420602263,5,"[40, 54, 80, 81, 119]"
6205,394660888,245.5315539678714,-68.27607997206051,8,"[11, 12, 38, 39, 64, 65, 66, 93]"
6206,394701331,287.88120439521634,-75.38155173954762,20,"[1, 5, 8, 12, 13, 27, 28, 32, 35, 39, 61, 62, 65, 66, 67, 68, 89, 93, 94, 95]"
6207,321068946,24.70614836441686,-51.80847526488449,9,"[3, 4, 30, 31, 97, 104, 105, 106, 107]"
6208,321069616,100.91857318255767,15.575648346004824,3,"[20, 47, 60]"
6209,346242261,306.92221107482777,22.04720432216032,2,"[54, 81]"
6210,346302587,31.73356990512292,52.73020756790432,8,"[17, 24, 57, 58, 77, 78, 84, 85]"
6211,346380292,27.218885893526476,48.90546142103689,6,"[17, 24, 57, 77, 84, 85]"
6212,370766646,49.18012629359418,40.53630571640002,2,"[18, 85]"
6213,394947052,247.0328527517424,-59.55435734754053,11,"[11, 12, 38, 39, 65, 66, 93, 100, 101, 113, 114]"
6214,394970315,290.8415629596982,36.64172752581151,3,"[54, 80, 81]"
6215,321252909,93.45083428944098,30.87099843100964,2,"[20, 73]"
6216,321290494,165.5136468992948,-18.934778675587662,4,"[9, 35, 100, 113]"
6217,321436233,85.52932703052231,33.887115124851064,4,"[19, 59, 73, 86]"
6218,321453759,171.18138466221174,36.42131846199389,1,[22]
6219,346440697,108.00410473831197,59.318481562274826,10,"[14, 20, 26, 40, 47, 53, 60, 73, 74, 119]"
6220,346543351,58.77128963893918,5.58437391602793,5,"[42, 43, 44, 70, 71]"
6221,346546437,25.362814527532706,45.19550387045959,3,"[17, 57, 84]"
6222,346595127,59.66525247378676,8.841185875776905,7,"[18, 42, 43, 44, 58, 70, 71]"
6223,370960295,206.66991716339538,-68.78564951974693,10,"[9, 10, 11, 36, 37, 38, 63, 64, 65, 90]"
6224,371026327,280.6521778159984,32.22462459317695,2,"[80, 118]"
6225,371101406,214.39616305702478,-69.59436957502929,9,"[10, 11, 36, 37, 38, 63, 64, 65, 90]"
6226,395049300,291.32005224271126,39.02779139491926,5,"[40, 54, 80, 81, 119]"
6227,346626019,60.467460631386516,4.227300192295429,5,"[42, 43, 44, 70, 71]"
6228,346626171,60.37555408320687,3.9973928009398554,5,"[42, 43, 44, 70, 71]"
6229,321631221,281.08127486834377,34.50347157302081,2,"[80, 118]"
6230,371127111,280.4952067012413,29.777126835563713,2,"[80, 118]"
6231,371164671,106.62141585941926,9.370249243311262,7,"[20, 44, 45, 47, 60, 71, 72]"
6232,371148289,106.3575234540452,10.741162062526968,7,"[20, 44, 45, 47, 60, 71, 72]"
6233,371303911,26.348105131976467,67.0639749534337,9,"[16, 18, 24, 57, 58, 77, 78, 84, 85]"
6234,371266705,229.5545916143083,18.889354695264394,1,[51]
6235,371267181,229.23768113630112,20.087721959009265,1,[51]
6236,371252926,281.87160139941784,31.81321767224479,2,"[80, 118]"
6237,395320456,5.800527606381718,10.733599855133921,4,"[42, 43, 70, 83]"
6238,395318337,6.711769383334391,12.780784396120891,1,[83]
6239,395321135,7.127679259604393,13.241808924165417,1,[83]
6240,395353076,9.260899432672131,15.127887984798127,2,"[57, 84]"
6241,395371486,310.8115645049968,39.863125252310056,6,"[14, 41, 54, 55, 81, 120]"
6242,395405474,65.67203901324756,57.87461928165269,10,"[18, 19, 52, 58, 59, 73, 78, 79, 85, 86]"
6243,321684341,35.0889855063398,71.40777665910649,15,"[16, 17, 18, 24, 25, 52, 57, 58, 59, 77, 78, 79, 84, 85, 86]"
6244,321768018,259.9960755117139,51.60267661031279,8,"[25, 26, 52, 53, 79, 80, 117, 118]"
6245,321751530,281.11429708133494,34.435540442256126,2,"[80, 118]"
6246,321813050,260.4391861867216,49.65040529434911,8,"[25, 26, 52, 53, 79, 80, 117, 118]"
6247,321843715,323.181377920561,22.12661296659868,2,"[55, 82]"
6248,321835233,86.54656681596758,32.98277168614175,3,"[19, 59, 73]"
6249,346923890,27.021077767289608,1.7861108162684576,3,"[42, 43, 70]"
6250,371494552,134.96593159334347,35.36224239562872,2,"[48, 75]"
6251,395592112,243.08288869983556,-55.503214637316376,10,"[11, 12, 38, 39, 65, 99, 100, 101, 113, 114]"
6252,322163148,87.76194736225864,32.702198694671345,2,"[19, 59]"
6253,371544638,135.04693850538936,36.49462054793504,2,"[48, 75]"
6254,371587894,19.544198809090023,56.12114021051205,3,"[16, 17, 24]"
6255,371619548,337.87084638328616,39.82315909138462,5,"[15, 55, 56, 82, 121]"
6256,371610941,178.07761877094651,22.042716801303847,1,[49]
6257,371690297,80.08827989449946,-13.378828180848034,2,"[32, 98]"
6258,396013491,67.33430519398313,54.444534788539414,9,"[18, 19, 25, 52, 59, 73, 78, 79, 86]"
6259,322219778,87.85488464981376,33.50885784804647,3,"[19, 59, 73]"
6260,347364863,185.89719520063326,26.93447002803313,2,"[23, 50]"
6261,347355277,123.02741131429286,-33.112514916570824,6,"[7, 34, 61, 88, 111, 112]"
6262,347364053,186.42677713085368,25.912311647486327,2,"[23, 50]"
6263,347407298,207.16770188793913,35.091401782734266,1,[50]
6264,347446868,141.71597699421562,-33.33853022509534,6,"[8, 35, 61, 88, 99, 112]"
6265,347440764,30.227120824343466,-1.0038674094631648,2,"[42, 43]"
6266,347441674,139.6795104188375,-29.123452711320827,7,"[8, 34, 61, 88, 99, 112, 113]"
6267,371796948,289.0692500144771,-45.63711806877045,9,"[13, 27, 67, 94, 101, 102, 103, 104, 114]"
6268,371797294,288.8191768707024,-46.17281934592039,9,"[13, 27, 67, 94, 101, 102, 103, 104, 114]"
6269,371856179,181.39695794236792,31.455697993605174,2,"[23, 49]"
6270,371930277,289.5229224706944,-46.82315672720356,7,"[13, 27, 67, 94, 102, 103, 114]"
6271,322494833,357.9478257868378,-21.145155789760288,1,[29]
6272,322397132,281.1057134041516,29.335679342213005,2,"[80, 118]"
6273,322422655,215.51881133682755,-56.03096398330981,10,"[10, 11, 37, 38, 64, 99, 100, 112, 113, 114]"
6274,347465421,258.59286562926746,-15.267479521941508,4,"[12, 39, 66, 93]"
6275,347543281,39.59731065900293,-9.026656115656914,6,"[4, 31, 42, 43, 70, 71]"
6276,347561976,60.92734153507622,22.455024255693797,3,"[18, 58, 86]"
6277,347598989,245.4210444637912,42.53735872759009,3,"[52, 79, 117]"
6278,347583453,53.2477322310788,40.779243457138996,3,"[18, 58, 85]"
6279,372121208,55.26160471232566,38.23647729902153,3,"[18, 58, 85]"
6280,396295278,316.7970230968056,18.424590156250606,2,"[55, 81]"
6281,396255306,246.58935133915605,-56.13307002026632,12,"[11, 12, 38, 39, 65, 66, 93, 99, 100, 101, 113, 114]"
6282,372161587,218.184852816973,-68.60139794075388,8,"[10, 11, 37, 38, 63, 64, 65, 90]"
6283,322676499,92.64555121211568,33.53152098858837,4,"[19, 20, 60, 73]"
6284,322679290,93.10118871906369,35.62467050265417,4,"[19, 20, 60, 73]"
6285,322710502,282.55794430195004,47.46762717363067,7,"[26, 40, 53, 54, 80, 118, 119]"
6286,347693925,189.43613709426614,-15.05609178907576,4,"[10, 36, 63, 90]"
6287,347634289,252.3042050515836,42.192857521713215,5,"[25, 52, 79, 117, 118]"
6288,347649204,257.1635110586742,23.268046257273927,1,[118]
6289,347716666,189.40832210133627,-14.249423753175552,4,"[10, 36, 63, 90]"
6290,372172883,291.5199165945959,-48.48651167660623,8,"[13, 27, 67, 101, 102, 103, 104, 114]"
6291,372191728,55.43991692288743,38.077175976363094,3,"[18, 58, 85]"
6292,372298419,292.8556079166057,-48.484294808986114,8,"[13, 27, 94, 101, 102, 103, 104, 114]"
6293,372298730,292.4431200664065,-49.1537817076041,9,"[13, 27, 67, 94, 101, 102, 103, 104, 114]"
6294,372315670,292.3908795630365,-49.61873394672789,8,"[13, 27, 67, 94, 101, 103, 104, 114]"
6295,372318215,293.4579701666339,-48.43338845748007,7,"[13, 27, 94, 101, 102, 104, 114]"
6296,372324538,346.37000446971973,49.4554450372476,7,"[15, 16, 56, 76, 82, 83, 121]"
6297,396500770,240.85559715760544,-45.64568750817345,9,"[11, 12, 38, 65, 100, 101, 102, 113, 114]"
6298,396555444,50.548419910489784,25.67140301036181,3,"[18, 58, 85]"
6299,396547166,318.5695359093907,20.505485614160914,2,"[55, 82]"
6300,347822496,70.3603171723501,20.643998093485468,3,"[19, 59, 86]"
6301,347827434,216.9481973157349,0.49076548573284606,1,[115]
6302,396822684,335.43828504029796,21.422861949332937,2,"[55, 82]"
6303,323129070,226.10175027082047,29.697944863229313,1,[51]
6304,323108245,223.3330276326502,27.153857618069246,1,[51]
6305,323109998,223.73503746332696,26.831152616588376,1,[51]
6306,323138830,229.2915577625282,28.799461850569397,1,[51]
6307,323116669,249.69038450712748,-3.2810751371093083,3,"[91, 115, 116]"
6308,323171159,255.01811411353648,-71.80393460519691,11,"[11, 12, 13, 27, 38, 39, 65, 66, 67, 93, 94]"
6309,323122607,54.44778651853022,71.98077802514179,18,"[17, 18, 19, 24, 25, 26, 52, 53, 57, 58, 59, 73, 77, 78, 79, 84, 85, 86]"
6310,323181418,250.17507802095588,-6.007683308427823,5,"[12, 39, 91, 115, 116]"
6311,323193003,39.886111884225734,68.00329734937365,11,"[17, 18, 25, 52, 57, 58, 77, 78, 84, 85, 86]"
6312,323194041,37.40787277175478,67.66214021221563,11,"[17, 18, 24, 25, 57, 58, 77, 78, 84, 85, 86]"
6313,348108914,261.49043772881816,23.540175242003027,1,[118]
6314,348147249,284.86101189924227,41.016586973096786,5,"[26, 40, 53, 80, 119]"
6315,348161044,236.30137357456795,5.50439238829345,2,"[91, 115]"
6316,372617495,101.26417116943522,-6.210182118102929,6,"[6, 33, 44, 45, 71, 72]"
6317,372681376,131.75797734717028,20.258759307117135,2,"[21, 48]"
6318,372651864,220.5224741664596,-68.39901202282823,8,"[10, 11, 12, 37, 38, 64, 65, 90]"
6319,372731449,109.55595070042912,62.01027359439895,12,"[14, 20, 21, 26, 40, 41, 47, 53, 60, 73, 74, 119]"
6320,396861654,61.03632909011347,-17.387898980894633,2,"[5, 32]"
6321,396899912,61.88771573977668,-15.304764307041768,2,"[5, 32]"
6322,396931486,173.33190901890606,6.114824036271604,5,"[22, 45, 46, 49, 72]"
6323,396915247,167.5628367408334,6.105264996935955,3,"[22, 45, 49]"
6324,396958673,268.2931472028325,-26.07032231030663,6,"[13, 39, 66, 93, 103, 104]"
6325,323284727,237.0262693270182,30.16780935743392,2,"[51, 117]"
6326,323292655,244.4204373916285,-73.32200429409151,10,"[11, 12, 13, 37, 38, 39, 64, 65, 66, 93]"
6327,323283392,31.87432118771625,-57.50025706703388,8,"[3, 4, 30, 31, 97, 105, 106, 107]"
6328,323283992,237.42028646143066,28.359498962339952,2,"[51, 117]"
6329,348359127,261.99614865549677,24.356613904579653,1,[118]
6330,372819370,23.9136765703484,-78.01315118136122,42,"[1, 2, 3, 4, 5, 6, 7, 8, 9, 10, 11, 12, 13, 27, 28, 29, 30, 31, 32, 33, 34, 35, 36, 38, 39, 62, 63, 64, 65, 66, 67, 68, 69, 89, 90, 93, 94, 95, 96, 97, 98]"
6331,372880279,262.7292259422737,-26.879666718634994,6,"[12, 39, 66, 93, 103, 104]"
6332,372914091,168.33394926184263,-75.59855603213171,20,"[4, 7, 8, 9, 10, 27, 31, 34, 35, 36, 37, 61, 62, 63, 64, 68, 88, 89, 90, 95]"
6333,397021671,76.51909867984357,57.3539405337418,7,"[19, 25, 26, 52, 73, 79, 86]"
6334,397025357,178.36296544203856,-0.10618376919544918,2,"[46, 72]"
6335,397025567,178.50459177233222,0.5477035825007485,2,"[72, 115]"
6336,397039557,268.4739849301647,-29.70262984879473,6,"[13, 39, 66, 93, 103, 104]"
6337,397041528,268.53021340946503,-30.41068973907668,6,"[13, 39, 66, 93, 103, 104]"
6338,397058826,187.44265446651335,6.788342174391133,5,"[23, 46, 50, 91, 115]"
6339,397058969,186.99311293568158,7.691702512449133,4,"[23, 46, 91, 115]"
6340,397155236,86.50323148191968,63.5240364019486,12,"[19, 20, 25, 26, 40, 52, 53, 59, 60, 79, 86, 119]"
6341,397152110,237.67057002055594,-73.93875198555165,15,"[3, 10, 11, 12, 13, 30, 37, 38, 39, 64, 65, 66, 87, 90, 93]"
6342,323412898,231.43901947811457,-16.375434366324736,2,"[11, 65]"
6343,323531732,323.18192516797706,32.34143580664356,2,"[55, 82]"
6344,323608529,218.36761515953344,-57.1227605576023,11,"[10, 11, 37, 38, 64, 65, 99, 100, 112, 113, 114]"
6345,348517784,53.125608027795295,37.84802028116434,3,"[18, 58, 85]"
6346,348503219,286.10143632885934,46.281536641754265,7,"[26, 40, 53, 54, 80, 118, 119]"
6347,348637189,60.19873036260144,7.891512034033211,7,"[18, 42, 43, 44, 58, 70, 71]"
6348,348664155,62.836712719437585,-5.668777340356154,4,"[43, 44, 70, 71]"
6349,348629677,285.6175649420251,42.10737195959304,6,"[26, 40, 53, 54, 80, 119]"
6350,373027194,67.08831695274301,-9.888065730951839,7,"[5, 32, 43, 44, 70, 71, 98]"
6351,373029124,66.58650951075465,-13.436671881403337,3,"[5, 32, 98]"
6352,373061126,53.654184255966875,61.56918874939195,11,"[18, 19, 24, 25, 52, 58, 59, 78, 79, 85, 86]"
6353,373052731,67.71666626587371,-10.982364651329085,7,"[5, 32, 43, 44, 70, 71, 98]"
6354,373117808,341.05111617397546,51.65316324414246,8,"[15, 55, 56, 75, 76, 82, 83, 121]"
6355,373071009,300.1334995302388,42.86571438577698,6,"[14, 40, 41, 54, 81, 119]"
6356,397232783,268.27028611738916,-69.46506170238467,7,"[12, 13, 27, 39, 65, 67, 94]"
6357,397290927,88.91663022291954,62.5253500224603,15,"[19, 20, 25, 26, 40, 47, 52, 53, 59, 60, 73, 74, 79, 86, 119]"
6358,397354131,71.73384920849571,-3.5050022300935537,4,"[43, 44, 70, 71]"
6359,323754809,276.477240444674,-3.305548265448028,3,"[91, 92, 116]"
6360,323816015,247.47622735999894,-71.03138995826562,9,"[11, 12, 13, 38, 39, 64, 65, 66, 93]"
6361,323710430,136.37810767164513,-4.567949534371082,4,"[44, 45, 46, 72]"
6362,348759510,142.6128448995127,-33.15560334063112,6,"[8, 35, 61, 88, 99, 112]"
6363,348762920,296.4341050672111,-72.95065097552639,13,"[1, 12, 13, 28, 39, 62, 66, 67, 68, 89, 93, 94, 95]"
6364,348837162,142.61479194709176,-31.776130859841327,7,"[8, 35, 61, 88, 99, 112, 113]"
6365,373311935,70.36060632969574,-12.490607855760237,5,"[5, 32, 71, 98, 110]"
6366,397361078,196.61649079040328,-40.57772232085919,12,"[10, 37, 63, 64, 90, 99, 100, 101, 111, 112, 113, 114]"
6367,397362481,197.46972967700046,-41.718955376964644,10,"[63, 64, 90, 99, 100, 101, 111, 112, 113, 114]"
6368,397368422,47.7471023409897,10.3876905665116,8,"[18, 42, 43, 44, 58, 70, 71, 85]"
6369,397432966,177.55514860671786,6.153022560586155,4,"[46, 49, 72, 115]"
6370,324016035,266.6285636773967,26.110862648032185,2,"[80, 118]"
6371,348889829,65.28965897164788,7.952823120849301,5,"[43, 44, 70, 71, 86]"
6372,348901198,155.67689461106497,-24.039299338694022,6,"[8, 35, 62, 89, 99, 100]"
6373,348990434,190.64474095944072,-13.604882213914859,4,"[10, 36, 63, 90]"
6374,348964243,157.49570164853696,-26.547386447460735,6,"[8, 35, 89, 99, 100, 113]"
6375,373415565,71.10975455242794,-11.063153530911674,6,"[5, 43, 44, 70, 71, 98]"
6376,373445744,342.07008726536407,51.979773102645254,9,"[15, 16, 55, 56, 75, 76, 82, 83, 121]"
6377,397583143,179.78857822579207,9.488792620829308,3,"[46, 49, 115]"
6378,397558535,178.9469610319842,10.741521757325652,4,"[46, 49, 72, 115]"
6379,397558558,179.052272934231,10.544684314162465,4,"[46, 49, 72, 115]"
6380,397587084,194.00260902772672,16.215061758695484,2,"[23, 50]"
6381,397590437,13.068133817921618,6.820016123560663,3,"[42, 43, 70]"
6382,397712476,254.9454360340504,-18.67073598449731,5,"[12, 39, 66, 93, 103]"
6383,397657796,351.4257022221554,40.853452792689176,4,"[16, 56, 83, 121]"
6384,349190908,154.81218513872128,-80.18672299803609,42,"[1, 2, 3, 4, 6, 7, 8, 9, 10, 11, 12, 13, 27, 28, 29, 30, 31, 32, 33, 34, 36, 37, 38, 39, 61, 62, 63, 64, 65, 66, 67, 68, 69, 87, 88, 89, 90, 93, 94, 95, 97, 98]"
6385,349273907,171.9144923141711,-81.68370590122016,44,"[1, 2, 3, 4, 5, 6, 7, 8, 10, 11, 12, 13, 27, 28, 29, 30, 31, 32, 33, 34, 35, 36, 37, 38, 39, 61, 62, 63, 64, 65, 66, 67, 68, 69, 87, 88, 89, 90, 93, 94, 95, 96, 97, 98]"
6386,349291950,211.35967665754592,37.29686166049575,4,"[24, 50, 51, 77]"
6387,349296293,58.174262816727925,14.461533310275554,3,"[18, 58, 85]"
6388,349312336,212.8631291412711,33.992959190107534,2,"[50, 51]"
6389,373756945,341.20752291343933,50.322676579601755,8,"[15, 55, 56, 75, 76, 82, 83, 121]"
6390,373765355,190.80187531722504,23.18355127351583,2,"[23, 50]"
6391,373694425,53.9725925447644,48.086480839484786,7,"[18, 24, 25, 52, 58, 85, 86]"
6392,373809984,340.46311581923027,49.187010402954904,7,"[15, 55, 56, 75, 76, 82, 83]"
6393,397854698,285.902469502667,3.7789981739947356,2,"[92, 116]"
6394,398018469,56.82052236415393,53.031581088863554,10,"[18, 24, 25, 52, 58, 59, 78, 79, 85, 86]"
6395,324382051,276.3953410535662,-5.982459445700447,4,"[13, 91, 92, 116]"
6396,349383697,66.01823035466997,13.149810923800775,2,"[59, 86]"
6397,349526555,191.9256117687898,0.8997185015266603,2,"[91, 115]"
6398,374063980,195.74200373123017,-63.69792092961125,7,"[9, 10, 36, 37, 63, 64, 90]"
6399,374124077,53.96550988254594,44.036956932465415,3,"[18, 58, 85]"
6400,374087099,192.03749539485872,-54.002272011212256,12,"[9, 10, 36, 37, 63, 64, 90, 99, 100, 111, 112, 113]"
6401,398266147,60.795497485206646,68.52739334119583,14,"[17, 18, 19, 24, 25, 26, 52, 58, 59, 73, 78, 79, 85, 86]"
6402,349606708,213.22635173222855,23.70559494572778,1,[51]
6403,349674635,217.06831843705316,24.90653621666296,1,[51]
6404,349692885,71.10600584635544,13.303103571186767,3,"[19, 59, 86]"
6405,374175292,7.4935197445525406,40.529276251943735,5,"[16, 56, 57, 83, 84]"
6406,374343586,285.0363540902467,-47.26938628743988,9,"[13, 27, 67, 94, 101, 102, 103, 104, 114]"
6407,374343837,285.2313516733831,-46.890096156809015,9,"[13, 27, 67, 94, 101, 102, 103, 104, 114]"
6408,398290324,191.4907784549694,-21.014199154497252,6,"[10, 36, 63, 90, 101, 114]"
6409,398336971,81.82930695809009,71.01001877817424,19,"[18, 19, 20, 25, 26, 40, 47, 52, 53, 58, 59, 60, 73, 74, 78, 79, 85, 86, 119]"
6410,398361619,221.89176823233066,-65.37384649873255,5,"[10, 11, 38, 64, 65]"
6411,398361623,221.89942092841622,-65.35674321674075,5,"[10, 11, 38, 64, 65]"
6412,398383995,274.15546364150106,-57.49105431737494,10,"[12, 13, 27, 39, 66, 67, 93, 94, 101, 114]"
6413,324889453,278.7326801487373,-29.06092100087907,5,"[13, 66, 93, 94, 104]"
6414,349804329,273.0131121261967,-27.673566507525805,4,"[13, 66, 93, 104]"
6415,349897131,273.11190041893974,-28.64917763415961,5,"[13, 66, 93, 103, 104]"
6416,374364247,161.44774257201394,-4.281938613573071,3,"[45, 46, 72]"
6417,374449129,246.86950301682432,-15.55199933443756,4,"[12, 39, 65, 103]"
6418,398476730,211.54817010163475,-50.48852933685184,10,"[10, 11, 37, 99, 100, 101, 111, 112, 113, 114]"
6419,398523562,299.39492884340484,25.02457668309552,1,[81]
6420,398570795,12.224960304244878,-10.293461273793321,6,"[3, 30, 42, 43, 70, 97]"
6421,398555746,336.0215224972744,12.925468095141289,2,"[55, 82]"
6422,374694544,51.05089380041302,39.84050342161307,3,"[18, 58, 85]"
6423,374731424,310.9187728806352,27.045795397580992,2,"[54, 81]"
6424,374859347,83.50836647383099,-83.42960225877084,42,"[1, 2, 3, 4, 5, 6, 7, 8, 10, 11, 12, 13, 27, 28, 29, 30, 31, 32, 33, 34, 35, 36, 37, 38, 39, 61, 62, 63, 64, 65, 66, 67, 68, 69, 87, 88, 89, 93, 94, 95, 97, 98]"
6425,374878530,313.8427246693503,27.832660694709382,2,"[55, 81]"
6426,374861869,73.21074381562616,-87.83627378273663,34,"[1, 3, 4, 6, 7, 8, 10, 11, 13, 27, 28, 30, 31, 33, 34, 35, 36, 37, 38, 61, 62, 63, 65, 66, 68, 69, 87, 88, 89, 90, 93, 95, 96, 97]"
6427,374866527,310.55752976774386,25.107445994014615,2,"[54, 81]"
6428,374930544,204.36429966859697,-65.68918925758699,7,"[11, 36, 37, 38, 63, 64, 90]"
6429,398704910,11.316329580598708,-15.559526786057816,3,"[3, 30, 97]"
6430,398718249,26.194112688845696,-21.59294170673691,4,"[4, 30, 97, 108]"
6431,398765285,212.22485929442252,-50.57398237025136,11,"[10, 11, 37, 64, 99, 100, 101, 111, 112, 113, 114]"
6432,398863845,252.91558652511696,6.731831998379189,4,"[91, 115, 116, 117]"
6433,398871306,75.3102164503371,-45.77099415284599,5,"[5, 32, 107, 108, 109]"
6434,398939910,25.169653489862867,11.505925118762734,5,"[17, 42, 43, 57, 84]"
6435,399009034,26.644574707231214,14.346219475448814,2,"[57, 84]"
6436,399106235,185.0005231074868,11.754196725081696,4,"[23, 46, 91, 115]"
6437,399244384,271.5846068145745,28.087321079947753,2,"[80, 118]"
6438,399135590,46.43837078384823,42.15607161715363,3,"[18, 58, 85]"
6439,399181711,203.03183834636064,16.447638860169562,2,"[23, 50]"
6440,399182167,202.29051372341596,18.388690316848237,2,"[23, 50]"
6441,399547952,346.72478013535266,17.560633316219313,2,"[56, 83]"
6442,399588472,356.1408274429115,-19.161563056527203,2,"[29, 107]"
6443,399639011,219.38405375616645,-63.532617242048474,6,"[10, 11, 37, 38, 64, 65]"
6444,399662419,317.33346326037884,24.599701993667267,3,"[55, 81, 82]"
6445,399669624,72.36322714962971,-13.483681562464056,4,"[5, 32, 98, 110]"
6446,399732990,20.261716546575002,-6.966001717353109,6,"[3, 30, 42, 43, 70, 97]"
6447,399733863,20.90814323765146,-5.595304991424405,3,"[42, 43, 70]"
6448,399815314,73.64425918577017,-14.633241160301935,4,"[5, 32, 98, 110]"
6449,399867682,305.26256598985856,70.85662825119954,16,"[14, 26, 40, 41, 53, 54, 55, 74, 75, 80, 81, 82, 118, 119, 120, 121]"
6450,399897311,345.2374609987071,41.706160230352765,6,"[15, 16, 56, 82, 83, 121]"
6451,399985059,224.33357145581934,29.975660820781684,2,[51]
6452,399914931,306.6151965528269,71.62998631727822,17,"[14, 15, 26, 40, 41, 53, 54, 55, 74, 75, 80, 81, 82, 118, 119, 120, 121]"
6453,400042615,257.7863960821951,10.217280137343874,4,"[91, 115, 116, 118]"
6454,399920310,48.71236804245556,-10.99727755325256,8,"[4, 31, 42, 43, 44, 70, 71, 109]"
6455,400113360,260.727574278043,40.7243099015144,6,"[25, 26, 52, 53, 79, 118]"
6456,400150498,261.1252299105903,35.13559460289872,1,[118]
6457,400108325,255.22351037741183,35.27707958320972,2,"[117, 118]"
6458,400231203,261.1997179114214,40.0489512655031,6,"[25, 26, 52, 53, 79, 118]"
6459,440042075,24.945741741420136,40.21363171378901,3,"[17, 57, 84]"
6460,440072380,23.9996192035415,37.74210834746911,3,"[17, 57, 84]"
6461,440109245,25.11880656738529,38.42643498846364,3,"[17, 57, 84]"
6462,460000589,250.82529946728454,68.0813355087926,11,"[24, 25, 26, 51, 52, 53, 78, 79, 80, 117, 118]"
6463,460007629,263.73216162690716,52.763705820029244,7,"[25, 26, 52, 53, 79, 80, 118]"
6464,400342261,241.79865972840244,-46.101038402030795,10,"[11, 12, 38, 65, 99, 100, 101, 102, 113, 114]"
6465,400365449,262.0204736727949,39.766989491503764,5,"[26, 52, 53, 79, 118]"
6466,400316888,91.27517825028815,11.953998899722118,4,"[43, 44, 45, 73]"
6467,420223526,293.08825901246087,47.454589564944904,5,"[14, 40, 54, 80, 81]"
6468,420246806,266.96636535933976,8.680811361138476,5,"[91, 92, 115, 116, 118]"
6469,420287575,77.62159556214638,70.62811352933272,19,"[18, 20, 24, 25, 26, 40, 47, 52, 53, 58, 59, 60, 73, 74, 78, 79, 85, 86, 119]"
6470,440324158,190.55808802440106,-65.49143488406972,5,"[9, 10, 63, 64, 90]"
6471,440389201,89.88556760440802,22.180375188813812,3,"[19, 59, 73]"
6472,460022840,264.3602843368012,47.68604860814257,6,"[26, 52, 53, 79, 80, 118]"
6473,460087695,265.4083656801495,49.13521107215066,5,"[52, 53, 79, 80, 118]"
6474,400643882,114.95246767957116,11.728218509830707,6,"[20, 44, 45, 46, 47, 60]"
6475,400534100,49.30806611233305,44.427263623563384,2,"[18, 85]"
6476,400673457,56.8788011317492,48.13016339660878,9,"[18, 24, 25, 52, 58, 78, 79, 85, 86]"
6477,440462174,90.50361618457231,24.37187087253314,2,"[19, 73]"
6478,440518695,90.97723738329938,19.546028294715697,1,[19]
6479,440489582,90.8583775679266,20.82387238634662,2,"[19, 73]"
6480,440603071,92.06988027167984,24.487648405719963,2,"[60, 73]"
6481,440583563,91.86794365630567,19.71711953262868,1,[60]
6482,440665786,19.318370478486564,24.206514095542534,3,"[17, 57, 84]"
6483,440656029,16.487769813637726,20.23510650884964,3,"[17, 57, 84]"
6484,460199632,209.51027837712994,-64.23131729006317,6,"[10, 11, 37, 63, 64, 90]"
6485,460354307,221.89150308948828,19.17974801229763,1,[51]
6486,460388434,222.39688014637434,22.103633049190126,1,[51]
6487,460361940,221.8526717813151,21.88668448913312,1,[51]
6488,460387666,223.23429814838494,19.685483739261688,1,[51]
6489,460398736,223.73487600186007,20.722153648256164,1,[51]
6490,400994158,293.20142344280134,36.45693366156744,3,"[54, 80, 81]"
6491,420577177,83.69067239146311,44.500219407793466,4,"[19, 59, 73, 86]"
6492,420656936,75.74546724107525,64.37061496262356,10,"[19, 25, 26, 52, 53, 58, 73, 78, 79, 86]"
6493,420645952,72.44401457079879,53.395403405333376,8,"[19, 25, 26, 52, 59, 73, 79, 86]"
6494,420685356,207.0680750878101,16.403497517475845,1,[50]
6495,440676500,18.83552891432626,22.014798253897805,3,"[17, 57, 84]"
6496,440681358,59.89241900516846,3.762941547249475,5,"[42, 43, 44, 70, 71]"
6497,440681396,59.861201027648825,3.6915031057645127,5,"[42, 43, 44, 70, 71]"
6498,440691067,60.26207574568208,3.736032712550534,5,"[42, 43, 44, 70, 71]"
6499,440691760,60.131326808818365,2.4094776083668275,5,"[42, 43, 44, 70, 71]"
6500,440695282,60.132918048516345,2.112925849140124,5,"[42, 43, 44, 70, 71]"
6501,440695415,60.23945769456249,2.445249694733807,5,"[42, 43, 44, 70, 71]"
6502,440695920,60.40447190645116,3.5560196701628906,5,"[42, 43, 44, 70, 71]"
6503,440695975,60.488067097340426,3.677803546600361,5,"[42, 43, 44, 70, 71]"
6504,440702883,60.715841811644715,2.4224706389336634,5,"[42, 43, 44, 70, 71]"
6505,440758041,107.76460395094706,-5.726980997381181,5,"[44, 45, 46, 71, 72]"
6506,440745541,189.7394534203213,-65.13385467365822,6,"[10, 36, 63, 64, 89, 90]"
6507,440863421,229.41904486614743,-9.06060356048461,5,"[11, 38, 65, 91, 115]"
6508,440865362,230.3234642833403,-11.792770328372912,4,"[11, 38, 65, 115]"
6509,440869145,229.29898483849317,-8.215674518267742,4,"[11, 38, 65, 115]"
6510,420751996,210.21222057736355,13.159825402009604,1,[50]
6511,420752443,210.18755915873848,13.750703987671077,1,[50]
6512,420777918,209.99591140326953,14.797556315670342,1,[50]
6513,420895269,242.91981674604816,10.873163008217807,3,"[91, 115, 116]"
6514,420896293,242.6648814059941,12.369469061612941,1,[91]
6515,440927288,231.04824324270393,-10.434413645328876,5,"[11, 38, 65, 91, 115]"
6516,441017974,319.45614185253373,-5.556318990824097,2,"[92, 116]"
6517,441018038,319.496068486001,-5.391469158819168,2,"[92, 116]"
6518,441003396,231.64226577848896,-10.512589752516226,4,"[11, 65, 91, 115]"
6519,441028857,320.5892724207877,-4.027785584069164,2,"[92, 116]"
6520,441038084,320.53750682612554,-5.261854313882142,2,"[92, 116]"
6521,441051764,353.3966060280511,-12.379860937376415,5,"[2, 29, 69, 70, 107]"
6522,441131892,32.569698559086824,-28.496202818076295,3,"[4, 31, 108]"
6523,441110063,317.78963026548007,-11.248365539841345,6,"[1, 28, 68, 92, 95, 116]"
6524,441120034,318.05023215939093,-12.540661517113668,5,"[1, 28, 68, 95, 116]"
6525,441133778,32.82115144581967,-28.684120528329732,3,"[4, 31, 108]"
6526,460814512,183.15560303412997,18.160985948416535,2,"[23, 49]"
6527,460843371,228.3456420243897,-18.836042897101798,4,"[11, 38, 65, 102]"
6528,401354555,225.02538031423418,-63.53449409959613,5,"[11, 37, 38, 64, 65]"
6529,401372918,357.7576926911859,10.111361509845382,5,"[42, 56, 70, 83, 92]"
6530,401397560,4.483486363187444,10.352597149075187,5,"[42, 43, 56, 70, 83]"
6531,401396260,2.580073670390932,6.362271002424919,1,[70]
6532,401435249,12.306060641716373,3.5399468489161916,3,"[42, 43, 70]"
6533,401443854,13.646427020102879,6.677300664381934,2,"[42, 43]"
6534,401435810,221.1011169489765,-38.95949111414481,10,"[11, 38, 64, 99, 100, 101, 102, 112, 113, 114]"
6535,401446825,13.12932867625859,4.528851240548456,3,"[42, 43, 70]"
6536,420964096,79.51993890503736,-45.585212243534905,8,"[5, 6, 32, 98, 107, 108, 109, 110]"
6537,421047795,112.6236354274339,-14.785371064426315,2,"[7, 87]"
6538,441161288,325.65884635756925,-14.263663765022851,5,"[1, 28, 68, 95, 106]"
6539,441181339,326.9276743177722,-12.252816631060721,6,"[1, 28, 68, 95, 106, 116]"
6540,441162150,326.260288695483,-13.260842279624521,5,"[1, 28, 68, 95, 106]"
6541,441246257,290.0210357606256,-17.71468938568966,3,"[67, 94, 105]"
6542,441285430,291.00020352829836,-15.039294396705497,4,"[13, 27, 67, 94]"
6543,441226729,187.78217853181772,-63.94258754786431,7,"[9, 10, 36, 37, 63, 64, 89]"
6544,401677048,250.04740450548425,-56.79793235555692,9,"[12, 38, 39, 65, 66, 93, 100, 101, 114]"
6545,401536404,106.84198270662247,8.650775310634872,7,"[20, 44, 45, 47, 60, 71, 72]"
6546,421194567,179.3970517025544,-1.8432220225631146,3,"[46, 72, 115]"
6547,421189312,192.2411071195726,-21.749190582895405,6,"[10, 36, 63, 90, 101, 114]"
6548,441419703,305.5940161799591,-12.005771668939095,4,"[1, 27, 95, 116]"
6549,441461100,344.8488684162658,-16.779428608082192,3,"[2, 29, 96]"
6550,441461124,344.9234177241956,-16.680929840582486,3,"[2, 29, 96]"
6551,441501782,39.876709782910275,-30.002723726278994,6,"[4, 31, 108, 109]"
6552,441492130,11.348631273638853,-30.702976516545213,4,"[30, 97, 107, 108]"
6553,461160946,177.9193369401314,-28.964263068236622,6,"[9, 36, 63, 90, 100, 113]"
6554,461157363,178.40393312169473,-30.158183287875136,7,"[9, 36, 63, 90, 100, 113, 114]"
6555,401701660,281.98968815276504,-60.60204590095266,9,"[13, 27, 39, 66, 67, 93, 94, 101, 102]"
6556,401698319,283.3791335774447,-59.46453109418075,9,"[13, 27, 39, 66, 67, 93, 94, 101, 102]"
6557,401808730,294.29727290966247,38.2812079092847,6,"[14, 40, 54, 80, 81, 119]"
6558,421285186,264.6047362121311,-30.729687269420698,6,"[12, 39, 66, 93, 103, 104]"
6559,421363414,287.8792338763018,-20.404652633066576,5,"[13, 27, 67, 94, 105]"
6560,441697305,173.64652700053503,62.734838255305704,9,"[15, 16, 22, 23, 49, 50, 76, 77, 121]"
6561,441707475,185.17492998586798,58.19244161132038,8,"[16, 22, 23, 49, 50, 76, 77, 121]"
6562,441716054,122.5898444108828,81.49578227139985,43,"[14, 16, 17, 18, 19, 20, 21, 22, 23, 24, 25, 40, 41, 47, 48, 49, 50, 51, 52, 53, 54, 55, 56, 58, 59, 60, 73, 74, 75, 76, 77, 78, 80, 81, 82, 83, 85, 86, 117, 118, 119, 120, 121]"
6563,441716374,117.30861810477204,80.68012456358161,47,"[14, 15, 16, 18, 19, 20, 21, 22, 23, 24, 25, 26, 40, 41, 47, 48, 49, 50, 51, 52, 53, 54, 55, 56, 57, 58, 59, 60, 73, 74, 75, 76, 77, 78, 79, 80, 81, 82, 83, 84, 85, 86, 117, 118, 119, 120, 121]"
6564,441708762,180.29099875050164,61.42350873048357,8,"[15, 22, 23, 49, 50, 76, 77, 121]"
6565,441709021,182.60719199362697,60.106858107092606,8,"[16, 22, 23, 49, 50, 76, 77, 121]"
6566,441717161,106.38088870864927,77.97077870669806,44,"[14, 15, 16, 17, 18, 19, 21, 22, 23, 24, 25, 26, 41, 47, 48, 49, 50, 51, 52, 53, 54, 55, 56, 58, 59, 60, 73, 74, 75, 76, 77, 78, 79, 80, 81, 82, 85, 86, 117, 118, 119, 120, 121]"
6567,441721258,111.84257168447967,80.11192925236358,44,"[14, 16, 17, 18, 19, 20, 21, 22, 23, 24, 26, 40, 41, 48, 49, 50, 51, 52, 53, 54, 55, 56, 57, 58, 59, 60, 73, 74, 75, 76, 77, 78, 79, 80, 81, 82, 83, 84, 85, 86, 117, 118, 120, 121]"
6568,441721286,112.45150409199938,80.12509662997091,43,"[14, 16, 17, 18, 19, 20, 21, 22, 23, 24, 26, 40, 41, 48, 49, 50, 51, 53, 54, 55, 56, 57, 58, 59, 60, 73, 74, 75, 76, 77, 78, 79, 80, 81, 82, 83, 84, 85, 86, 117, 118, 120, 121]"
6569,441726381,111.15612617990956,80.4285564690747,45,"[14, 16, 17, 18, 19, 20, 21, 22, 23, 24, 26, 40, 41, 47, 48, 49, 50, 51, 53, 54, 55, 56, 57, 58, 59, 60, 73, 74, 75, 76, 77, 78, 79, 80, 81, 82, 83, 84, 85, 86, 117, 118, 119, 120, 121]"
6570,461281455,217.27001289722674,-27.886910881166244,5,"[11, 37, 64, 101, 102]"
6571,461313540,233.39081596376403,-21.623625156609823,5,"[11, 38, 65, 102, 103]"
6572,461324347,226.44044362648376,23.26282642164747,1,[51]
6573,401940620,170.757891566221,-63.61173840083696,7,"[9, 35, 36, 62, 63, 89, 90]"
6574,401944429,54.921817370872475,-21.099731491765183,3,"[5, 31, 109]"
6575,401970256,55.65627685157452,-20.369481628924795,2,"[5, 109]"
6576,401971755,54.63218915562481,-24.665394255665838,3,"[5, 31, 109]"
6577,401912252,30.68555137859668,-58.597654644700434,8,"[3, 4, 30, 31, 97, 105, 106, 107]"
6578,401871213,28.878258819741937,-59.48450117785303,7,"[3, 4, 30, 31, 97, 105, 106]"
6579,401913504,26.09673291638555,-62.77722383092182,5,"[3, 4, 30, 31, 97]"
6580,402043469,41.966404748960834,-15.700051000037408,2,"[4, 109]"
6581,421438914,287.661989179719,-23.253687659968335,6,"[13, 27, 67, 94, 104, 105]"
6582,421432683,287.5819141269906,-22.50453300463915,6,"[13, 27, 67, 94, 104, 105]"
6583,421472503,243.71697980853736,-49.05521251690206,11,"[11, 12, 38, 39, 65, 99, 100, 101, 102, 113, 114]"
6584,441801208,103.56439954247128,83.91441983616976,45,"[14, 15, 16, 17, 18, 19, 21, 22, 24, 25, 26, 40, 41, 47, 48, 49, 50, 51, 52, 53, 54, 55, 56, 57, 58, 59, 60, 73, 74, 75, 76, 77, 78, 80, 81, 82, 83, 84, 85, 86, 117, 118, 119, 120, 121]"
6585,421544567,221.95864365461227,-16.514262541878708,4,"[11, 38, 64, 102]"
6586,441813918,93.28092301617453,79.56667868489934,46,"[14, 15, 16, 17, 18, 19, 20, 21, 22, 23, 24, 25, 26, 40, 41, 47, 48, 49, 50, 51, 52, 54, 55, 56, 57, 58, 59, 60, 73, 74, 75, 76, 77, 78, 79, 80, 81, 82, 84, 85, 86, 117, 118, 119, 120, 121]"
6587,441804565,103.75268465419248,84.18766875496377,45,"[14, 15, 16, 17, 18, 19, 21, 22, 24, 25, 26, 40, 41, 47, 48, 49, 50, 51, 52, 53, 54, 55, 56, 57, 58, 59, 60, 73, 74, 75, 76, 77, 78, 79, 80, 81, 82, 84, 85, 86, 117, 118, 119, 120, 121]"
6588,441810716,93.56468276754194,79.49522823206152,47,"[14, 15, 16, 17, 18, 19, 20, 21, 22, 23, 24, 25, 26, 40, 41, 47, 48, 49, 50, 51, 52, 54, 55, 56, 57, 58, 59, 60, 73, 74, 75, 76, 77, 78, 79, 80, 81, 82, 84, 85, 86, 117, 118, 119, 120, 121]"
6589,441834730,216.0369216651377,-16.575747787381072,4,"[11, 37, 64, 102]"
6590,461498857,80.66155077765869,68.04813284558418,16,"[18, 19, 20, 25, 26, 40, 47, 52, 53, 58, 59, 60, 73, 79, 86, 119]"
6591,461577822,81.7618545066042,66.35017313599639,13,"[18, 19, 20, 25, 26, 40, 52, 53, 59, 60, 73, 79, 86]"
6592,461545977,80.95971022068237,66.8590853140836,13,"[18, 19, 20, 25, 26, 40, 52, 53, 59, 60, 73, 79, 86]"
6593,461547729,81.31761894405733,66.80653920015989,14,"[18, 19, 20, 25, 26, 40, 47, 52, 53, 59, 60, 73, 79, 86]"
6594,461547908,83.21832629098243,66.80170305932617,16,"[18, 19, 20, 25, 26, 40, 47, 52, 53, 59, 60, 73, 74, 79, 86, 119]"
6595,461560812,80.35389149911208,66.74012004887201,13,"[18, 19, 20, 25, 26, 40, 52, 53, 59, 60, 73, 79, 86]"
6596,461597067,77.41914941597223,65.14732477554064,11,"[18, 19, 20, 25, 26, 52, 53, 59, 73, 79, 86]"
6597,461627362,77.84175761660796,64.57743055403203,11,"[18, 20, 25, 26, 52, 53, 59, 60, 73, 79, 86]"
6598,402180616,250.03575501640026,-55.14300872367107,12,"[12, 38, 39, 65, 66, 93, 99, 100, 101, 102, 113, 114]"
6599,402133995,186.3567081537475,15.936875211773675,1,[23]
6600,402202339,213.83041176299753,16.526668725952494,1,[51]
6601,402213447,214.82458595536,14.78440161522412,1,[51]
6602,402222772,251.8513439874977,-56.71469560156863,11,"[12, 38, 39, 65, 66, 93, 100, 101, 102, 113, 114]"
6603,421660215,233.72972993722232,-31.734429577885983,4,"[11, 38, 65, 102]"
6604,421698631,212.9641873033622,9.883826465230392,2,"[91, 115]"
6605,421699277,213.86550410619088,7.602639755462751,3,"[51, 91, 115]"
6606,421648360,303.8431321965136,25.59539929320192,2,"[54, 81]"
6607,421737480,208.55854507959083,22.937105034510168,1,[50]
6608,421805769,210.533197888125,21.418146779319823,1,[50]
6609,421806767,210.76733386130556,21.282527340209104,1,[50]
6610,421807396,209.65247396463326,24.10407725870043,1,[50]
6611,461652914,87.76219769685295,66.15236571236343,15,"[19, 20, 25, 26, 40, 47, 52, 53, 59, 60, 73, 74, 79, 86, 119]"
6612,402315016,216.2123251505188,16.77203270832552,1,[51]
6613,402517183,252.82521699121475,-56.56640408998,11,"[12, 38, 39, 65, 66, 93, 100, 101, 102, 113, 114]"
6614,421905643,127.83206178121235,-32.83916022903639,6,"[7, 34, 61, 88, 111, 112]"
6615,421940749,299.015495004506,-58.91072482974683,9,"[1, 13, 27, 28, 67, 68, 94, 95, 102]"
6616,421918385,295.4028201152539,-60.13868734406805,7,"[1, 13, 67, 94, 95, 102, 103]"
6617,421950985,323.95708016601907,-9.92561280875569,6,"[1, 28, 68, 92, 95, 116]"
6618,421994874,342.27738435545507,7.767232504092092,4,"[42, 56, 70, 92]"
6619,421995164,342.68962986422616,8.664983397418148,4,"[42, 56, 70, 92]"
6620,421999162,343.9299785952551,11.050252846860063,5,"[42, 56, 70, 83, 92]"
6621,422008981,11.16392351098262,57.8190000771874,8,"[16, 17, 56, 57, 76, 77, 83, 84]"
6622,422018164,13.831074968156809,59.36367507083573,8,"[16, 17, 56, 57, 76, 77, 83, 84]"
6623,422044019,291.40928904049093,-33.92273299657224,6,"[13, 27, 67, 101, 104, 105]"
6624,442402171,284.9145130925518,3.522782765434842,2,"[92, 116]"
6625,462110941,248.56255057331992,-19.68200726634911,4,"[12, 39, 65, 103]"
6626,402706001,257.22741507669855,-39.78093341715476,10,"[12, 39, 66, 93, 100, 101, 102, 103, 113, 114]"
6627,422079625,345.2815756676284,10.935533046682584,5,"[42, 56, 70, 83, 92]"
6628,402595813,257.43868291965885,-41.34809138222927,10,"[12, 39, 66, 93, 100, 101, 102, 103, 113, 114]"
6629,422115465,346.12171076218954,11.124918785607804,4,"[42, 56, 70, 83]"
6630,422149719,157.78495784853354,-23.629759910342127,6,"[8, 35, 62, 99, 100, 113]"
6631,422203859,158.3208127173609,-23.177805753004485,6,"[8, 35, 62, 99, 100, 113]"
6632,422142487,128.6549084387435,-32.958723146623726,5,"[7, 34, 61, 88, 112]"
6633,422246633,170.07414467937537,-20.725302038210863,6,"[9, 36, 62, 89, 100, 114]"
6634,442509264,313.2384025251939,3.622145998513729,2,"[92, 116]"
6635,442481598,312.28109007309996,1.1275955468226362,2,"[92, 116]"
6636,422245101,194.47925979265148,1.307159953004457,3,"[46, 91, 115]"
6637,442516870,313.6362018405421,3.8367486843992302,2,"[92, 116]"
6638,442654378,190.19550618051136,-63.96639739769071,7,"[9, 10, 36, 37, 63, 64, 90]"
6639,442508593,312.94948808682636,2.545807853035473,2,"[92, 116]"
6640,442652828,242.83667578490747,-13.17981190673236,4,"[12, 38, 65, 103]"
6641,462213681,238.83852046544527,21.042016487134653,1,[117]
6642,462244810,238.2676901059264,25.777485723395703,1,[117]
6643,462337626,241.02611256518875,23.469431670453545,1,[117]
6644,402805529,251.6779539387407,-54.462465526894746,12,"[12, 38, 39, 65, 66, 93, 99, 100, 101, 102, 113, 114]"
6645,402739614,1.0224860649131442,21.315275208986755,2,"[56, 83]"
6646,422278444,171.62330390305218,-22.460211897615114,5,"[9, 36, 63, 100, 114]"
6647,422288808,206.05211745489777,-3.6372474158348975,2,"[91, 115]"
6648,422273489,189.5953076769321,14.295253974495022,2,"[23, 50]"
6649,422300375,16.824443711666095,60.12987242441303,6,"[16, 17, 24, 57, 83, 84]"
6650,422352806,189.50971304607052,-16.00963118907426,6,"[10, 36, 63, 90, 101, 114]"
6651,422364489,308.1080368056578,-3.6347279407568633,2,"[92, 116]"
6652,422364664,308.1703842025772,-3.410347939014444,2,"[92, 116]"
6653,422406221,192.3122239161957,-20.472761427656874,6,"[10, 36, 63, 90, 101, 114]"
6654,422408681,190.852174685148,-17.06497780540631,5,"[10, 36, 63, 90, 101]"
6655,442763861,183.0044896251152,-60.86308923453504,10,"[9, 10, 36, 37, 62, 63, 89, 90, 111, 112]"
6656,442858230,243.54422374719132,-11.144076177779596,6,"[12, 38, 65, 91, 115, 116]"
6657,442837381,227.0519568665446,-48.36778297168645,9,"[11, 38, 64, 65, 100, 101, 112, 113, 114]"
6658,462426434,190.90272520460144,-60.813507317512546,9,"[9, 10, 36, 37, 63, 64, 90, 99, 112]"
6659,462539054,166.52912238202964,13.816105348241365,2,"[22, 49]"
6660,462512093,110.0202792892755,6.03119192250547,7,"[20, 44, 45, 46, 47, 71, 72]"
6661,462549849,113.73340045958545,66.59315641740147,13,"[14, 20, 21, 26, 40, 41, 48, 53, 60, 73, 74, 75, 120]"
6662,402978131,72.37534650053821,63.275295489631205,12,"[18, 19, 25, 26, 52, 53, 58, 59, 73, 78, 79, 86]"
6663,402934237,352.3791219322369,12.784571890602004,2,"[56, 83]"
6664,403021474,4.132393564181111,7.9739706643591175,5,"[42, 43, 56, 70, 83]"
6665,422422099,343.001562281891,12.121289197732395,4,"[42, 56, 83, 92]"
6666,422518554,30.11368772263745,68.04417142418505,10,"[16, 17, 18, 24, 57, 58, 77, 78, 84, 85]"
6667,422505074,352.8998395813215,4.431968189009953,3,"[42, 70, 92]"
6668,422478973,205.00076367946406,-9.30379744914426,4,"[10, 64, 91, 115]"
6669,422524297,355.1330000556525,8.723540905482297,4,"[42, 56, 70, 92]"
6670,422553703,354.3016329850008,5.0367254518134414,3,"[42, 70, 92]"
6671,422556732,39.04329948535908,62.60496212514435,9,"[17, 18, 25, 57, 58, 77, 78, 84, 85]"
6672,442956224,78.87054593311674,-40.07274772304704,8,"[5, 6, 32, 98, 107, 108, 109, 110]"
6673,442960191,79.60653466247074,-36.26269029708634,7,"[5, 6, 32, 98, 107, 109, 110]"
6674,443059088,95.82257150906311,-31.20970599490192,5,"[6, 33, 87, 110, 111]"
6675,443088259,96.02171602602867,-34.21555867154081,5,"[6, 33, 87, 110, 111]"
6676,462666639,261.4624695896231,42.49862532076272,6,"[25, 26, 52, 53, 79, 118]"
6677,462715598,271.0411244087664,43.04949075089593,3,"[40, 53, 118]"
6678,462744207,193.47927241562192,-61.39199447819545,8,"[9, 10, 36, 37, 63, 64, 90, 112]"
6679,403121375,300.55842982678354,-47.062264770829294,9,"[1, 27, 67, 94, 95, 101, 102, 103, 104]"
6680,403153647,312.6639806984785,-44.04041888788731,8,"[1, 28, 68, 95, 102, 103, 104, 105]"
6681,403223176,316.42825736811795,-41.724668737306416,6,"[68, 95, 102, 103, 104, 105]"
6682,403224147,314.1037441148116,-44.52311688317945,8,"[1, 28, 68, 95, 102, 103, 104, 105]"
6683,403147494,28.169452217295362,47.642222104601046,5,"[17, 24, 57, 84, 85]"
6684,403085679,68.31282915641167,31.10331046010583,3,"[19, 59, 86]"
6685,422603396,356.3061550523299,7.560225250783274,5,"[42, 56, 70, 83, 92]"
6686,422679659,29.043812852060704,-8.58534454510767,5,"[4, 42, 43, 70, 97]"
6687,422629660,355.4115539133296,4.275038630756494,3,"[42, 70, 92]"
6688,422688328,235.41068274251853,-1.6612832771053097,2,"[91, 115]"
6689,422692360,29.37493784409456,-9.060905272802046,5,"[4, 42, 43, 70, 97]"
6690,422727533,0.029021045830926438,5.159035974962304,2,"[42, 70]"
6691,422736099,294.6556792071057,5.148026567517674,2,"[92, 116]"
6692,422703551,250.0903744478478,-44.63853248042798,11,"[12, 39, 65, 66, 93, 99, 100, 101, 102, 113, 114]"
6693,422750471,62.17486613608003,57.33263846775374,11,"[18, 19, 24, 25, 52, 58, 59, 78, 79, 85, 86]"
6694,422741374,359.2406961338429,2.6061595849170787,2,"[42, 70]"
6695,443299918,230.84329415282534,-51.03187935024399,9,"[11, 38, 65, 99, 100, 101, 112, 113, 114]"
6696,443308670,97.52029330458865,-31.1648010276251,5,"[6, 33, 87, 110, 111]"
6697,462767818,278.9691175014577,37.06482897880649,5,"[26, 40, 53, 118, 119]"
6698,462871358,279.72969255034974,40.10562231719046,6,"[26, 40, 53, 80, 118, 119]"
6699,422833536,323.3049529329815,15.95973410309859,2,"[55, 82]"
6700,422881329,31.50889241907528,30.321704423262382,3,"[17, 57, 84]"
6701,422856892,295.0175123417849,5.747724500292535,2,"[92, 116]"
6702,422890045,35.41082007904947,-13.83295689693119,2,"[4, 31]"
6703,422922274,50.502952714879825,25.326723164853902,3,"[18, 58, 85]"
6704,443589040,169.39425649401048,-4.636126971208857,3,"[45, 46, 72]"
6705,443621408,196.51040078058176,-21.26707993353159,6,"[10, 37, 63, 90, 101, 114]"
6706,443616529,171.47918692797117,-7.6464248244100075,5,"[9, 36, 45, 46, 72]"
6707,443616609,171.59260575227754,-7.941053562533957,6,"[9, 36, 45, 46, 63, 72]"
6708,403585118,17.063528383043387,76.57269987732448,29,"[15, 16, 17, 18, 19, 21, 22, 24, 25, 48, 51, 52, 55, 56, 58, 59, 73, 75, 76, 77, 78, 79, 82, 83, 85, 86, 117, 120, 121]"
6709,403438102,50.353312592408344,44.11463402678803,3,"[18, 58, 85]"
6710,403469626,287.50773293510383,20.94003684944963,2,"[54, 80]"
6711,422968036,37.67722132859863,-12.298232181203696,3,"[4, 31, 71]"
6712,423068977,266.65601847622656,48.702080531003354,4,"[52, 79, 80, 118]"
6713,443719372,222.30137347368304,26.96322914684519,1,[51]
6714,443846457,121.29214773443158,-10.853814765909725,9,"[7, 34, 44, 45, 46, 61, 71, 72, 88]"
6715,463507016,191.125693898647,-58.766851443922725,11,"[9, 10, 36, 37, 63, 64, 90, 99, 111, 112, 113]"
6716,403800324,190.93249880546549,-24.90864615420406,6,"[10, 36, 63, 90, 101, 114]"
6717,403840715,213.01652576111516,-43.512524142240444,9,"[10, 11, 37, 99, 100, 101, 112, 113, 114]"
6718,403802333,191.33846847973197,-25.456426553270884,6,"[10, 36, 63, 90, 101, 114]"
6719,403790376,296.09662129920935,48.59739982816195,5,"[41, 54, 80, 81, 119]"
6720,423196055,277.5097553448981,52.1724824984841,7,"[26, 40, 53, 74, 80, 118, 119]"
6721,423241700,282.54356478996823,-50.56643327413081,11,"[13, 27, 66, 67, 93, 94, 100, 101, 102, 103, 114]"
6722,423245334,120.90264792093215,-44.41570101345317,8,"[7, 34, 61, 88, 108, 109, 110, 111]"
6723,423245341,120.90638746353152,-44.41640234565762,8,"[7, 34, 61, 88, 108, 109, 110, 111]"
6724,423193084,277.3152964118694,50.83784757798065,7,"[26, 40, 53, 74, 80, 118, 119]"
6725,423240775,282.47277145732187,-50.247684447101385,11,"[13, 27, 66, 67, 93, 94, 100, 101, 102, 103, 114]"
6726,423279592,149.5884089796957,-31.470438130490184,6,"[8, 35, 62, 89, 112, 113]"
6727,423344044,3.5481929135045562,-5.1471257145872436,2,"[42, 70]"
6728,423357347,3.0291494015263978,-6.973083271261658,4,"[3, 30, 42, 70]"
6729,443965212,129.31007485649474,-6.632876184411595,6,"[7, 34, 44, 45, 46, 72]"
6730,444005166,131.12026387045944,-7.107744716089724,6,"[7, 34, 44, 45, 46, 72]"
6731,444057141,291.8437330521214,-3.2595932050195184,2,"[92, 116]"
6732,463794734,192.44109001876495,-58.93159681381335,11,"[9, 10, 36, 37, 63, 64, 90, 99, 111, 112, 113]"
6733,403843641,211.97779917486008,-42.298775587622785,10,"[10, 11, 37, 64, 99, 100, 101, 112, 113, 114]"
6734,404021101,319.19428979419234,0.8294855651830608,1,[116]
6735,403910039,211.58036173697906,-41.61047429192622,9,"[10, 11, 64, 99, 100, 101, 112, 113, 114]"
6736,423386617,13.0352480045124,-7.777159103140937,6,"[3, 30, 42, 43, 70, 97]"
6737,423442495,43.81776494608123,-33.070303980193565,4,"[4, 31, 108, 109]"
6738,423431660,25.571920282002413,-21.619476717534273,3,"[4, 30, 97]"
6739,423434235,168.3012032943906,-29.0709318848467,9,"[9, 36, 62, 89, 99, 100, 113, 114]"
6740,423456357,94.13255465869479,35.25728253746985,3,"[20, 60, 73]"
6741,423456371,94.09210161758598,35.076744283417284,3,"[20, 60, 73]"
6742,423461158,58.85488101580993,46.72220413345586,6,"[18, 25, 52, 58, 85, 86]"
6743,423491504,177.89984782866895,-22.392966062946204,6,"[9, 36, 63, 90, 100, 114]"
6744,423493367,179.52601949543381,-25.31630448006789,6,"[9, 63, 90, 100, 101, 114]"
6745,444081596,55.01964678152109,38.30689010696636,3,"[18, 58, 85]"
6746,444314028,29.09363945760259,54.406971998504446,8,"[17, 24, 57, 58, 77, 78, 84, 85]"
6747,464344675,276.0236508701653,-41.42540174981803,9,"[13, 66, 93, 94, 101, 102, 103, 104, 114]"
6748,404243869,345.5539241437508,-2.299120802755226,2,"[42, 70]"
6749,423724413,16.36919966767657,-20.24744553050095,4,"[3, 30, 97, 108]"
6750,423719013,249.9121004655423,-33.19200360294372,4,"[12, 39, 65, 103]"
6751,423678653,250.5541823423645,-43.95025940172778,11,"[12, 39, 65, 66, 93, 100, 101, 102, 103, 113, 114]"
6752,423637423,0.7851569736353483,-16.578230615474627,2,"[3, 107]"
6753,423754618,55.99137652439644,42.9223890466125,3,"[18, 58, 86]"
6754,423700466,14.896904463625352,-20.526334948880802,4,"[3, 30, 97, 108]"
6755,444335503,39.22170126184668,51.44969495490788,6,"[17, 18, 57, 58, 78, 85]"
6756,464415840,277.1816059965867,-39.09044645026916,9,"[13, 66, 93, 94, 101, 102, 103, 104, 114]"
6757,464405850,276.42823330456514,-41.68611968061011,8,"[66, 93, 94, 101, 102, 103, 104, 114]"
6758,464420341,276.8467180241333,-41.92759131843309,9,"[66, 67, 93, 94, 101, 102, 103, 104, 114]"
6759,464459950,197.09152817065555,-60.0491172822041,9,"[10, 36, 37, 63, 64, 90, 99, 112, 113]"
6760,404340264,216.7137677970306,-38.84818132900904,10,"[11, 37, 38, 64, 99, 100, 101, 112, 113, 114]"
6761,404351212,285.91347170951093,-59.60655617192065,8,"[13, 27, 66, 67, 93, 94, 101, 102]"
6762,404487000,341.21087689198737,21.89179494287107,2,"[56, 82]"
6763,404514615,343.0326328005094,24.830914180354817,2,"[56, 83]"
6764,444585229,50.9817069605698,50.37190728148273,7,"[18, 24, 25, 52, 58, 78, 85]"
6765,444711579,268.0890369304218,-7.132145213723783,5,"[39, 91, 92, 115, 116]"
6766,464773395,59.345309855475925,-17.31141271642419,2,"[5, 32]"
6767,464774815,59.50985638144642,-17.600581658319467,1,[5]
6768,404556184,342.84950038007753,22.848439068365323,3,"[56, 82, 83]"
6769,404575392,343.5470819278555,23.9681298781213,2,"[56, 83]"
6770,404590388,307.1567403613938,19.721361296523625,1,[54]
6771,404572219,270.0677374305459,24.06873363975414,2,"[80, 118]"
6772,404647507,30.845663672937608,0.9741841579483249,2,"[70, 71]"
6773,404712940,32.06893008451575,0.10755779288256631,4,"[42, 43, 70, 71]"
6774,404721928,318.86752176178913,14.906700446012685,2,"[55, 82]"
6775,424009747,26.861319160736425,32.55786697240028,3,"[17, 57, 84]"
6776,444895682,95.93790924147909,33.13219204484811,3,"[20, 60, 73]"
6777,444903023,96.1582043053996,33.61940139880742,3,"[20, 60, 73]"
6778,444897698,95.69206882542412,36.40493361213994,3,"[20, 60, 73]"
6779,444898583,95.81741220620798,34.84967459191485,3,"[20, 60, 73]"
6780,404794021,278.64236764307884,27.720127552649803,2,"[80, 118]"
6781,424266325,249.5527465202107,-40.23125761908737,9,"[12, 39, 65, 100, 101, 102, 103, 113, 114]"
6782,424247643,307.9009173862567,37.773862771386895,6,"[14, 41, 54, 81, 119, 120]"
6783,424440086,310.4694913653788,82.77833882981781,46,"[15, 16, 17, 18, 19, 20, 21, 22, 23, 24, 25, 26, 40, 41, 47, 48, 49, 50, 51, 52, 53, 54, 55, 56, 57, 58, 59, 60, 73, 74, 75, 77, 78, 79, 80, 81, 82, 83, 84, 85, 86, 117, 118, 119, 120, 121]"
6784,424391564,72.35970350338378,80.39814597168919,45,"[14, 15, 16, 17, 18, 19, 20, 21, 23, 24, 25, 26, 40, 41, 47, 48, 49, 50, 51, 52, 53, 54, 55, 56, 57, 58, 60, 73, 74, 75, 76, 77, 78, 79, 80, 81, 82, 83, 84, 85, 86, 117, 118, 120, 121]"
6785,445029587,114.421671893781,38.387103513397776,4,"[20, 47, 60, 74]"
6786,445070560,184.3559491686782,32.513955019272785,2,"[23, 49]"
6787,445074164,185.97016277500964,30.757516786265622,2,"[23, 50]"
6788,445077534,199.59034096202706,32.64625158929242,2,"[23, 50]"
6789,445080766,217.24315552020522,27.82002895430345,1,[51]
6790,445081454,216.6866515560649,29.784198519256652,1,[51]
6791,445193363,37.74285751358648,45.151020955615536,4,"[17, 18, 58, 85]"
6792,445108140,40.00092930135676,48.273799508331464,5,"[17, 18, 58, 78, 85]"
6793,445136120,37.51443465570634,45.15709936598254,5,"[17, 18, 57, 58, 85]"
6794,445258198,40.24640107048741,47.00687605612504,5,"[17, 18, 24, 58, 85]"
6795,405148007,200.72216880887467,-37.90626536744705,10,"[10, 37, 64, 90, 99, 100, 101, 111, 113, 114]"
6796,405113468,119.48289239393908,-38.58170763427153,6,"[34, 61, 88, 108, 109, 110]"
6797,405190745,6.94754031495179,6.604410102713799,3,"[42, 43, 70]"
6798,405091166,226.5210005007907,-56.42082114570661,11,"[11, 37, 38, 64, 65, 99, 100, 101, 112, 113, 114]"
6799,424621975,250.41301754775085,-41.59927141505853,10,"[12, 65, 66, 93, 100, 101, 102, 103, 113, 114]"
6800,424736467,206.96708884886365,31.74540527555919,1,[50]
6801,424732949,189.46884023805964,25.67409258668536,2,"[23, 50]"
6802,445457726,136.69114318905076,-70.4032238691224,11,"[7, 8, 9, 33, 34, 35, 61, 62, 87, 88, 89]"
6803,445474267,52.451314157577315,43.81010640019846,2,"[58, 85]"
6804,465600476,265.11860402650615,-14.764670565081943,3,"[12, 39, 93]"
6805,465608542,265.0293671433301,-14.105341837292594,3,"[12, 39, 93]"
6806,405267424,3.962058275761957,7.533092787349202,2,"[42, 70]"
6807,405341081,26.766863799418534,7.261083782958326,3,"[42, 43, 70]"
6808,405372859,331.8903727703992,14.064838559789818,2,"[55, 82]"
6809,405249646,332.9995609034938,15.580649068264993,2,"[55, 82]"
6810,405353964,277.53580902939734,-9.683077453514874,4,"[13, 92, 93, 116]"
6811,405251305,3.0255511428516217,6.09100228765042,2,"[42, 70]"
6812,405374935,28.577528095016106,6.9297755170380215,4,"[17, 42, 43, 70]"
6813,405376575,37.817240250096376,10.835508255452199,6,"[17, 42, 43, 58, 71, 85]"
6814,405402269,39.64814715469033,15.439005821026653,2,"[58, 85]"
6815,405410684,305.0000863358757,-52.041963996644405,11,"[1, 27, 28, 67, 68, 94, 95, 101, 102, 103, 104]"
6816,424748146,284.6021590000048,-28.834317862143216,6,"[13, 27, 67, 94, 104, 105]"
6817,424870548,317.9658032832878,71.45147458739132,13,"[14, 15, 40, 41, 54, 55, 56, 74, 75, 76, 81, 82, 83]"
6818,424886328,249.7949088222735,-39.205397060443374,9,"[12, 39, 65, 100, 101, 102, 103, 113, 114]"
6819,424969508,250.7920146325098,-35.35822164371156,6,"[12, 39, 65, 102, 103, 113]"
6820,445694175,73.29843299880297,35.2171156359555,4,"[19, 59, 73, 86]"
6821,405501056,214.3890773350565,-24.25185909568339,5,"[11, 37, 64, 101, 102]"
6822,405484171,59.96109301840805,4.068275470647484,5,"[42, 43, 44, 70, 71]"
6823,405484416,59.96914999681553,4.480318891297896,5,"[42, 43, 44, 70, 71]"
6824,405485269,150.41653751971708,-25.02188798433123,6,"[8, 35, 62, 89, 99, 113]"
6825,405557056,247.80675905182363,62.95303938401298,9,"[25, 26, 51, 52, 53, 78, 79, 117, 118]"
6826,405611514,20.816898268863845,38.22569548695067,2,"[17, 84]"
6827,405576310,220.41830665614293,-47.51325545328561,10,"[11, 37, 38, 64, 99, 100, 101, 112, 113, 114]"
6828,425075501,327.7882741190295,-0.8392214229530024,2,"[42, 92]"
6829,425092057,106.05696171491839,-13.539379591329824,2,"[33, 87]"
6830,425092234,106.06497875038418,-13.422523485851217,2,"[33, 87]"
6831,425039286,327.3005118862592,-0.27307971030529793,3,"[42, 92, 116]"
6832,425164208,55.64602382661756,-24.340326487864733,2,"[5, 109]"
6833,445811336,146.7825655584422,43.48045545188128,3,"[21, 48, 75]"
6834,445860015,173.63826805290606,62.76547755610497,9,"[15, 16, 22, 23, 49, 50, 76, 77, 121]"
6835,445872278,215.78466799477516,47.71219939370944,5,"[24, 50, 51, 77, 78]"
6836,445922350,57.32717304183255,-10.416224850067394,6,"[5, 42, 43, 44, 70, 71]"
6837,445925825,49.01306162216251,-10.190652231825458,8,"[4, 31, 42, 43, 44, 70, 71, 109]"
6838,445914083,233.45334551369868,41.77268894372016,3,"[24, 25, 78]"
6839,405714720,308.9772699206733,74.63774964082418,23,"[15, 26, 40, 41, 49, 53, 54, 55, 56, 59, 73, 74, 75, 76, 80, 81, 82, 83, 86, 118, 119, 120, 121]"
6840,405902259,334.400828755511,69.64108553793623,13,"[14, 16, 41, 54, 55, 56, 75, 76, 81, 82, 83, 120, 121]"
6841,425177548,39.052293614017486,-25.563491888163277,4,"[4, 31, 108, 109]"
6842,425217249,111.65859786182287,-11.220449702409061,7,"[7, 33, 45, 46, 71, 72, 87]"
6843,425312220,168.50799964378885,-2.4718954840858096,3,"[45, 46, 72]"
6844,446006789,119.47459425544795,1.351517972535264,3,"[44, 45, 71]"
6845,446012335,73.80740716086511,10.490392910121912,6,"[19, 43, 44, 59, 71, 86]"
6846,446109560,81.88473082731574,28.313914797162415,4,"[19, 59, 73, 86]"
6847,446169154,106.94807020460853,68.11982613318959,14,"[14, 19, 20, 21, 26, 41, 47, 53, 59, 60, 73, 74, 79, 119]"
6848,446169305,177.03327069814074,24.773190306149107,2,"[22, 49]"
6849,446178336,230.94246361403074,20.33140384162191,2,"[51, 117]"
6850,446179306,231.25020964536975,19.949929125137484,2,"[51, 117]"
6851,406092887,279.70605697066196,-25.367937381281823,4,"[13, 67, 94, 104]"
6852,406116890,281.5609912842084,-29.565844819695965,4,"[13, 67, 94, 104]"
6853,406119410,281.9616572095144,-27.57655115565492,4,"[13, 67, 94, 104]"
6854,406122216,282.25391145776865,-25.569417305602286,6,"[13, 27, 67, 94, 104, 105]"
6855,425591703,223.5082638624243,-18.28260680302874,2,"[38, 102]"
6856,425572138,283.89546303579425,-8.381655570847391,6,"[13, 27, 67, 92, 94, 116]"
6857,425579966,216.37049466695382,-21.7363553006865,4,"[11, 37, 64, 102]"
6858,446318155,227.3660066114688,-40.22706894275543,10,"[11, 38, 65, 99, 100, 101, 102, 112, 113, 114]"
6859,446369965,186.66330024224743,-54.28877034454841,10,"[9, 10, 36, 37, 63, 90, 99, 111, 112, 113]"
6860,446436963,213.0784507967531,14.62890945532745,1,[51]
6861,446440809,211.69524452132762,19.02027941797372,1,[50]
6862,466087197,285.4711421305656,-2.1300103674866113,2,"[92, 116]"
6863,466098380,283.5219040076324,-44.41495913679967,8,"[13, 27, 67, 94, 101, 102, 103, 104]"
6864,406237800,286.0031234492741,-31.029301946600285,5,"[13, 27, 67, 94, 104]"
6865,406277435,303.27585766021394,-44.99748118370435,11,"[1, 27, 67, 68, 94, 95, 101, 102, 103, 104, 105]"
6866,425878192,256.4990103534825,-54.26403496571229,10,"[12, 39, 65, 66, 93, 100, 101, 102, 113, 114]"
6867,425907664,324.2906638165166,-55.111757182861794,10,"[1, 2, 28, 68, 95, 96, 102, 103, 104, 105]"
6868,425909254,288.72170881280783,56.340299140630556,10,"[14, 26, 40, 53, 54, 74, 80, 81, 118, 119]"
6869,466203577,288.8468972086509,-42.29824469678033,8,"[13, 27, 67, 94, 101, 102, 103, 104]"
6870,466231027,289.1504840389354,-43.21174319191677,6,"[13, 27, 101, 102, 103, 104]"
6871,466231610,289.54514608419925,-42.239702306264945,8,"[13, 27, 67, 94, 101, 102, 103, 104]"
6872,406478187,44.20131045737999,-39.439995713161316,4,"[4, 31, 106, 107]"
6873,406500231,66.09178825402002,-40.54490326279585,6,"[32, 98, 106, 107, 108, 109]"
6874,406507334,225.62758773368546,-46.930396573874695,9,"[38, 64, 65, 99, 100, 101, 112, 113, 114]"
6875,406540069,4.974149564141493,23.373874249994746,2,"[56, 83]"
6876,406630202,45.312628689221626,62.27345144155907,11,"[17, 18, 24, 25, 52, 57, 58, 77, 78, 84, 86]"
6877,425934574,324.0294957001948,-56.636948979541465,9,"[1, 2, 28, 68, 95, 96, 102, 103, 104]"
6878,425935521,322.38373107728654,-57.72165278565599,9,"[1, 2, 28, 68, 95, 96, 102, 103, 104]"
6879,426114400,295.7795513331308,53.50204678051462,7,"[14, 40, 41, 54, 80, 81, 119]"
6880,446758311,186.64678925738545,-53.76167081841989,11,"[9, 10, 36, 37, 63, 90, 99, 110, 111, 112, 113]"
6881,466443343,10.535837544745496,6.547056882135742,3,"[42, 43, 70]"
6882,466491527,252.43458633791306,-7.707068336570952,5,"[12, 39, 91, 115, 116]"
6883,466410057,334.2590064891036,22.55344467443593,2,"[55, 82]"
6884,466493185,222.7534818501089,-0.5692987673826031,1,[91]
6885,406758816,143.56293586795252,34.4730609170688,2,"[21, 48]"
6886,406759701,150.60325465557943,36.90829408627611,3,"[22, 48, 75]"
6887,406854936,73.17203418144457,84.75954618216302,45,"[14, 15, 16, 17, 18, 19, 20, 21, 23, 24, 25, 26, 40, 41, 47, 48, 49, 50, 51, 53, 54, 55, 56, 57, 58, 59, 60, 73, 74, 75, 76, 77, 78, 80, 81, 82, 83, 84, 85, 86, 117, 118, 119, 120, 121]"
6888,406811493,235.8104119282754,58.99660853924968,7,"[24, 25, 51, 52, 78, 79, 117]"
6889,406831994,108.42764839045064,63.6091293763041,11,"[14, 20, 26, 40, 41, 47, 53, 60, 73, 74, 119]"
6890,406862993,257.2294353433,-58.79917085314257,8,"[12, 39, 65, 66, 93, 100, 101, 114]"
6891,406870701,256.6678215554498,-58.15760714151537,9,"[12, 39, 65, 66, 93, 100, 101, 102, 114]"
6892,406755195,177.3598892601285,25.48208154816364,1,[49]
6893,426150105,44.13272445902967,6.168375146201376,6,"[18, 42, 43, 44, 70, 71]"
6894,407029356,19.230517742632358,67.21846358362627,9,"[16, 17, 24, 56, 58, 76, 78, 83, 85]"
6895,426308123,86.70022608318202,18.304530471232255,3,"[19, 59, 73]"
6896,426350650,318.62521238849473,49.76682330549514,8,"[14, 15, 41, 55, 75, 81, 82, 120]"
6897,426400173,87.13676758742976,13.877800751735546,3,"[19, 59, 73]"
6898,447088034,252.7484669126067,-44.32552741680295,11,"[12, 39, 65, 66, 93, 100, 101, 102, 103, 113, 114]"
6899,466585876,213.09990790796223,-60.41512367119416,8,"[10, 11, 37, 38, 64, 99, 112, 113]"
6900,407123886,257.75245652872303,-56.30188860226507,10,"[12, 39, 65, 66, 93, 100, 101, 102, 113, 114]"
6901,426416633,87.17763256132784,17.102610204740163,3,"[19, 59, 73]"
6902,426451762,47.85045922632069,0.8871151723292644,3,"[44, 70, 71]"
6903,447311889,258.82348214835537,-38.94054211692042,9,"[12, 39, 66, 93, 100, 101, 102, 103, 114]"
6904,447579702,260.54780691617566,-40.359078433488754,9,"[12, 39, 66, 93, 100, 101, 102, 103, 114]"
6905,466657225,288.169484689734,-46.167752064107,9,"[13, 27, 67, 94, 101, 102, 103, 104, 114]"
6906,407315823,50.56701957210829,57.38330371143215,7,"[18, 24, 25, 58, 78, 85, 86]"
6907,407357369,33.58299985778506,25.611526352883637,4,"[17, 57, 84, 85]"
6908,407339750,32.7320810126612,31.21577115415365,4,"[17, 57, 84, 85]"
6909,407382090,42.98916908542547,32.53518941091913,3,"[18, 58, 85]"
6910,426676796,91.66427292488268,14.55527086788174,1,[73]
6911,426734661,83.9957867351879,56.60773372696314,11,"[19, 20, 25, 26, 52, 53, 59, 60, 73, 79, 86]"
6912,407330598,294.5242671536267,48.66385833556943,6,"[14, 54, 74, 80, 81, 119]"
6913,426766218,90.10476838638787,-0.5396043313131429,3,"[43, 44, 45]"
6914,447645421,261.326173462775,-42.229390152411796,8,"[12, 66, 93, 100, 101, 102, 103, 114]"
6915,447685928,260.7567604717651,-38.79338451965645,9,"[12, 39, 66, 93, 100, 101, 102, 103, 114]"
6916,447823435,191.92763275568998,-55.93119829014258,11,"[9, 10, 36, 37, 63, 64, 90, 99, 111, 112, 113]"
6917,447842929,255.2090869567789,32.83392299993383,2,"[117, 118]"
6918,466858151,314.96114165414866,22.67104476091448,2,"[55, 81]"
6919,466892969,313.7756050076422,17.684931036674325,1,[81]
6920,466939475,315.3886644763158,20.381236701589714,2,"[55, 81]"
6921,466941853,316.22256262248453,22.969385622497608,2,"[55, 81]"
6922,407589461,141.00557465536906,22.100053147822525,2,"[21, 48]"
6923,407590949,141.92585181712607,20.580261761658694,2,"[21, 48]"
6924,407591082,141.67695412464934,21.271723716781416,2,"[21, 48]"
6925,426954389,1.7811448877721223,17.61500695698733,2,"[56, 83]"
6926,426986895,51.93822711688342,2.891405239351169,5,"[42, 43, 44, 70, 71]"
6927,427020093,51.97046355490743,-0.09276671630352483,5,"[42, 43, 44, 70, 71]"
6928,427069467,10.76231720589889,53.16349221361587,8,"[16, 17, 56, 57, 76, 77, 83, 84]"
6929,448024472,247.90381128438614,-60.95268926407742,10,"[11, 12, 38, 39, 65, 66, 93, 100, 101, 114]"
6930,448025867,249.80249550064602,-61.65888167153734,8,"[11, 12, 38, 39, 65, 66, 93, 114]"
6931,467115907,90.53762437093181,30.103644858522536,4,"[19, 59, 60, 73]"
6932,467075352,90.02460000909696,27.641452425494403,3,"[19, 59, 73]"
6933,467125097,90.7864351443882,28.13700212551537,3,"[19, 60, 73]"
6934,407929847,61.68043929782169,5.297007322944259,4,"[42, 43, 44, 71]"
6935,407966340,60.532704151728,-11.289732177519799,6,"[5, 32, 43, 44, 70, 71]"
6936,408001784,358.7546394904767,-2.561443860239508,2,"[42, 70]"
6937,407997659,60.56430256129382,-12.326734750370047,4,"[5, 32, 70, 71]"
6938,408017216,9.730241482374087,-12.919650793533021,3,"[3, 30, 97]"
6939,408012676,0.3666367349137319,-8.011436417078167,3,"[3, 42, 70]"
6940,407991625,59.915303350734206,-14.451710581662121,2,"[5, 32]"
6941,427239223,17.654124749949005,68.76799717199746,13,"[16, 17, 18, 24, 56, 57, 58, 76, 77, 78, 83, 85, 121]"
6942,427265377,281.4410509715821,8.50938772133374,3,"[80, 92, 116]"
6943,427271857,12.061241909309217,67.25078585420418,9,"[16, 17, 24, 56, 76, 77, 83, 85, 121]"
6944,427350376,82.85898778007811,-25.181211776365437,5,"[6, 32, 98, 110, 111]"
6945,427352482,82.76384913461402,-28.083060936568295,4,"[6, 32, 98, 110]"
6946,448392261,237.6899640559732,-49.40588083856357,10,"[11, 12, 38, 65, 99, 100, 101, 102, 112, 113]"
6947,467246635,207.3396455177057,-56.95866630180741,9,"[10, 11, 37, 64, 90, 99, 100, 112, 113]"
6948,467262325,357.9540672065211,72.28903904677658,14,"[15, 16, 17, 24, 55, 56, 57, 75, 76, 77, 82, 83, 84, 120]"
6949,467341330,212.92469948910298,-59.46210044427165,9,"[10, 11, 37, 38, 64, 99, 100, 112, 113]"
6950,408107020,14.937432272719178,-14.679137985176993,4,"[3, 30, 97, 108]"
6951,408041629,77.19106013610164,-14.712356938152954,4,"[5, 32, 98, 110]"
6952,408042385,77.04707382696517,-15.694887120394396,4,"[5, 32, 98, 110]"
6953,408048143,11.734628703046516,-15.674386590541957,3,"[3, 30, 97]"
6954,408118468,26.94069600719631,-21.87409116380762,3,"[4, 97, 108]"
6955,408130113,29.314083101717365,-23.486059600818187,4,"[4, 31, 97, 108]"
6956,408070164,271.3811934124982,-4.061064913986261,3,"[91, 92, 116]"
6957,408190069,76.97838410116321,-41.10528421548335,6,"[5, 32, 98, 107, 109, 110]"
6958,408261976,21.332125610448113,4.275057476611367,3,"[42, 43, 70]"
6959,427544016,32.94451035259223,-14.207012754769066,2,"[4, 31]"
6960,467472925,11.108387425619869,56.637505283080806,8,"[16, 17, 56, 57, 76, 77, 83, 84]"
6961,408372109,0.7351742930740136,10.78593325724979,4,"[42, 56, 70, 83]"
6962,408374376,0.7883683811339297,10.330503821204765,4,"[42, 56, 70, 83]"
6963,408385506,0.5948346972607392,8.733307674572895,4,"[42, 56, 70, 83]"
6964,408442472,2.2864235563193454,7.974716879828396,3,"[56, 70, 83]"
6965,408509461,202.4301878805227,-15.51035103748139,4,"[10, 37, 64, 101]"
6966,408485150,4.104132052935041,10.737278048617263,5,"[42, 43, 56, 70, 83]"
6967,448714306,241.86420929321355,-51.81337266929456,11,"[11, 12, 38, 39, 65, 99, 100, 101, 102, 113, 114]"
6968,448807110,197.5312248390745,-30.533589513189963,7,"[10, 37, 64, 90, 100, 101, 114]"
6969,448847484,65.54100712747906,-16.31537746384677,2,"[32, 98]"
6970,448890959,239.85750525665938,-48.61236399293012,9,"[11, 12, 38, 65, 99, 100, 101, 102, 114]"
6971,408612954,292.7130610006364,-9.518463275865257,5,"[13, 27, 92, 94, 116]"
6972,408532923,201.66023254659643,-12.822618895358172,3,"[10, 37, 64]"
6973,408649750,72.68063934416931,7.721489119232824,6,"[19, 43, 44, 59, 70, 71]"
6974,408660778,72.36238838695233,53.527955315623345,8,"[19, 25, 26, 52, 59, 73, 79, 86]"
6975,408703510,69.82681177171608,62.61901695218774,12,"[18, 19, 25, 26, 53, 58, 59, 73, 78, 79, 85, 86]"
6976,427836578,281.76787635808705,8.23980754552175,3,"[80, 92, 116]"
6977,427994565,357.6633168675522,51.7182838837961,5,"[16, 56, 76, 83, 121]"
6978,427994881,357.45408751046904,51.64196314955476,5,"[16, 56, 76, 83, 121]"
6979,449076688,240.95141429063102,-48.580181614759105,10,"[11, 12, 38, 65, 99, 100, 101, 102, 113, 114]"
6980,449041310,242.6755708411124,-50.75386718616272,11,"[11, 12, 38, 39, 65, 99, 100, 101, 102, 113, 114]"
6981,449083966,240.8885552347085,-48.06403987151825,8,"[11, 12, 38, 65, 99, 100, 102, 114]"
6982,449147102,67.14805868026049,-15.943831015196416,4,"[5, 32, 98, 110]"
6983,449156293,212.25791642367545,21.90429390828801,1,[51]
6984,467753728,66.36382359635192,10.448685984285694,6,"[19, 43, 44, 59, 70, 86]"
6985,408819542,40.02482322506877,-2.78265767072813,3,"[42, 70, 71]"
6986,408746212,39.92964341774226,1.9505713487256904,3,"[42, 70, 71]"
6987,408824686,40.967608867508446,-1.4341587034432022,4,"[42, 43, 70, 71]"
6988,408834794,40.70574481574291,-2.7241933273743,4,"[42, 43, 70, 71]"
6989,408817657,40.64727339532739,0.01700030860803455,4,"[42, 43, 70, 71]"
6990,408842743,302.2237599692096,30.80140005065256,2,"[54, 81]"
6991,408908804,92.51587930172514,-39.322939040104224,7,"[6, 33, 87, 107, 108, 109, 110]"
6992,408981027,302.1015603190919,30.02046181836294,3,"[54, 81]"
6993,428058321,16.66229464944934,44.551147156419205,4,"[16, 17, 57, 84]"
6994,449201578,79.10907610876022,-20.45889155598704,2,"[32, 98]"
6995,449310490,79.27032576319537,-20.552851136928247,2,"[32, 98]"
6996,449361247,79.5824331963156,-20.157375222710044,2,"[32, 98]"
6997,467964948,277.00097419980045,-48.857898440316355,9,"[13, 39, 66, 67, 93, 94, 100, 103, 114]"
6998,467972250,281.6023358183843,-39.15023930015493,10,"[13, 27, 67, 93, 94, 101, 102, 103, 104, 114]"
6999,467966096,277.2796509681576,-47.40565222365638,9,"[13, 66, 67, 93, 94, 100, 101, 103, 114]"
7000,467975281,280.79821881905855,-42.50885101489057,8,"[27, 67, 94, 101, 102, 103, 104, 114]"
7001,467957174,214.43157698074577,-59.18893285973437,9,"[10, 11, 37, 38, 64, 99, 100, 112, 113]"
7002,409104974,81.84565562215687,16.945394424007567,4,"[19, 59, 73, 86]"
7003,409254470,266.22478042944266,-16.716861908508772,4,"[39, 66, 93, 104]"
7004,428266378,17.47455496158381,56.78136791256113,5,"[16, 17, 57, 77, 84]"
7005,428417801,39.65366651378316,52.178185888505325,5,"[17, 18, 58, 78, 85]"
7006,449491578,224.75727488064607,-66.00737496460019,5,"[10, 12, 37, 64, 65]"
7007,449486081,225.4189365085265,-66.00643577467372,5,"[10, 12, 37, 64, 65]"
7008,468155565,277.79085411622486,-62.09194224835361,8,"[12, 13, 27, 39, 66, 67, 93, 94]"
7009,468184895,271.8671395444512,-65.84027712654738,7,"[12, 27, 39, 66, 67, 93, 94]"
7010,409368638,193.92255481492887,24.329535873608815,2,"[23, 50]"
7011,409275232,133.5764766719054,26.70959759319209,2,"[21, 48]"
7012,409374262,202.12434111376282,44.621223084235545,3,"[23, 50, 77]"
7013,409319605,114.49374883752581,-38.16050886205785,9,"[7, 33, 34, 87, 88, 108, 109, 110, 111]"
7014,409400790,250.8162894755096,-28.20820086062833,3,"[12, 39, 65]"
7015,409455615,10.910260342527554,41.66570151537997,4,"[16, 17, 57, 84]"
7016,428612809,52.44232099927517,58.062028596131455,5,"[58, 78, 79, 85, 86]"
7017,428690533,66.69361852056998,30.919133631518985,2,"[19, 86]"
7018,428714820,202.17051528691385,-10.40230199819938,6,"[10, 37, 46, 64, 91, 115]"
7019,449904735,221.42849125135004,26.609462462087844,1,[51]
7020,449884234,231.38941139148093,-49.97345722684347,7,"[11, 65, 99, 101, 112, 113, 114]"
7021,449902389,221.5190564645494,25.70400560721195,1,[51]
7022,450006092,35.04553980833517,45.09572932797009,6,"[17, 18, 57, 58, 84, 85]"
7023,468250673,337.37462316157314,20.3279146391438,2,"[55, 82]"
7024,468285170,336.83038143182296,16.340283278278903,2,"[55, 82]"
7025,468359158,11.793013438925161,7.470261318759522,5,"[42, 43, 57, 70, 84]"
7026,468319961,72.7730837298977,64.2434490005525,13,"[18, 19, 25, 26, 52, 53, 58, 59, 73, 78, 79, 85, 86]"
7027,468360613,10.176796326659284,3.180180525557794,3,"[42, 43, 70]"
7028,409478960,14.95864676954938,38.38153035879535,4,"[16, 17, 57, 84]"
7029,428763772,66.74405541431112,30.012938499823004,3,"[19, 59, 86]"
7030,428790951,217.6946433453233,-4.363718745294062,2,"[91, 115]"
7031,428884684,78.62977899286393,59.71672929791062,9,"[25, 26, 52, 53, 59, 60, 73, 79, 86]"
7032,450050496,75.12851031433553,-11.764166885838055,5,"[5, 32, 71, 98, 110]"
7033,450105300,73.5907905809361,-12.36687939565313,5,"[5, 32, 71, 98, 110]"
7034,450098574,72.78146062566248,-11.34949358820925,6,"[5, 32, 70, 71, 98, 110]"
7035,450106120,73.71070257774315,-11.096202304941846,8,"[5, 32, 43, 44, 70, 71, 98, 110]"
7036,450072850,71.57895587236011,-10.559228539547027,7,"[5, 32, 43, 44, 70, 71, 98]"
7037,450100409,72.82070354130516,-12.558145643671644,5,"[5, 32, 71, 98, 110]"
7038,450094454,72.30767401430083,-14.389713315396117,4,"[5, 32, 98, 110]"
7039,450173724,68.04198378201289,38.02164003574002,3,"[19, 59, 86]"
7040,468431110,121.47080585148703,17.09255023907514,1,[47]
7041,468407095,338.4268152935395,54.700106261717295,9,"[15, 55, 56, 75, 76, 82, 83, 120, 121]"
7042,468423341,114.71565563613609,33.562580698989905,3,"[20, 47, 60]"
7043,468449171,121.75429133359314,17.14764357922234,1,[47]
7044,468450664,64.72557222555889,61.51903759675731,12,"[18, 19, 24, 25, 52, 58, 59, 73, 78, 79, 85, 86]"
7045,468418392,82.2654300000831,43.765304881669735,4,"[19, 59, 73, 86]"
7046,409736562,133.1229326205556,-33.46716931093166,8,"[7, 8, 34, 61, 88, 99, 111, 112]"
7047,409698623,311.6647622149803,-40.71680261706179,8,"[1, 28, 68, 95, 102, 103, 104, 105]"
7048,409795532,133.26424912683444,-33.05244718694768,7,"[7, 8, 34, 61, 88, 111, 112]"
7049,428988656,62.4297979544019,66.06236006120287,13,"[18, 19, 24, 25, 26, 52, 58, 59, 73, 78, 79, 85, 86]"
7050,429024499,304.72574836828653,1.754373654276926,2,"[92, 116]"
7051,429052519,17.944839321062226,2.2636565654443004,3,"[42, 43, 70]"
7052,429052593,17.775540107193386,1.9967350007634888,3,"[42, 43, 70]"
7053,450211305,69.72257984069317,35.6450466544458,3,"[19, 59, 86]"
7054,450323783,146.4258876181598,25.41225767685273,2,"[21, 48]"
7055,450294063,72.40181856881608,36.79787259086957,3,"[19, 59, 73]"
7056,450326170,146.25187239974568,27.08117196465894,2,"[21, 48]"
7057,450267649,71.36929927849062,33.16336492368941,3,"[19, 59, 86]"
7058,450343015,198.10023005517877,27.857701732363335,2,"[23, 50]"
7059,468575006,60.21682368240549,58.61130889889115,9,"[18, 19, 24, 58, 59, 78, 79, 85, 86]"
7060,468578944,338.69374805054593,57.797788467077076,10,"[15, 16, 55, 56, 75, 76, 82, 83, 120, 121]"
7061,468723402,64.95820583729832,59.4172364613642,9,"[18, 19, 52, 58, 59, 73, 79, 85, 86]"
7062,468736758,64.28653540182142,59.09412876909764,8,"[18, 19, 58, 59, 73, 79, 85, 86]"
7063,468738412,61.97835369922443,57.95414199132647,11,"[18, 19, 24, 25, 52, 58, 59, 78, 79, 85, 86]"
7064,409891396,287.614344156452,-44.70563763190015,9,"[13, 27, 67, 94, 101, 102, 103, 104, 114]"
7065,409909129,68.82742908457043,25.55808590382571,3,"[19, 59, 86]"
7066,409941263,152.06842262093676,-25.37845170490696,6,"[8, 35, 62, 89, 99, 113]"
7067,429135124,305.16137730872373,1.1982247352093405,2,"[92, 116]"
7068,429102184,69.93665301655292,12.16571499598212,5,"[19, 43, 44, 59, 86]"
7069,429143728,197.87414188857628,-43.12361131538362,8,"[10, 37, 63, 90, 111, 112, 113, 114]"
7070,429149602,186.44067759383967,-29.36477545670666,5,"[10, 36, 63, 100, 101]"
7071,429149606,186.44084599759728,-29.362117775637575,5,"[10, 36, 63, 100, 101]"
7072,429170163,351.59584816297235,66.69894569365921,10,"[15, 16, 55, 57, 75, 77, 82, 83, 84, 121]"
7073,429118330,68.06632444895303,29.577761133621298,2,"[59, 86]"
7074,429244518,307.71590871225897,6.196549718966607,3,"[54, 92, 116]"
7075,429251484,307.41074313264136,4.852774602492459,2,"[92, 116]"
7076,450491293,222.76909585407816,-53.633311027131946,10,"[11, 37, 64, 65, 99, 100, 101, 112, 113, 114]"
7077,468776791,83.10113648300944,45.85550718322893,4,"[19, 59, 73, 86]"
7078,468816607,8.140175257148769,53.290221754013686,8,"[16, 17, 56, 57, 76, 77, 83, 84]"
7079,468838503,91.42536297613849,47.70637424682373,9,"[19, 20, 26, 40, 53, 59, 60, 73, 79]"
7080,468874310,91.94447673052507,47.36751142726408,8,"[19, 20, 26, 40, 53, 59, 60, 73]"
7081,468871869,92.1427368941079,42.738301063849555,3,"[19, 20, 73]"
7082,468883267,92.38597253680487,45.919106308324935,5,"[19, 20, 59, 60, 73]"
7083,468885507,92.4632578336429,46.17157277545187,6,"[19, 20, 40, 59, 60, 73]"
7084,410039214,170.1992983186428,-23.07490724363093,7,"[9, 36, 62, 89, 100, 113, 114]"
7085,410211461,145.08869811590938,-39.22400977893515,11,"[8, 35, 61, 62, 88, 89, 99, 109, 110, 111, 112]"
7086,429304663,178.55097935020433,-25.6382134422973,6,"[9, 36, 63, 90, 100, 114]"
7087,429344309,191.4799292097863,-5.3391363480062015,2,"[91, 115]"
7088,450643352,201.76275488621465,-52.40059620229821,11,"[10, 37, 63, 64, 90, 99, 100, 111, 112, 113, 114]"
7089,450784713,223.47759748346513,-53.685392891738424,9,"[11, 37, 64, 65, 99, 101, 112, 113, 114]"
7090,450711878,207.53749837593134,-56.084426394652894,9,"[10, 11, 37, 64, 90, 99, 100, 112, 113]"
7091,468954743,119.16276883115552,-11.700460244928166,5,"[7, 34, 61, 71, 88]"
7092,468986279,129.61566691716695,-11.622944552221444,6,"[7, 34, 61, 72, 88, 112]"
7093,468986285,129.61616040347067,-11.620195831786956,6,"[7, 34, 61, 72, 88, 112]"
7094,468983199,128.23061000838325,-7.159509605466061,6,"[7, 34, 44, 45, 46, 72]"
7095,469018408,144.55983511704991,-4.597158318725425,3,"[45, 46, 72]"
7096,468979699,128.74613664264763,-9.952352915643809,8,"[7, 34, 44, 45, 46, 61, 72, 88]"
7097,469011922,143.39708122887117,-3.1124068421714868,1,[45]
7098,410273682,288.923016948083,-33.37245334087617,5,"[13, 27, 67, 94, 104]"
7099,410359089,160.91569230501528,-30.18914081513496,7,"[9, 35, 62, 89, 99, 100, 113]"
7100,410422209,297.8889624910491,-45.962343548505665,8,"[13, 27, 67, 94, 101, 102, 103, 104]"
7101,410418820,272.147291281952,-71.72008079557459,10,"[12, 13, 27, 38, 39, 65, 66, 67, 93, 94]"
7102,410426147,176.3311489994646,-22.822365313469188,6,"[9, 36, 63, 90, 100, 114]"
7103,410485468,239.95574576648985,5.871281064579274,3,"[91, 115, 116]"
7104,410498460,43.34749322787375,34.58597433283039,3,"[18, 58, 85]"
7105,429501634,90.38764327899702,-1.0377506125199696,4,"[43, 44, 45, 72]"
7106,429657817,8.416035897221677,65.83106170563026,9,"[16, 17, 56, 57, 76, 77, 83, 84, 121]"
7107,429674236,260.294015072563,10.263202007928257,4,"[91, 115, 116, 118]"
7108,429666641,93.91428926914445,-4.369614517815624,5,"[43, 44, 45, 71, 72]"
7109,469102557,267.3776029533775,-14.702273206906142,4,"[39, 66, 93, 104]"
7110,410540533,240.11970208087533,5.466305757729663,3,"[91, 115, 116]"
7111,410623992,52.34115923899935,33.830281331983265,2,"[58, 85]"
7112,410706283,62.58539691056197,29.721375390890564,3,"[18, 58, 86]"
7113,410696277,241.35411385699925,3.9786181617676206,2,"[115, 116]"
7114,429981237,261.1856161983645,7.1230653692939585,4,"[91, 115, 116, 118]"
7115,469233127,267.73877249366643,-16.481665965017662,4,"[39, 66, 93, 104]"
7116,410994457,242.47399935129354,6.710871458201515,4,"[91, 115, 116, 117]"
7117,411034621,242.3544332144195,8.038166561048547,4,"[91, 115, 116, 117]"
7118,411076325,242.71014944831003,7.063243560524241,3,"[91, 115, 116]"
7119,411123979,150.4586484270651,-3.543743532371492,3,"[45, 46, 72]"
7120,411143835,242.8420274525872,7.817637830792025,3,"[91, 115, 116]"
7121,411120781,149.44016114120518,-1.8863834859313473,3,"[45, 46, 72]"
7122,411121229,148.97345006134432,-0.2146968977393825,3,"[45, 46, 72]"
7123,430173956,96.2090331240306,-4.542068736964138,5,"[43, 44, 45, 71, 72]"
7124,430144142,95.78800555515015,0.3972197519277247,1,[71]
7125,430144904,95.85933963316106,0.01772421220176944,5,"[43, 44, 45, 71, 72]"
7126,451507272,267.9552738679722,-63.029919942310855,6,"[12, 13, 39, 66, 67, 94]"
7127,451565878,270.0652954533282,-61.7762677538205,8,"[12, 13, 27, 39, 66, 67, 93, 94]"
7128,451645443,203.96758698350664,-51.41671813841338,10,"[10, 37, 64, 90, 99, 100, 111, 112, 113, 114]"
7129,469429060,344.7953592078934,68.57070068589609,13,"[15, 16, 41, 55, 56, 57, 75, 76, 82, 83, 84, 120, 121]"
7130,411218105,192.65634053172965,6.977337767100445,4,"[46, 50, 91, 115]"
7131,411269305,307.8362073057054,1.8091186290320544,2,"[92, 116]"
7132,411382868,251.47024664235036,-28.062353745835598,3,"[12, 39, 103]"
7133,411414794,348.13728181693784,27.14073118700985,2,"[56, 83]"
7134,411476520,228.55004470683681,-60.110760136451205,8,"[11, 37, 38, 64, 65, 99, 100, 114]"
7135,430314524,69.64754946647021,-0.26853754843463046,3,"[43, 44, 71]"
7136,430415842,140.28555384670932,-13.05324948769522,4,"[8, 61, 88, 99]"
7137,430455303,261.80921467783816,10.692630283174205,5,"[91, 92, 115, 116, 118]"
7138,451961317,209.9232905494694,-54.71321129948307,10,"[10, 11, 37, 64, 99, 100, 111, 112, 113, 114]"
7139,452108839,210.13122516566108,-54.55103178917851,10,"[10, 11, 37, 64, 99, 100, 111, 112, 113, 114]"
7140,411529220,14.122151001418269,15.880564579345512,3,"[17, 57, 84]"
7141,411629521,26.013666942625036,9.291399657715742,6,"[17, 42, 43, 57, 70, 84]"
7142,411630403,27.351093601194766,12.431856887089427,4,"[17, 42, 57, 84]"
7143,411636838,28.60422383046482,13.469611118918904,3,"[17, 57, 84]"
7144,411776522,252.28982594630304,-31.21340604316445,5,"[12, 39, 66, 102, 103]"
7145,430581263,3.4886376889351998,54.39666121408825,8,"[16, 56, 57, 76, 77, 83, 84, 121]"
7146,430590314,155.6038069650543,-58.9630470462088,8,"[8, 9, 35, 61, 62, 89, 110, 111]"
7147,452163402,204.44962099350033,-50.37818124161149,10,"[10, 37, 64, 90, 99, 100, 111, 112, 113, 114]"
7148,430671420,346.21388212689044,40.345720839951525,5,"[15, 16, 56, 83, 121]"
7149,430701771,252.31275411806487,-37.237259092188104,9,"[12, 39, 65, 66, 93, 100, 102, 103, 113]"
7150,452137358,305.3193749335496,45.35710759338768,6,"[14, 41, 54, 81, 119, 120]"
7151,452310756,315.30919902406333,46.99407400499011,7,"[14, 41, 54, 55, 81, 82, 120]"
7152,469638222,270.05785064996576,-15.810761626540192,5,"[13, 39, 66, 93, 104]"
7153,411863268,273.53878883410323,-25.968130978696845,3,"[13, 66, 93]"
7154,430852162,349.6745305007485,42.45440246715596,5,"[15, 16, 56, 83, 121]"
7155,452468734,228.56958792960694,-72.42373209141834,12,"[10, 11, 12, 37, 38, 39, 63, 64, 65, 66, 90, 93]"
7156,452518444,238.67646568889305,-71.76003147665594,10,"[10, 11, 12, 37, 38, 39, 64, 65, 66, 93]"
7157,469811127,283.52599999003365,-50.88660539247016,11,"[13, 27, 66, 67, 93, 94, 100, 101, 102, 103, 114]"
7158,469815594,290.77460745046596,-40.94649299462069,7,"[13, 27, 67, 101, 102, 103, 104]"
7159,469836257,10.948305600478715,61.89100890356955,8,"[16, 17, 56, 57, 76, 77, 83, 84]"
7160,469906369,307.1633279740468,-49.91380189579125,10,"[1, 27, 28, 67, 68, 94, 95, 101, 102, 104]"
7161,469933721,325.1519601459895,-44.71834822869866,9,"[1, 28, 68, 95, 96, 102, 103, 104, 105]"
7162,469933724,325.14255206604037,-44.72138459608429,9,"[1, 28, 68, 95, 96, 102, 103, 104, 105]"
7163,469934028,326.1385180970596,-43.85854591503942,9,"[1, 28, 68, 95, 96, 102, 103, 104, 105]"
7164,412193367,219.075916824441,-47.516407364360035,10,"[11, 37, 38, 64, 99, 100, 101, 112, 113, 114]"
7165,412155045,80.15366425198205,-9.554170058495316,6,"[32, 43, 44, 45, 71, 98]"
7166,452700542,340.51926707516475,39.51578561166966,6,"[15, 55, 56, 82, 83, 121]"
7167,452700589,340.45313407201894,39.49592813025586,6,"[15, 55, 56, 82, 83, 121]"
7168,452713333,183.4486455672007,-25.32590890613337,6,"[9, 36, 90, 100, 101, 114]"
7169,452754806,348.18934280816273,38.56594266659187,5,"[15, 16, 56, 83, 121]"
7170,452749710,73.30927995756335,-22.09622233319118,4,"[5, 32, 98, 110]"
7171,452742300,345.9833515216844,37.656365449621134,4,"[15, 56, 83, 121]"
7172,452767166,67.15250039180813,-16.303142042194292,4,"[5, 32, 98, 110]"
7173,452784941,67.704352234915,-16.224939352589185,4,"[5, 32, 98, 110]"
7174,452786815,66.94755762365537,-21.337641476101243,4,"[5, 32, 98, 110]"
7175,452808576,71.39071901521409,-21.18046635598507,3,"[5, 98, 110]"
7176,452843608,121.41749307090346,-15.31459196904989,5,"[7, 34, 61, 88, 112]"
7177,469979280,304.3775540653333,-55.42854354378951,11,"[1, 27, 28, 67, 68, 94, 95, 101, 102, 103, 104]"
7178,469974193,326.6572956331146,-57.4999939485428,10,"[1, 2, 28, 29, 68, 69, 95, 96, 103, 104]"
7179,469969840,13.41208202802144,-26.444660059049692,5,"[3, 30, 97, 107, 108]"
7180,470122267,72.3804891420841,69.29073404566897,17,"[18, 19, 20, 24, 25, 26, 40, 52, 53, 58, 59, 60, 73, 78, 79, 85, 86]"
7181,412409409,262.661305483497,-25.366165344389078,6,"[12, 39, 66, 93, 103, 104]"
7182,412298784,217.68079127983262,-45.95305302169741,9,"[11, 37, 38, 64, 99, 100, 101, 112, 113]"
7183,452907925,123.18122823051286,-17.724648801456137,3,"[61, 88, 112]"
7184,453039698,79.26449897386283,30.895394042494917,4,"[19, 59, 73, 86]"
7185,453019164,78.6823348822328,27.098607215007902,3,"[59, 73, 86]"
7186,470171620,69.44793366277308,68.65508454335824,14,"[18, 19, 24, 25, 26, 53, 58, 59, 60, 73, 78, 79, 85, 86]"
7187,470245545,70.66742272955459,66.97281261862193,13,"[18, 19, 24, 25, 26, 53, 58, 59, 60, 73, 78, 79, 85]"
7188,470196152,60.930010354319315,68.37628914153407,13,"[18, 19, 24, 25, 26, 52, 58, 59, 73, 78, 79, 85, 86]"
7189,412639100,17.676023726700038,64.51013766627874,9,"[16, 17, 24, 56, 57, 76, 77, 83, 84]"
7190,412559619,264.199921170949,-28.675770164746996,6,"[12, 39, 66, 93, 103, 104]"
7191,431370936,17.15324595991655,49.39445253180704,5,"[16, 17, 57, 77, 84]"
7192,431365980,29.952099887594887,23.41772811291019,3,"[17, 57, 84]"
7193,431380163,301.1485878040203,-73.92205202657718,17,"[1, 2, 13, 27, 28, 29, 39, 62, 66, 67, 68, 89, 93, 94, 95, 96, 98]"
7194,431479801,313.2938701069674,-74.93239512366166,20,"[1, 2, 6, 9, 13, 27, 28, 29, 36, 63, 66, 67, 68, 69, 87, 90, 93, 94, 95, 96]"
7195,412672092,116.39942351984485,-39.87521303558224,9,"[7, 34, 61, 87, 88, 108, 109, 110, 111]"
7196,431556697,24.894171249821188,46.85362588826183,4,"[17, 24, 57, 84]"
7197,453059861,147.211224851253,-10.423508001935991,7,"[8, 35, 45, 46, 62, 72, 89]"
7198,453099404,210.43962425151304,-79.87870412952425,44,"[1, 2, 3, 4, 5, 6, 8, 9, 10, 11, 12, 13, 27, 28, 29, 30, 31, 32, 33, 34, 35, 36, 37, 38, 39, 61, 62, 63, 64, 65, 66, 67, 68, 69, 87, 88, 89, 90, 93, 94, 95, 96, 97, 98]"
7199,453144504,110.50127141014818,-14.887816787827509,3,"[7, 33, 87]"
7200,453136797,80.75455279863183,26.09027584882393,4,"[19, 59, 73, 86]"
7201,453189454,111.13016612303531,-10.224910765828865,8,"[7, 33, 44, 45, 46, 71, 72, 87]"
7202,453207486,117.16637402977206,-11.966863528295885,5,"[7, 34, 71, 72, 88]"
7203,453207964,117.04000993707132,-11.317624920829328,7,"[7, 34, 45, 46, 71, 72, 88]"
7204,470346899,71.93059241762442,28.17730907740122,3,"[19, 59, 86]"
7205,470416555,72.9456193940831,29.93307961970893,3,"[19, 59, 86]"
7206,470441759,73.04813998477854,28.800288415945328,3,"[19, 59, 86]"
7207,470444360,73.22443402512158,29.882692272247002,4,"[19, 59, 86]"
7208,470448115,73.54029769667599,31.416835686841377,4,"[19, 59, 86]"
7209,412955905,137.06178044506055,-40.63424078087446,8,"[8, 34, 61, 88, 109, 110, 111, 112]"
7210,431593890,6.254967784139675,36.393340230967034,4,"[56, 57, 83, 84]"
7211,431641549,263.86570459502235,9.669041353894404,5,"[91, 92, 115, 116, 118]"
7212,453254242,49.146604513829814,45.161122443906436,2,"[18, 85]"
7213,453258688,231.90178723302188,-70.4696233050931,9,"[10, 11, 12, 37, 39, 64, 65, 66, 93]"
7214,453295389,220.8938370525763,-69.62481707032893,9,"[10, 11, 12, 37, 38, 63, 64, 65, 90]"
7215,453310524,93.73860371076091,30.08319373374881,3,"[20, 60, 73]"
7216,453406071,107.81343534957698,26.83712421809909,3,"[20, 47, 60]"
7217,453408496,106.92301059837234,31.908779003646302,3,"[20, 47, 60]"
7218,453409619,107.70428005438218,28.60490111832529,3,"[20, 47, 60]"
7219,470546248,85.4376181889326,20.98133195496498,4,"[19, 59, 73, 86]"
7220,470551829,85.6172472689625,24.366069521905008,4,"[19, 59, 73, 86]"
7221,413161644,136.43304908020033,-37.04315951088119,8,"[8, 34, 61, 88, 99, 109, 111, 112]"
7222,413205850,153.70195982622838,-31.896258812957562,6,"[8, 62, 89, 99, 112, 113]"
7223,431741730,62.74179924403116,27.873632423794184,3,"[18, 58, 86]"
7224,431810967,5.826874363031435,35.04065672709206,3,"[56, 83, 84]"
7225,431813484,4.1233247180565735,32.3776073324856,2,"[56, 83]"
7226,431871650,63.55706717211499,22.237894486174458,2,"[18, 86]"
7227,431928219,63.73570956732071,21.583962536345705,2,"[18, 86]"
7228,453510797,226.5358879152522,-40.422764793123925,10,"[11, 38, 64, 65, 99, 101, 102, 112, 113, 114]"
7229,453510803,226.5373291146182,-40.42385305391933,10,"[11, 38, 64, 65, 99, 101, 102, 112, 113, 114]"
7230,453620177,228.08062740709272,-67.88311322123758,8,"[10, 11, 12, 37, 38, 39, 64, 65]"
7231,453689120,223.38494467791926,-66.84325300280005,5,"[10, 11, 12, 37, 38]"
7232,453628517,227.94327248804453,-67.84443539621135,8,"[10, 11, 12, 37, 38, 39, 64, 65]"
7233,470680611,80.94202649229275,70.93301210742601,19,"[18, 19, 20, 25, 26, 40, 47, 52, 53, 58, 59, 60, 73, 74, 78, 79, 85, 86, 119]"
7234,470680809,82.19970042320315,70.52525343236053,19,"[18, 19, 20, 25, 26, 40, 47, 52, 53, 58, 59, 60, 73, 74, 78, 79, 86, 119]"
7235,470673408,269.18509325858315,36.06361250497053,2,"[80, 118]"
7236,470730205,37.934160826472485,56.24084917950865,9,"[17, 18, 24, 57, 58, 77, 78, 84, 85]"
7237,470702579,32.80718031844138,53.51658499261609,9,"[17, 18, 24, 57, 58, 77, 78, 84, 85]"
7238,413356994,235.49712950384904,-42.38044435367977,9,"[11, 38, 65, 99, 100, 101, 102, 113, 114]"
7239,413399991,187.03484622150665,-22.227030756940145,6,"[10, 36, 63, 90, 101, 114]"
7240,432012592,130.300191716621,-12.392625779648888,6,"[7, 34, 61, 72, 88, 112]"
7241,432049507,64.92980306729248,23.32958542069181,3,"[18, 59, 86]"
7242,432130634,146.24516511010722,-33.0072493649966,7,"[35, 62, 89, 99, 109, 112, 113]"
7243,432191473,163.82885676660243,-27.84790467459162,7,"[9, 35, 62, 89, 99, 100, 113]"
7244,432192080,164.51255586356228,-29.07072120148548,7,"[9, 35, 62, 89, 99, 100, 113]"
7245,432160276,148.7268025411944,-37.42244082152227,9,"[8, 35, 62, 89, 99, 109, 111, 112, 113]"
7246,453795428,231.59153237543242,-67.23882586395318,5,"[11, 12, 37, 39, 64]"
7247,453782421,216.05719391896216,-32.85110271785131,6,"[11, 37, 64, 101, 102, 114]"
7248,453819990,217.24701072897474,-34.35075236632519,6,"[11, 37, 64, 101, 102, 114]"
7249,453750774,215.5266971690176,-36.6132024509119,8,"[11, 37, 64, 100, 101, 102, 112, 114]"
7250,453817590,216.2607762529319,-32.85064362624577,6,"[11, 37, 64, 101, 102, 114]"
7251,453858054,209.12447960254994,-65.78479385353658,6,"[11, 36, 38, 63, 64, 65]"
7252,453848870,244.68710715218123,-45.01845667595452,10,"[12, 38, 39, 65, 99, 100, 101, 102, 113, 114]"
7253,453856449,77.10935940688961,-65.41676454401099,4,"[32, 33, 87, 98]"
7254,413731775,283.4633142940661,0.22970530960009292,2,"[92, 116]"
7255,413763097,247.86797524435363,3.9027017270473743,3,"[91, 115, 116]"
7256,413549050,246.77108153432977,4.484146644240051,3,"[91, 115, 116]"
7257,432204611,228.8732038015703,0.9896196179131,1,[115]
7258,432283264,180.47965626313953,-59.35571626332039,9,"[9, 10, 36, 62, 63, 89, 90, 111, 112]"
7259,432437939,277.1422248188236,8.692548755119853,5,"[80, 91, 92, 116, 118]"
7260,453888161,221.43981122348794,-67.97267855288291,8,"[10, 11, 12, 37, 38, 64, 65, 90]"
7261,454015615,195.24926808174496,-38.786936488540846,11,"[10, 37, 63, 90, 99, 100, 101, 111, 112, 113, 114]"
7262,454082369,195.96378650997028,-37.85529856315071,11,"[10, 37, 63, 64, 90, 99, 100, 101, 111, 113, 114]"
7263,454150332,63.96940773081158,-18.858424739277286,4,"[5, 32, 98, 110]"
7264,470966839,95.0539603867954,28.813290151521556,3,"[20, 60, 73]"
7265,470956229,95.03360283210749,25.458513505323243,3,"[20, 60, 73]"
7266,470985552,105.7026232755423,26.947310333977295,2,"[47, 60]"
7267,470984698,105.67022859172026,26.269769403466178,2,"[47, 60]"
7268,470996689,281.12201124888526,43.57478134474577,5,"[26, 40, 53, 118, 119]"
7269,471000657,280.929439025016,41.803897928751525,6,"[26, 40, 53, 80, 118, 119]"
7270,414069188,248.26644848896925,9.365915295418302,4,"[91, 115, 116, 117]"
7271,432825318,178.11697097967883,-57.343440203509644,9,"[9, 10, 36, 62, 63, 89, 90, 99, 111]"
7272,432944138,277.753177722451,8.042494486887556,4,"[80, 92, 116, 118]"
7273,454197075,78.38862181374276,-21.05669848653531,4,"[5, 32, 98, 110]"
7274,454246767,228.95650863394144,-65.22224117815038,6,"[11, 12, 37, 38, 64, 65]"
7275,454261059,232.85026469969287,-65.66714716085413,5,"[12, 37, 38, 39, 65]"
7276,454250548,226.3453464634528,-64.64566687929408,5,"[10, 12, 38, 64, 65]"
7277,454272930,244.5518038593002,-43.70274014531439,10,"[12, 38, 39, 65, 99, 100, 101, 102, 113, 114]"
7278,454461889,229.1210425041329,-63.83380561070382,4,"[11, 38, 64, 65]"
7279,454491328,239.26244199044848,-65.53549979455019,3,"[38, 39, 64]"
7280,454505738,230.87726945780858,-63.80006844315389,5,"[11, 12, 38, 64, 65]"
7281,433084576,214.51885097972254,-51.65596637771871,12,"[10, 11, 37, 38, 64, 99, 100, 101, 111, 112, 113, 114]"
7282,414641494,270.45959922318684,34.72442065709492,2,"[80, 118]"
7283,433140338,50.83198557853954,23.23644037155302,3,"[18, 58, 85]"
7284,433276798,212.74462539750147,-48.96454991446549,10,"[10, 11, 37, 64, 99, 100, 101, 112, 113, 114]"
7285,433351333,51.27263577181539,20.071098407316143,3,"[18, 58, 85]"
7286,433365142,211.0992956962352,-47.25842775302138,8,"[10, 11, 37, 99, 101, 112, 113, 114]"
7287,433218066,278.21339862156526,8.345976131211991,4,"[80, 92, 116, 118]"
7288,454726022,235.2514325278454,-63.508648956635106,6,"[11, 12, 38, 39, 64, 65]"
7289,454802988,245.3676352892831,-43.8047929746337,9,"[12, 38, 39, 65, 100, 101, 102, 113, 114]"
7290,454710462,229.50607499096418,-62.32556577948949,6,"[11, 12, 37, 38, 64, 65]"
7291,454901855,244.45306774913476,-41.68270678802848,9,"[38, 39, 65, 99, 100, 101, 102, 113, 114]"
7292,454961439,241.44845201106725,-63.813962536240275,7,"[11, 12, 38, 39, 65, 66, 93]"
7293,414781885,13.45779786328294,11.669907136596247,4,"[42, 43, 57, 84]"
7294,414805789,13.992860323726365,11.581400445647896,4,"[42, 43, 57, 84]"
7295,433496709,60.6714394614688,21.02518567002324,3,"[18, 58, 86]"
7296,433496979,60.16165486416637,19.484138968310944,2,"[18, 86]"
7297,433546019,225.7422402693356,-53.01764519836335,9,"[38, 64, 65, 99, 100, 101, 112, 113, 114]"
7298,455207525,127.40016708132529,-17.908235180631273,3,"[61, 88, 112]"
7299,455205445,126.85052711985941,-16.388300854253607,4,"[7, 61, 88, 112]"
7300,455274792,148.20287899375407,-10.969570272217787,7,"[8, 35, 45, 46, 62, 72, 89]"
7301,455284843,149.70528279258855,-12.223874523886666,5,"[8, 35, 62, 72, 89]"
7302,455347925,234.46976776494583,-27.105766302095013,5,"[11, 38, 65, 102, 103]"
7303,455305421,148.30204721941357,-8.21556889578359,7,"[8, 35, 45, 46, 62, 72, 89]"
7304,415118382,292.1810545678618,16.932610833056803,1,[54]
7305,434103743,348.8382193746218,-8.919766415608674,7,"[2, 29, 42, 69, 70, 92, 96]"
7306,434111018,349.6619684713484,-11.03722932813713,6,"[2, 29, 42, 69, 92, 96]"
7307,433900634,279.3299853915413,10.785591219116723,3,"[92, 116, 118]"
7308,434125674,2.0286322832528674,13.477096639371204,2,"[56, 83]"
7309,434130008,57.370628148594164,-2.3402634750120943,5,"[42, 43, 44, 70, 71]"
7310,434163401,57.428111931560935,-6.235111833287813,6,"[5, 42, 43, 44, 70, 71]"
7311,455681786,0.6364445571326166,52.760754840504895,7,"[56, 57, 76, 77, 83, 84, 121]"
7312,455686419,0.740301730824257,52.650995064041076,7,"[56, 57, 76, 77, 83, 84, 121]"
7313,455763559,16.778694497512124,37.13415779703466,3,"[17, 57, 84]"
7314,455819325,12.104287063770572,45.55002257150633,4,"[16, 17, 57, 84]"
7315,455784540,17.68542223686497,35.46946940396663,3,"[17, 57, 84]"
7316,455899598,27.196523551919004,62.029716707884226,9,"[17, 18, 24, 57, 58, 77, 78, 84, 85]"
7317,415563103,91.61859852824975,-7.888227179999474,7,"[6, 33, 43, 44, 71, 72, 87]"
7318,415644524,157.2434976907007,-29.633470138885873,6,"[8, 35, 89, 99, 100, 113]"
7319,415556221,77.18095484186037,-13.047954254848971,4,"[5, 32, 98, 110]"
7320,415501969,140.87704697331515,-37.60945248710083,9,"[8, 34, 35, 61, 88, 99, 109, 111, 112]"
7321,434210589,17.53799522045475,15.6145459844406,3,"[17, 57, 84]"
7322,434229814,63.90593940163408,-8.730352368651385,6,"[5, 32, 44, 70, 71, 98]"
7323,434237029,64.8038516572931,-5.788891338318061,4,"[43, 44, 70, 71]"
7324,456061659,245.97734777294642,-40.44613265705116,11,"[12, 38, 39, 65, 99, 100, 101, 102, 103, 113, 114]"
7325,456204154,62.07014990818997,27.081358231407823,3,"[18, 58, 86]"
7326,456194578,60.95049109168701,24.057515871678977,3,"[18, 58, 86]"
7327,415768706,339.14108611602705,17.989136831420836,1,[82]
7328,415778308,1.3134894550292011,33.9239678291144,2,"[56, 83]"
7329,415846785,340.18320111613406,17.193218465074395,2,"[56, 82]"
7330,415843217,204.60885282174223,-13.666101697362588,3,"[10, 37, 64]"
7331,434494629,182.20427276772017,-21.784241951631397,7,"[9, 36, 63, 90, 100, 101, 114]"
7332,434513165,196.14980821257075,-12.930400937807883,4,"[10, 37, 90, 101]"
7333,434613683,255.05389196612717,7.778004552467785,3,"[91, 115, 116]"
7334,456341321,122.75971635060671,31.58269604955876,2,"[21, 47]"
7335,456398764,312.29365436049045,32.895238191253796,3,"[54, 55, 81]"
7336,415970660,336.32672474456666,-14.247620980669273,4,"[2, 29, 69, 96]"
7337,415966089,347.7323363977585,9.992663921092298,5,"[42, 56, 70, 83, 92]"
7338,416117806,277.49512400962146,68.54700160713453,12,"[14, 25, 26, 40, 52, 53, 54, 74, 79, 81, 118, 119]"
7339,415954391,347.9097792853885,16.57267501742386,2,"[56, 83]"
7340,416187726,81.08581906856747,38.08875839403904,4,"[19, 59, 73, 86]"
7341,416166676,264.54200993864106,7.9344442997853495,5,"[91, 92, 115, 116, 118]"
7342,434839343,258.2590492751,8.330905308276487,3,"[91, 116, 118]"
7343,434884538,258.7339650160693,7.426591348841995,4,"[91, 115, 116, 118]"
7344,456441441,313.08309259099747,34.26162893210069,3,"[54, 55, 81]"
7345,456580974,315.7547871324678,32.15389035893253,3,"[55, 81, 82]"
7346,456780206,337.35284640533956,23.600242052515064,2,"[55, 82]"
7347,416236614,81.70747498901594,40.053444240552246,4,"[19, 59, 73, 86]"
7348,416306574,84.7708692673637,40.84957627175037,4,"[19, 59, 73, 86]"
7349,456828505,350.3839375194719,20.576058090903686,2,"[56, 83]"
7350,456865914,27.076547353426857,9.39412551873612,6,"[17, 42, 43, 57, 70, 84]"
7351,456863621,59.22139287308628,-2.5691582252933807,5,"[42, 43, 44, 70, 71]"
7352,456871289,120.46289402208326,-43.279858650795205,5,"[7, 34, 108, 109, 110]"
7353,456905162,31.555591978938732,8.621652419564773,7,"[17, 42, 43, 57, 70, 71, 84]"
7354,456892231,68.08297842994469,-5.566350971805465,4,"[43, 44, 70, 71]"
7355,456938345,54.11970048206893,-0.04772383884008394,5,"[42, 43, 44, 70, 71]"
7356,416596508,329.39249580541764,69.9787512561687,15,"[14, 15, 41, 54, 55, 56, 74, 75, 76, 81, 82, 83, 119, 120, 121]"
7357,416603907,327.4305501146999,68.59689584491342,15,"[14, 15, 16, 41, 54, 55, 56, 74, 75, 76, 81, 83, 119, 120, 121]"
7358,435251544,0.8336154167008386,18.66334137300714,2,"[56, 83]"
7359,435254533,1.2846298383836436,18.92377539447614,2,"[56, 83]"
7360,416519065,134.59053345566676,42.519722252098624,2,"[48, 75]"
7361,416478181,89.80590241861559,36.94035492194841,4,"[19, 59, 60, 73]"
7362,435263720,28.050713707053937,58.19527965059114,7,"[17, 57, 58, 77, 78, 84, 85]"
7363,435290852,54.961467270452665,-2.482556186203205,5,"[42, 43, 44, 70, 71]"
7364,435309358,55.81861099451173,-3.890734022310177,5,"[42, 43, 44, 70, 71]"
7365,435479953,306.7884647655356,47.91921553736849,7,"[14, 41, 54, 74, 75, 81, 120]"
7366,457106096,115.88615220914042,42.36320453704541,3,"[20, 47, 60]"
7367,457167574,54.58351947560261,-16.76703144129622,3,"[5, 31, 109]"
7368,457130509,115.99665615550325,43.898276295564564,3,"[20, 47, 60]"
7369,457131898,122.81131125542755,32.52838260174253,2,"[21, 47]"
7370,457173024,55.77351831519425,-18.11746254260045,1,[5]
7371,457196715,71.11481642066707,-16.467736758872988,3,"[5, 98, 110]"
7372,457191898,58.387511719559605,-14.089987290442549,1,[5]
7373,457273461,228.6950908337952,-45.22114721204449,10,"[11, 38, 65, 99, 100, 101, 102, 112, 113, 114]"
7374,416837221,55.399795264083295,-10.775598193960036,6,"[5, 42, 43, 44, 70, 71]"
7375,416841738,125.85642251281575,20.189022272220274,2,"[21, 47]"
7376,416918201,351.8448011244244,59.11118031933368,5,"[15, 16, 82, 83, 121]"
7377,416939293,327.61059850454086,62.386110706971024,12,"[14, 15, 41, 55, 56, 75, 76, 81, 82, 83, 120, 121]"
7378,435590454,56.168836903696686,71.93650724085751,18,"[17, 18, 19, 24, 25, 26, 52, 53, 57, 58, 59, 73, 77, 78, 79, 84, 85, 86]"
7379,435680540,68.92804250480191,61.70313303432007,13,"[18, 19, 25, 26, 52, 53, 58, 59, 73, 78, 79, 85, 86]"
7380,435741769,69.56356735392784,61.69774406895335,12,"[18, 19, 25, 26, 53, 58, 59, 73, 78, 79, 85, 86]"
7381,435832300,351.46075164093,23.32450292974874,2,"[56, 83]"
7382,435845665,353.08816597275074,24.72139904782638,2,"[56, 83]"
7383,435822263,71.39088449810473,62.192786778780004,11,"[18, 19, 25, 26, 52, 53, 58, 59, 73, 78, 79]"
7384,435860104,18.58532882633694,13.341985969468585,3,"[17, 57, 84]"
7385,435861943,19.293975204701965,14.510935600462414,3,"[17, 57, 84]"
7386,435858725,19.327491803951524,15.26021164017523,3,"[17, 57, 84]"
7387,435910664,65.57121027500604,-7.308734060244951,6,"[32, 43, 44, 70, 71, 98]"
7388,435878278,20.499238170281803,14.528737576915491,2,"[17, 57]"
7389,435923755,66.08375070821002,-7.352719307812164,5,"[32, 43, 44, 70, 98]"
7390,435920541,66.02425590016425,-7.005438145852084,5,"[32, 43, 44, 70, 98]"
7391,435915513,65.7632240754508,-7.514591053082042,6,"[32, 43, 44, 70, 71, 98]"
7392,435916016,65.90601290153052,-6.290000450828133,6,"[32, 43, 44, 70, 71, 98]"
7393,457386508,229.9703791492825,-44.364379783774204,10,"[11, 38, 65, 99, 100, 101, 102, 112, 113, 114]"
7394,457557304,232.3070107840884,-32.70711840077232,5,"[11, 38, 65, 101, 102]"
7395,417268853,352.75199476220587,57.48184555666906,6,"[15, 16, 56, 76, 83, 121]"
7396,417234526,53.814666511936984,54.25012214651837,9,"[18, 24, 25, 52, 58, 78, 79, 85, 86]"
7397,417236897,52.750721836099125,53.47338327752979,8,"[18, 24, 25, 52, 58, 78, 85, 86]"
7398,417278222,354.6153722355944,58.83791981118587,6,"[15, 16, 56, 76, 83, 121]"
7399,435927648,66.8558718962392,-4.743498555333748,4,"[43, 44, 70, 71]"
7400,435938457,67.12506870144965,-4.1119050539421,4,"[43, 44, 70, 71]"
7401,435938633,67.13076465819508,-4.4828668044668145,4,"[43, 44, 70, 71]"
7402,457859718,204.92332811680313,19.898105896519127,2,"[23, 50]"
7403,457880598,204.7213953949531,21.85563847424984,2,"[23, 50]"
7404,417526469,265.3893829463193,10.48946250064667,4,"[92, 115, 116, 118]"
7405,417578402,70.97575145775238,48.32533774611143,6,"[19, 25, 52, 59, 73, 86]"
7406,458319418,254.2095444305123,-14.955715836190546,5,"[12, 39, 66, 93, 103]"
7407,417703090,51.39541094589833,64.71819667192771,11,"[17, 19, 24, 25, 52, 58, 59, 78, 79, 85, 86]"
7408,417757111,97.46197702894982,48.73070415451601,9,"[20, 26, 40, 47, 53, 60, 73, 74, 119]"
7409,417762326,112.32107924077216,44.6368468259724,4,"[20, 47, 60, 74]"
7410,417771814,114.68374245149056,39.86422382841133,4,"[20, 47, 60, 74]"
7411,436564830,70.85373667913348,-9.957403658755316,6,"[5, 43, 44, 70, 71, 98]"
7412,436656073,73.30528853775718,-6.232310480401976,7,"[5, 32, 43, 44, 70, 71, 98]"
7413,436670062,73.5862053676813,-7.863762657019924,7,"[5, 32, 43, 44, 70, 71, 98]"
7414,436679387,74.17603844172137,-5.511590422685947,3,"[43, 44, 71]"
7415,436700755,73.80485677091927,-10.174798569837524,7,"[5, 32, 43, 44, 71, 98, 110]"
7416,436703313,74.30942103652156,-6.171113155247471,6,"[5, 32, 43, 44, 71, 98]"
7417,458457378,201.49290221251877,24.18321869464749,2,"[23, 50]"
7418,458445966,167.69769896648464,40.54342951923335,3,"[22, 49, 76]"
7419,458485558,204.08261763568527,71.25440344589711,9,"[16, 23, 24, 49, 50, 51, 76, 78, 117]"
7420,458494003,227.17714694061638,52.40991199974816,4,"[24, 25, 51, 117]"
7421,458520592,243.14049728177866,48.545176826138565,4,"[25, 51, 78, 79]"
7422,458608897,196.71293752235036,-56.70722965277426,9,"[10, 36, 37, 63, 64, 90, 99, 112, 113]"
7423,458654855,129.13275667964885,-8.608599317713534,7,"[7, 34, 44, 45, 46, 61, 72]"
7424,417839641,121.9786747256785,47.677635450527674,9,"[14, 20, 21, 40, 41, 47, 74, 119, 120]"
7425,417851133,132.78401551690024,46.58768829757504,4,"[21, 48, 74, 75]"
7426,417860263,37.10187316809848,54.178557529986705,9,"[17, 18, 24, 57, 58, 77, 78, 84, 85]"
7427,417836543,122.47245570432608,46.443163555132095,7,"[20, 21, 40, 41, 47, 74, 120]"
7428,417931249,148.52226447172066,55.22097173551308,9,"[14, 15, 21, 22, 41, 48, 75, 120, 121]"
7429,417826718,117.59719965293058,44.57611324489935,4,"[20, 47, 60, 74]"
7430,417847541,121.67348564717697,48.36673444945673,9,"[14, 20, 21, 40, 41, 47, 74, 119, 120]"
7431,436781440,357.85050224627287,27.821862571390003,2,"[56, 83]"
7432,436840249,46.132910818010714,10.888018436202746,7,"[18, 42, 43, 44, 58, 70, 71]"
7433,436852777,46.37553729721524,9.316391630162205,7,"[18, 42, 43, 44, 58, 70, 71]"
7434,436872005,48.19979366068078,10.44913007548623,8,"[18, 42, 43, 44, 58, 70, 71, 85]"
7435,436933294,49.30924203008678,9.706929812481384,8,"[18, 42, 43, 44, 58, 70, 71, 85]"
7436,436942358,104.97703124573165,-2.012282078063212,4,"[44, 45, 71, 72]"
7437,458676830,129.39227095369463,-8.624605973871994,7,"[7, 34, 44, 45, 46, 61, 72]"
7438,458783676,62.88461694065846,29.90407990428539,2,"[18, 86]"
7439,458842676,59.79477723061639,47.40452287541478,7,"[18, 25, 52, 58, 59, 85, 86]"
7440,418010485,200.08128675594304,35.67279914041588,3,"[23, 50, 77]"
7441,418085793,57.23646536170221,28.580481456844154,3,"[18, 58, 85]"
7442,418147726,145.5403599399244,-4.374496357684856,3,"[45, 46, 72]"
7443,418172476,146.1113425865009,-4.504808588617302,3,"[45, 46, 72]"
7444,418165223,265.78368461919047,7.816689387759554,5,"[91, 92, 115, 116, 118]"
7445,418189606,306.9131208491393,35.18470153551855,2,"[54, 81]"
7446,436964801,105.03380149950209,0.04639804943678064,4,"[44, 45, 71, 72]"
7447,437032414,133.08020728861237,-10.765960837980293,7,"[34, 44, 45, 46, 61, 72, 88]"
7448,437043977,132.37933064223245,-1.8369598185625933,4,"[44, 45, 46, 72]"
7449,437046151,132.3855228528291,-1.5660215286192791,4,"[44, 45, 46, 72]"
7450,459056725,133.21967521116926,-9.151564014392202,7,"[34, 44, 45, 46, 61, 72, 88]"
7451,459183811,103.5202093748586,59.67424868627634,9,"[20, 26, 40, 47, 53, 60, 73, 74, 119]"
7452,418241480,75.78267607950087,56.27641901501947,8,"[19, 25, 26, 52, 53, 73, 79, 86]"
7453,418345979,88.15260886109498,50.573745863621944,11,"[19, 20, 26, 40, 52, 53, 59, 60, 73, 79, 86]"
7454,437256139,179.00263891986893,-21.85188031457923,6,"[9, 36, 63, 90, 100, 114]"
7455,437319605,198.3762045791755,-12.804362445928023,4,"[37, 64, 90, 101]"
7456,437320619,199.60784135124547,-15.693026870387824,4,"[10, 37, 64, 101]"
7457,437327743,212.74018086055548,-7.973723538240456,4,"[37, 64, 91, 115]"
7458,437325588,213.3512715856717,-10.114767312578572,4,"[37, 64, 91, 115]"
7459,437430894,239.86921449007696,1.726520688439003,3,"[91, 115, 116]"
7460,437389783,239.19324998107902,2.126220430931682,3,"[91, 115, 116]"
7461,437413557,240.51790742181268,-3.0672403551658833,3,"[91, 115, 116]"
7462,459222815,151.6164012882649,63.21193669256719,11,"[14, 15, 21, 22, 41, 48, 49, 75, 76, 120, 121]"
7463,459223649,159.72836461126883,60.35628850132245,10,"[15, 16, 21, 22, 48, 49, 75, 76, 120, 121]"
7464,459250741,206.46683228165813,24.823444219359292,1,[50]
7465,459278347,226.51841193565696,41.34873810296378,3,"[24, 51, 78]"
7466,459309927,250.44327105846375,35.966992858601245,2,"[79, 117]"
7467,459322199,235.82694103630635,41.88828717086558,4,"[25, 51, 52, 78]"
7468,459313469,250.31061257152072,38.64357929071896,3,"[25, 79, 117]"
7469,459422799,232.33512767141804,23.172095273007184,2,"[51, 117]"
7470,459427073,233.04405729227923,21.699366798936904,2,"[51, 117]"
7471,418446470,333.0894781168091,15.139784813976354,2,"[55, 82]"
7472,418469687,257.5736958625088,-63.44021756184475,6,"[12, 13, 39, 65, 66, 93]"
7473,418602340,266.0004329919597,9.873966899474084,5,"[91, 92, 115, 116, 118]"
7474,437702027,330.13462569412604,-3.9343236749524126,3,"[42, 92, 116]"
7475,437695779,329.96279940105893,-2.8972681972664103,3,"[42, 92, 116]"
7476,437708553,7.8487607127856425,19.74248809280963,2,"[83, 84]"
7477,459507069,203.5154809681621,-58.57188799686184,9,"[10, 11, 37, 63, 64, 90, 99, 112, 113]"
7478,459546174,200.0960727467367,-56.6060117621374,11,"[10, 36, 37, 63, 64, 90, 99, 100, 111, 112, 113]"
7479,459617181,258.27764241730483,29.107535963479215,1,[118]
7480,459754423,117.23740313097274,39.64143365411808,4,"[20, 47, 60, 74]"
7481,459786991,125.21157479666003,39.96432761733779,3,"[21, 47, 74]"
7482,418760147,6.76286996095221,9.22248028980083,4,"[42, 43, 70, 83]"
7483,437734634,14.028879743687941,24.864016540805896,3,"[17, 57, 84]"
7484,437740465,14.860203653518878,24.895456101919663,3,"[17, 57, 84]"
7485,437745265,14.212116002648862,22.575701841391343,3,"[17, 57, 84]"
7486,437749314,14.916314251889963,23.401570293180605,3,"[17, 57, 84]"
7487,437749749,15.57606041769503,24.557956132899225,3,"[17, 57, 84]"
7488,437757602,17.608775612726177,24.62651740180385,3,"[17, 57, 84]"
7489,437886584,94.09011899104252,-11.107907046587673,8,"[6, 33, 43, 44, 45, 71, 72, 87]"
7490,459824765,188.3053852419117,30.823989230909792,2,"[23, 50]"
7491,437873486,185.26544544687152,-65.31909359058143,5,"[36, 37, 62, 89, 90]"
7492,459905531,97.33533614109814,62.728962738811575,13,"[19, 20, 26, 40, 47, 53, 59, 60, 73, 74, 79, 86, 119]"
7493,459901487,96.99690479444452,61.4621022929392,12,"[19, 20, 26, 40, 47, 53, 59, 60, 73, 74, 79, 119]"
7494,459920152,92.66802412693588,65.62689244231478,13,"[25, 26, 40, 47, 52, 53, 59, 60, 73, 74, 79, 86, 119]"
7495,459972196,74.29036669164941,-19.01711349470999,4,"[5, 32, 98, 110]"
7496,418913211,334.5630253623917,13.161248097082249,2,"[55, 82]"
7497,418913438,334.3273547718916,12.62664064023566,2,"[55, 82]"
7498,419010997,337.1489017727973,-10.968678289872225,6,"[2, 29, 42, 69, 92, 96]"
7499,419012256,337.43384149342245,-14.877482545097159,4,"[2, 29, 69, 96]"
7500,419051672,354.45174832551555,-20.790509114634407,4,"[2, 29, 69, 107]"
7501,419015728,17.80883206172728,-24.809556900949996,4,"[3, 30, 97, 108]"
7502,437952405,94.31022568064944,-9.314912621841751,8,"[6, 33, 43, 44, 45, 71, 72, 87]"
7503,438006065,94.7908317290351,-9.92460698941255,8,"[6, 33, 43, 44, 45, 71, 72, 87]"
7504,438077624,95.61065712122756,-10.759108059097729,7,"[6, 33, 43, 44, 45, 71, 87]"
7505,438296497,96.58974433876055,-10.186161800147454,8,"[6, 33, 43, 44, 45, 71, 72, 87]"
7506,419575434,219.23681809140024,-46.92878593118302,9,"[11, 37, 38, 64, 99, 100, 101, 113, 114]"
7507,419594849,312.2858950445264,21.209957326433972,2,"[54, 81]"
7508,419666736,272.76714983551574,-66.15865028107933,7,"[12, 13, 27, 39, 66, 93, 94]"
7509,419667736,303.7994129245509,-53.52474381439806,11,"[1, 27, 28, 67, 68, 94, 95, 101, 102, 103, 104]"
7510,438508926,100.25675956142086,-8.850880002456988,8,"[6, 33, 44, 45, 71, 72, 87, 111]"
7511,438695270,220.49093304164234,-35.367401049358094,7,"[11, 38, 64, 101, 102, 112, 114]"
7512,438691246,219.1669993465363,-33.29976700445946,7,"[11, 37, 38, 64, 101, 102, 114]"
7513,438702139,221.70453585579534,-38.957052017985035,10,"[11, 38, 64, 99, 100, 101, 102, 112, 113, 114]"
7514,438733202,221.9404160199326,-38.829142947993525,10,"[11, 38, 64, 99, 100, 101, 102, 112, 113, 114]"
7515,438832923,222.34822555065844,-38.301980772540205,10,"[11, 38, 64, 99, 100, 101, 102, 112, 113, 114]"
7516,419882634,356.2464664602008,5.296226581852694,3,"[42, 70, 92]"
7517,419919445,357.64155924254015,7.151582668429138,3,"[42, 70, 92]"
7518,419936581,356.5834647058499,3.417188023743175,3,"[42, 70, 92]"
7519,419955858,28.716409648171886,-11.63126536470088,3,"[4, 70, 97]"
7520,419792721,295.5692474930187,-52.929629466769974,9,"[13, 67, 94, 101, 102, 103, 104, 114]"
7521,419994887,32.84138290405905,-11.365765582674312,4,"[4, 31, 70, 71]"
7522,438898280,232.66807312023832,-1.1487417660562569,2,"[91, 115]"
7523,439213914,293.782252802331,7.145296194164295,3,"[54, 92, 116]"
7524,439397894,353.7635509368083,-16.23535171404784,4,"[2, 29, 69, 107]"
7525,439406797,10.86625292314768,-21.899301022958582,3,"[30, 97, 108]"
7526,439410069,12.813319643575584,-18.635906260125285,4,"[3, 30, 97, 108]"
7527,439396599,316.18259683457177,-5.074421239001163,2,"[92, 116]"
7528,439455342,7.312925280065469,-29.40332469310631,5,"[3, 30, 97, 107, 108]"
7529,439460736,8.38392035331825,-28.78575967493527,6,"[3, 30, 97, 107, 108]"
7530,439466970,11.213703724724448,-25.617764634401738,4,"[30, 97, 107, 108]"
7531,439441961,296.1745187882436,-14.033938168566792,4,"[27, 67, 94, 105]"
7532,439496110,11.801606038670668,-27.252678383562642,5,"[3, 30, 97, 107, 108]"
7533,439499498,13.277532086633512,-25.201197342534087,5,"[3, 30, 97, 107, 108]"
7534,439500072,11.722740397360525,-28.626448288376437,5,"[3, 30, 97, 107, 108]"
7535,439691060,299.2572529178477,15.069640559872175,1,[81]
7536,439710437,299.77552966150887,17.444216244658072,1,[81]
7537,439817272,335.43422032737953,8.503587424203982,4,"[42, 55, 82, 92]"
7538,439839143,336.2898649412152,9.632389109492223,4,"[42, 55, 82, 92]"
7539,439852017,336.7107086482283,8.234980629399164,4,"[42, 55, 82, 92]"
7540,439860197,336.81698765041045,7.211127731647368,3,"[42, 55, 92]"
7541,439866253,40.19184039509717,-16.354377389504766,3,"[4, 31, 109]"
7542,439876264,40.52195670784371,-19.628603854491093,3,"[4, 31, 109]"
7543,439900171,41.342150436129685,-18.898442166855514,2,"[4, 31]"
7544,439902422,41.98862219538616,-18.064420559644454,1,[109]
7545,439979970,228.58885554892947,-51.22922746114853,10,"[11, 38, 64, 65, 99, 100, 101, 112, 113, 114]"
7546,439945718,22.863161158616975,40.16834908810968,3,"[17, 57, 84]"
7547,508850829,338.90642178834366,8.844942981104891,4,"[42, 70, 82, 92]"
7548,610985024,19.880469035348966,-0.21332772685337165,3,"[42, 43, 70]"
7549,607081331,47.2394199210831,48.477438916777636,4,"[18, 24, 58, 85]"
7550,611064061,1.4827776324296957,1.676807299001262,2,"[42, 70]"
7551,610513126,1.604698305961922,-8.574958200211755,4,"[3, 42, 70]"
7552,610562370,12.068557966209463,-22.3882610126707,4,"[3, 30, 97, 108]"
7553,610570460,11.667273955666756,-19.66800074745695,4,"[3, 30, 97, 108]"
7554,611894925,18.932539890707492,27.969807693674973,3,"[17, 57, 84]"
7555,610690582,8.976296050868742,-8.687853465653593,6,"[3, 30, 42, 43, 70, 97]"
7556,611978188,16.419313951845066,30.981910422276993,3,"[17, 57, 84]"
7557,612002469,18.294067917820392,32.362898754092804,3,"[17, 57, 84]"
7558,620612499,41.19637499211153,15.987318146586391,3,"[18, 58, 85]"
7559,604446831,33.93135826478113,50.90091454726537,9,"[17, 18, 24, 57, 58, 77, 78, 84, 85]"
7560,615614567,322.2728614589601,-64.47063249095645,8,"[1, 27, 28, 29, 68, 69, 95, 96]"
7561,615720965,327.22677520156134,-63.288682644837714,8,"[1, 2, 28, 29, 68, 69, 95, 96]"
7562,620113894,38.87234631368006,2.5482125318473745,4,"[42, 43, 70, 71]"
7563,620153747,41.650687026383025,4.762755154903443,5,"[42, 43, 44, 70, 71]"
7564,620196604,31.151998519511633,5.425666580996663,4,"[42, 43, 70, 71]"
7565,616129679,339.04590020053485,-49.7325306106741,5,"[2, 29, 69, 96, 105]"
7566,621277672,47.1645564136857,24.066003561583994,3,"[18, 58, 85]"
7567,610007614,351.44902824521483,-26.497102478214877,5,"[2, 29, 69, 96, 107]"
7568,621646082,44.224626283211265,27.806149912842123,3,"[18, 58, 85]"
7569,623989946,51.164890959955734,34.66282343415177,3,"[18, 58, 85]"
7570,630386266,29.817083143879287,-8.587431976648158,5,"[4, 42, 43, 70, 97]"
7571,630391468,32.86493132063321,-7.921730668314734,6,"[4, 31, 42, 43, 70, 71]"
7572,631438753,343.7491047096905,-63.1328916769949,7,"[3, 28, 29, 68, 69, 95, 96]"
7573,631438754,343.7502935275621,-63.13332470091044,7,"[3, 28, 29, 68, 69, 95, 96]"
7574,630573233,26.91053539239385,1.8971457316626041,3,"[42, 43, 70]"
7575,640173860,42.643879913082706,-3.34428117237677,5,"[42, 43, 44, 70, 71]"
7576,628063843,62.22369129775999,48.98078346582903,10,"[18, 19, 25, 52, 58, 59, 78, 79, 85, 86]"
7577,632444077,30.107276833115353,-31.09213710404487,4,"[4, 31, 97, 108]"
7578,629882417,75.0295486092036,61.11550805498267,10,"[18, 19, 25, 26, 52, 53, 59, 73, 79, 86]"
7579,629960122,10.335768764381084,-26.212447351106512,5,"[3, 30, 97, 107, 108]"
7580,642484189,62.603157272705594,22.393872317225064,2,"[18, 86]"
7581,643153062,64.6622151110075,25.523975078198394,3,"[18, 59, 86]"
7582,640260617,46.92398187820253,1.1787302781606575,5,"[42, 43, 44, 70, 71]"
7583,651944430,47.28773238447555,-23.245305399244646,3,"[4, 31, 109]"
7584,647626362,69.7275371949179,36.736292326025385,3,"[19, 59, 86]"
7585,647735065,70.66211110643489,38.26391780555312,3,"[19, 59, 86]"
7586,640830749,45.28079831129531,3.0884521789055808,5,"[42, 43, 44, 70, 71]"
7587,660454449,66.43194969806301,4.947370795153097,3,"[43, 44, 70]"
7588,640968296,49.49829263222239,10.538707632003854,6,"[18, 42, 43, 44, 71, 85]"
7589,651379982,34.610582865765586,-44.687793851128866,7,"[4, 31, 97, 105, 106, 107, 108]"
7590,641460775,50.20151019705725,18.53847057388976,3,"[18, 58, 85]"
7591,651499678,32.47653711469711,-39.73542739815377,7,"[4, 31, 97, 105, 106, 107, 108]"
7592,661540044,70.25189654280747,8.470459626619979,7,"[19, 43, 44, 59, 70, 71, 86]"
7593,645119047,60.948889441967715,31.57405501148435,3,"[18, 58, 86]"
7594,649676938,55.62628704310529,-22.720541395134,2,"[5, 109]"
7595,645717748,66.93467399050424,35.71673811886822,4,"[18, 19, 59, 86]"
7596,645859163,66.51740713781146,38.941979094600434,4,"[18, 19, 59, 86]"
7597,645880027,67.53366938674046,39.39743051706107,4,"[18, 19, 59, 86]"
7598,649985020,277.945892262073,-70.29989118386608,9,"[12, 13, 27, 39, 65, 66, 67, 93, 94]"
7599,651069894,30.884746838294827,-55.77958266094488,8,"[3, 4, 30, 31, 97, 105, 106, 107]"
7600,651918119,43.9163964014133,-26.296691458999334,3,"[4, 31, 109]"
7601,651221230,18.95086799289534,-52.55080260661533,6,"[3, 30, 104, 105, 106, 107]"
7602,651236339,23.271616274623,-53.74113551750744,9,"[3, 4, 30, 31, 97, 104, 105, 106, 107]"
7603,669838404,79.95142353499293,38.61928494688962,4,"[19, 59, 73, 86]"
7604,673495017,65.92781647114228,-10.064018664458454,5,"[32, 43, 44, 70, 98]"
7605,671236826,73.11890267415794,-42.05913374516415,2,"[107, 108]"
7606,671374144,75.87206110614144,-38.70881265670213,6,"[5, 32, 107, 108, 109, 110]"
7607,673686239,69.44314034374646,-3.893861031733083,4,"[43, 44, 70, 71]"
7608,674140094,73.75172770998104,-3.6373289849797694,4,"[43, 44, 70, 71]"
7609,670858393,83.25431877617147,52.6625920728024,9,"[19, 25, 26, 52, 53, 59, 73, 79, 86]"
7610,673096320,73.41947565008653,-13.908218502687543,4,"[5, 32, 98, 110]"
7611,673230821,71.40867709846742,-13.248208093751066,3,"[5, 98, 110]"
7612,701040919,85.50505312148452,18.47796700616692,3,"[19, 59, 73]"
7613,686359100,61.530224383261164,-46.39827747549644,6,"[5, 32, 98, 107, 108, 109]"
7614,686422654,60.37263645586071,-42.60503126535126,7,"[5, 32, 98, 106, 107, 108, 109]"
7615,664915372,67.19948627868429,16.8324689940732,3,"[19, 59, 86]"
7616,664962660,66.80771184496649,18.373578178981287,3,"[19, 59, 86]"
7617,703209706,88.56851913917119,51.186746400513655,11,"[19, 20, 26, 40, 52, 53, 59, 60, 73, 79, 86]"
7618,710477394,95.20103909713441,-29.01104842350431,5,"[6, 33, 87, 110, 111]"
7619,702205484,87.46056438956755,28.75299899022755,2,"[19, 59]"
7620,706369910,81.9763083449358,-51.15283351092722,8,"[5, 6, 32, 33, 98, 107, 108, 109]"
7621,712984353,81.69725496605763,-24.024079219941974,4,"[6, 32, 98, 110]"
7622,712989981,80.09805968231898,-23.995959069572347,4,"[6, 32, 98, 110]"
7623,708357666,77.03238568821949,-47.78318570677004,7,"[5, 6, 32, 98, 107, 108, 109]"
7624,713212224,80.02411676180914,-20.513973813740403,4,"[6, 32, 98, 110]"
7625,713222223,81.082530753273,-20.244789445450827,4,"[6, 32, 98, 110]"
7626,716828700,86.28360234895209,-10.502758394791785,7,"[6, 43, 44, 45, 71, 72, 98]"
7627,716907696,87.74394212939009,-8.978019609263672,7,"[6, 33, 43, 44, 45, 71, 72]"
7628,721167373,87.92038321539191,4.082348426425373,4,"[44, 45, 71, 72]"
7629,715082468,91.81888008174477,-14.262228017280579,3,"[6, 33, 87]"
7630,740114140,117.75586856200096,0.23671159202247324,4,"[44, 45, 71, 72]"
7631,718973237,98.10618496530773,4.094817907044846,5,"[43, 44, 45, 71, 72]"
7632,723114529,90.72027764864859,7.953088224685475,6,"[43, 44, 45, 71, 72, 73]"
7633,737163462,132.31520938474208,-85.94447904572311,41,"[2, 3, 5, 6, 7, 8, 9, 10, 12, 13, 27, 28, 29, 30, 32, 33, 34, 35, 36, 37, 38, 39, 61, 62, 63, 64, 65, 66, 67, 68, 69, 87, 88, 89, 90, 93, 94, 95, 96, 97, 98]"
7634,723801895,88.66033186558516,13.90769184143205,3,"[19, 59, 73]"
7635,741637535,108.57016289228076,21.125655875594894,3,"[20, 47, 60]"
7636,743628995,98.44463752733694,52.25028143898721,9,"[20, 26, 40, 47, 53, 60, 73, 74, 119]"
7637,737802454,92.54528229587862,-71.88754370110426,8,"[5, 7, 32, 33, 34, 87, 88, 98]"
7638,737802458,92.54340007776949,-71.88712115226186,8,"[5, 7, 32, 33, 34, 87, 88, 98]"
7639,733027940,15.700182037970157,-86.63633398354676,37,"[1, 2, 4, 5, 6, 7, 8, 9, 11, 12, 27, 28, 29, 31, 32, 33, 34, 35, 36, 37, 38, 39, 62, 63, 65, 66, 67, 68, 69, 87, 89, 90, 93, 94, 95, 96, 98]"
7640,752378700,113.50687179140951,-30.674222046912288,2,"[7, 111]"
7641,766828910,144.25885011649802,-70.76930818142891,10,"[7, 8, 9, 34, 35, 36, 61, 62, 88, 89]"
7642,748883013,117.11980235181204,-36.358892720708205,7,"[7, 34, 61, 88, 108, 110, 111]"
7643,762088769,108.5044541619539,-6.067792376945669,7,"[7, 33, 44, 45, 46, 71, 72]"
7644,749281577,118.35173707189088,-35.01291151251327,7,"[7, 34, 61, 88, 108, 111, 112]"
7645,773262373,128.8488727008199,-54.10178482531904,9,"[7, 8, 34, 61, 88, 108, 109, 110, 111]"
7646,765832822,165.52627156201729,-76.41816826528233,29,"[1, 4, 7, 8, 9, 10, 11, 27, 30, 31, 34, 35, 36, 37, 61, 62, 63, 64, 67, 68, 69, 87, 88, 89, 90, 94, 95, 96, 97]"
7647,777004754,115.02816808399619,-56.80176467245647,10,"[6, 7, 33, 34, 61, 87, 88, 108, 109, 110]"
7648,801534180,130.97336796735954,18.71153939457697,2,"[21, 48]"
7649,801534181,130.97365954132312,18.7119979155244,2,"[21, 48]"
7650,801691222,118.90861676558195,12.083073232199014,4,"[44, 45, 46, 47]"
7651,801732806,121.49982488829278,15.579110268185346,1,[47]
7652,801919902,120.30955198625482,23.164292214087943,1,[47]
7653,754948594,120.79138372416774,-23.546028317550693,5,"[7, 34, 61, 88, 112]"
7654,803427251,127.50043272078697,-22.18322988383588,6,"[7, 34, 61, 88, 99, 112]"
7655,800569555,136.66911543804952,1.9570990820097331,4,"[44, 45, 46, 72]"
7656,837130606,138.46844303838034,-21.12764891956239,6,"[8, 34, 61, 88, 99, 112]"
7657,840004411,141.45196116417185,-8.434781245861915,5,"[8, 45, 46, 61, 72]"
7658,814790368,164.69515926896858,-57.51018079599669,10,"[8, 9, 35, 36, 62, 63, 89, 110, 111, 112]"
7659,836102926,144.63686167528695,-32.340806721643546,8,"[8, 35, 61, 62, 89, 99, 112, 113]"
7660,836128819,142.61324920373437,-33.15668858738982,6,"[8, 35, 61, 88, 99, 112]"
7661,847861519,206.41890394388676,-64.40091809169482,8,"[10, 11, 36, 37, 38, 63, 64, 90]"
7662,847861543,206.42050783942676,-64.40075432336943,8,"[10, 11, 36, 37, 38, 63, 64, 90]"
7663,900363003,144.54964552871044,40.156477919785104,3,"[21, 48, 75]"
7664,874304449,170.42256741189027,-36.552313487280884,10,"[9, 36, 62, 63, 89, 99, 100, 110, 112, 113]"
7665,903378278,173.2884815511809,9.968591460692032,5,"[22, 45, 46, 49, 72]"
7666,900734088,117.11908451323299,59.52073324444168,12,"[14, 20, 21, 40, 41, 47, 53, 60, 74, 119, 120]"
7667,874607064,172.15010760308047,-32.626805608676094,7,"[36, 63, 89, 99, 100, 113, 114]"
7668,874778620,166.57607288919897,-30.296998215147845,8,"[9, 35, 36, 62, 89, 99, 100, 113]"
7669,875559837,153.52621842346022,-36.92182661731328,6,"[8, 62, 89, 99, 112, 113]"
7670,902961612,165.25817696022457,-10.65403594609256,7,"[9, 35, 45, 46, 62, 72, 89]"
7671,910280576,215.53360538456678,-59.09557177380586,10,"[10, 11, 37, 38, 64, 65, 99, 100, 112, 113]"
7672,950075235,182.05975550842302,36.266503222902706,3,"[23, 49, 76]"
7673,950823027,116.96112347126945,65.97115939940214,13,"[14, 20, 21, 26, 40, 41, 48, 53, 60, 74, 75, 119, 120]"
7674,938198422,186.12163381594132,-48.62422251881051,9,"[9, 10, 36, 63, 90, 99, 100, 112, 113]"
7675,951575210,193.24394565986424,-19.79033072366517,6,"[10, 37, 63, 90, 101, 114]"
7676,951649596,202.64773513518162,-19.446783765072155,2,"[10, 37]"
7677,939850316,193.81770820478584,-46.60996867130983,10,"[10, 36, 37, 63, 64, 90, 99, 100, 112, 114]"
7678,939943314,193.56061955080727,-45.31099594856778,11,"[10, 36, 37, 63, 90, 99, 100, 111, 112, 113, 114]"
7679,939943315,193.5597098700329,-45.31133532626533,11,"[10, 36, 37, 63, 90, 99, 100, 111, 112, 113, 114]"
7680,954236268,174.66690335339192,25.745480578221855,2,"[22, 49]"
7681,933749501,197.69656335713006,-51.37896865577873,12,"[10, 36, 37, 63, 64, 90, 99, 100, 111, 112, 113, 114]"
7682,976001213,220.56520124235675,-53.698376287922756,10,"[11, 37, 38, 64, 65, 99, 100, 101, 113, 114]"
7683,976942547,220.70125178666535,-51.735617072214545,11,"[11, 37, 38, 64, 65, 99, 100, 101, 112, 113, 114]"
7684,998618819,201.0094510989444,-29.523941403637313,5,"[10, 37, 64, 101, 114]"
7685,998868052,209.12722605308565,-24.82578866338963,5,"[10, 37, 64, 101, 102]"
7686,996707033,211.8755175528141,-34.840713398390534,7,"[10, 11, 37, 64, 100, 101, 114]"
7687,1012412298,236.1628169477449,-51.74027352119242,9,"[11, 12, 38, 65, 99, 100, 101, 112, 113]"
7688,1002549141,201.92499848806068,8.859592318067307,5,"[23, 46, 50, 91, 115]"
7689,1002819611,196.9811694692711,12.793038440356527,2,"[23, 50]"
7690,1000612061,193.76374073130404,35.35395023749084,3,"[23, 50, 77]"
7691,1000530648,192.64990233503215,29.959584298889645,1,[50]
7692,1057615720,220.7413837772829,2.8865924950741526,2,"[91, 115]"
7693,1101424611,208.1014798118904,40.62549903460524,3,"[24, 50, 77]"
7694,1055540348,219.74661596005683,-17.985935413618552,3,"[38, 64, 102]"
7695,1100264662,228.33807033033463,28.879380709686778,1,[51]
7696,1100298261,221.5187736582176,25.702941600042205,1,[51]
7697,1037542384,235.5120894899099,-41.35120765886138,8,"[38, 65, 99, 100, 101, 102, 113, 114]"
7698,1100360787,216.06846703915926,21.28289032574816,1,[51]
7699,1101794351,213.20061724576507,53.39734008649173,5,"[24, 50, 51, 77, 78]"
7700,1101794352,213.20099460007776,53.39675005197427,5,"[24, 50, 51, 77, 78]"
7701,1102582998,135.15581540450202,75.17898026044449,22,"[14, 15, 16, 20, 22, 26, 40, 47, 48, 53, 56, 60, 73, 74, 75, 76, 80, 83, 118, 119, 120, 121]"
7702,1100520658,217.7495994970629,31.805152240268562,1,[51]
7703,1102114175,192.65468735789236,60.05755638081222,5,"[16, 49, 50, 76, 77]"
7704,1101107340,211.8551248848595,30.365246008288068,2,"[50, 51]"
7705,1101107341,211.85335562820114,30.365273574738836,2,"[50, 51]"
7706,1101124558,213.54645761623138,33.7685347515448,1,[51]
7707,1101124559,213.54459606940648,33.7688675983536,1,[51]
7708,1112343883,251.60870223420406,-44.098055793074955,11,"[12, 39, 65, 66, 93, 100, 101, 102, 103, 113, 114]"
7709,1112343918,251.60923685623712,-44.098353050643404,11,"[12, 39, 65, 66, 93, 100, 101, 102, 103, 113, 114]"
7710,1045658573,228.73527562109263,-39.066191877550835,10,"[11, 38, 65, 99, 100, 101, 102, 112, 113, 114]"
7711,1121747911,244.73182213397902,-47.93196885489244,9,"[12, 38, 39, 65, 99, 100, 101, 102, 114]"
7712,1156718764,246.0371489210192,-30.11617374489204,5,"[12, 39, 65, 102, 103]"
7713,1200214538,231.75284676832948,44.923638408483264,5,"[24, 25, 51, 78, 117]"
7714,1201093741,222.75198247982792,72.93474384982974,11,"[16, 23, 25, 50, 51, 52, 77, 78, 79, 83, 117]"
7715,1201093742,222.749138634006,72.9345243364866,11,"[16, 23, 25, 50, 51, 52, 77, 78, 79, 83, 117]"
7716,1154626361,236.35934633678676,-29.65372264682777,5,"[11, 38, 65, 102, 103]"
7717,1176007927,229.75781906289515,-13.448493962286825,3,"[11, 38, 65]"
7718,1204878082,241.5717427722969,35.168142631039586,2,"[79, 117]"
7719,1136311359,246.01659143613526,-38.00315302887449,10,"[12, 38, 39, 65, 100, 101, 102, 103, 113, 114]"
7720,1205012279,241.50534587741416,39.62824856865279,5,"[25, 52, 78, 79, 117]"
7721,1201853475,248.92474075747043,5.8677916420919,3,"[91, 115, 116]"
7722,1202655842,241.3032136996618,9.234716316366264,3,"[115, 116, 117]"
7723,1178645814,237.11967455307447,3.595798405998686,2,"[91, 115]"
7724,1179409407,224.16309521677135,2.0319963193234583,2,"[91, 115]"
7725,1179639715,234.4701883632362,10.396958741229893,3,"[51, 91, 117]"
7726,1259964576,244.63339339089018,1.6426604748889722,3,"[91, 115, 116]"
7727,1271046655,234.75617049405284,76.23418413623999,27,"[16, 20, 23, 24, 25, 26, 40, 47, 50, 51, 52, 53, 56, 57, 59, 60, 73, 77, 78, 79, 80, 83, 84, 86, 117, 118, 119]"
7728,1271077945,222.759538634144,75.6924649434906,25,"[16, 19, 23, 24, 25, 26, 49, 50, 51, 52, 53, 56, 57, 59, 73, 76, 77, 78, 79, 80, 83, 84, 86, 117, 118]"
7729,1270120874,246.04455327492056,50.69840808313525,4,"[52, 78, 79, 117]"
7730,1270263698,245.50041230683573,53.72498091325096,4,"[52, 78, 79, 117]"
7731,1277142190,260.0071517735727,-3.554776664346765,3,"[91, 115, 116]"
7732,1277142191,260.0061816561757,-3.5537560388180647,3,"[91, 115, 116]"
7733,1301369233,260.40857249699667,5.349493864709718,3,"[91, 115, 116]"
7734,1255376980,247.33334174808977,-10.282999063370486,7,"[12, 39, 65, 91, 103, 115, 116]"
7735,1305915846,259.0338787684125,20.237709066536983,1,[118]
7736,1312885302,257.7881644200447,-37.84341845022594,9,"[12, 39, 66, 93, 100, 101, 102, 103, 114]"
7737,1328224425,257.5454685018471,-27.352139644786543,6,"[12, 39, 66, 93, 103, 104]"
7738,1328224498,257.5449392378003,-27.35288593439135,6,"[12, 39, 66, 93, 103, 104]"
7739,1307739862,253.0157092749968,29.150032342224865,1,[117]
7740,1400086045,255.36711278817455,60.12579071529438,8,"[25, 26, 52, 53, 79, 80, 117, 118]"
7741,1400133900,262.67345035081587,61.39752322031635,9,"[25, 26, 40, 52, 53, 79, 80, 117, 118]"
7742,1400611049,263.6555802792367,74.16108712821348,19,"[14, 24, 25, 26, 40, 51, 52, 53, 54, 58, 74, 78, 79, 80, 81, 85, 117, 118, 119]"
7743,1400994843,163.72111864356364,86.49262338680478,41,"[14, 15, 16, 17, 18, 19, 20, 21, 23, 24, 25, 26, 40, 41, 47, 48, 49, 50, 51, 52, 53, 54, 55, 56, 57, 59, 60, 73, 74, 75, 77, 78, 79, 81, 83, 84, 86, 117, 118, 119, 120]"
7744,1401023908,123.22877778429765,86.28793556761055,47,"[14, 15, 16, 17, 18, 19, 20, 21, 22, 23, 24, 25, 26, 40, 41, 47, 48, 49, 50, 51, 52, 53, 55, 56, 57, 58, 59, 60, 73, 74, 75, 76, 77, 78, 79, 80, 81, 82, 83, 84, 85, 86, 117, 118, 119, 120, 121]"
7745,1424124163,267.6734970087531,-7.179930323727916,5,"[39, 91, 92, 115, 116]"
7746,1507128971,264.49272246911033,44.9658435365975,6,"[26, 52, 53, 79, 80, 118]"
7747,1523651762,263.7558679813939,-22.58314482485138,5,"[12, 39, 66, 93, 104]"
7748,1508656584,269.86421461923607,-59.79701657097986,10,"[12, 13, 39, 66, 67, 93, 94, 101, 102, 114]"
7749,1547248536,262.2504171095466,-12.721859057048242,5,"[12, 39, 66, 93, 115]"
7750,1551749198,88.90676319431441,80.76764930488646,45,"[15, 16, 17, 18, 19, 20, 21, 22, 23, 24, 25, 40, 41, 47, 48, 49, 50, 51, 52, 53, 54, 55, 56, 57, 58, 59, 60, 73, 74, 75, 76, 77, 78, 79, 80, 81, 82, 83, 84, 85, 86, 117, 119, 120, 121]"
7751,1491291372,268.2912902720541,9.778717971637137,6,"[80, 91, 92, 115, 116, 118]"
7752,1674663308,271.5134444089754,25.92643461743598,2,"[80, 118]"
7753,1692304748,272.30458709428734,-27.145810323544662,5,"[13, 39, 66, 93, 104]"
7754,1687445625,277.58334010109905,53.16058086458532,7,"[26, 40, 53, 74, 80, 118, 119]"
7755,1687496434,272.98855509712837,53.108839638458704,6,"[26, 40, 53, 79, 80, 118]"
7756,1688409799,271.3762234179045,-50.249295362598474,10,"[12, 13, 39, 66, 93, 100, 101, 102, 103, 114]"
7757,1691080447,274.4224541802595,-30.301252094807836,5,"[13, 66, 93, 103, 104]"
7758,1717994248,346.565269472757,81.22385588608475,44,"[14, 15, 16, 17, 18, 20, 21, 22, 23, 24, 25, 26, 40, 41, 47, 48, 49, 50, 51, 52, 53, 54, 55, 57, 58, 59, 60, 75, 76, 77, 78, 79, 80, 81, 82, 83, 84, 85, 86, 117, 118, 119, 120, 121]"
7759,1718205142,43.34430504181267,81.62319902035749,45,"[14, 15, 16, 17, 18, 19, 20, 22, 23, 24, 25, 26, 40, 41, 47, 48, 49, 50, 52, 53, 54, 55, 56, 57, 59, 60, 73, 74, 75, 76, 77, 78, 79, 80, 81, 82, 83, 84, 85, 86, 117, 118, 119, 120, 121]"
7760,1787078486,282.88908394255094,28.43163735543138,1,[80]
7761,1714738338,301.33588883605455,58.62177586753435,9,"[14, 40, 41, 54, 74, 80, 81, 119, 120]"
7762,1715683214,288.6172927367015,62.33685101817803,11,"[14, 26, 40, 41, 53, 54, 74, 80, 81, 118, 119]"
7763,1715683215,288.61871530596045,62.33689542410887,11,"[14, 26, 40, 41, 53, 54, 74, 80, 81, 118, 119]"
7764,1715686794,288.6210731016557,62.395453868605856,11,"[14, 26, 40, 41, 53, 54, 74, 80, 81, 118, 119]"
7765,1715686796,288.62117947082396,62.3948194244006,11,"[14, 26, 40, 41, 53, 54, 74, 80, 81, 118, 119]"
7766,1790151036,289.33187256352625,29.2944469067695,2,"[54, 80]"
7767,1811044738,287.6240288209229,43.223635725715894,5,"[40, 53, 54, 81, 119]"
7768,1802666838,289.08281805747333,36.9744208982733,5,"[40, 53, 54, 80, 119]"
7769,1850740605,308.41256539620156,42.648603096914506,5,"[41, 54, 81, 119, 120]"
7770,1803658434,286.5860234088774,37.66936956113084,4,"[53, 54, 80, 119]"
7771,1885062473,290.7866148533997,3.520440760339981,2,"[92, 116]"
7772,1883519478,327.47121414531364,73.49253574659834,18,"[14, 15, 16, 23, 40, 41, 54, 55, 56, 60, 74, 75, 76, 81, 83, 119, 120, 121]"
7773,1807526078,290.076487791873,39.884021074871676,6,"[40, 53, 54, 80, 81, 119]"
7774,1881261348,316.1606126992272,63.57525870481049,12,"[14, 15, 41, 54, 55, 74, 75, 81, 82, 119, 120, 121]"
7775,1808572163,294.2605974306258,40.81138695317167,6,"[14, 40, 54, 80, 81, 119]"
7776,1922781040,282.37361702680005,-40.46048847146251,9,"[13, 27, 67, 94, 101, 102, 103, 104, 114]"
7777,1913234825,298.19658023638914,32.26653236349287,2,"[54, 81]"
7778,1935524829,320.31094302518517,23.01872661147443,2,"[55, 82]"
7779,1925740387,287.00062849970544,-12.739497318144577,4,"[13, 27, 67, 94]"
7780,1926286592,289.3586043270441,-8.85421213917122,6,"[13, 27, 67, 92, 94, 116]"
7781,1937825777,319.3613412471171,32.70213015153772,2,"[55, 82]"
7782,1935061283,319.4262769181111,18.886744026714062,1,[55]
7783,1935144313,320.878909241964,18.39300122853912,2,"[55, 82]"
7784,1935473193,320.72879499447674,21.608106976125537,2,"[55, 82]"
7785,1989136609,304.1923066346062,-35.77919000324436,7,"[1, 27, 67, 94, 95, 104, 105]"
7786,1989174705,303.8359649569206,-33.58415099068257,7,"[1, 27, 67, 94, 95, 104, 105]"
7787,1981621672,52.95329361810317,74.83025889100203,20,"[16, 17, 19, 23, 24, 25, 26, 52, 53, 57, 58, 59, 60, 73, 77, 78, 79, 84, 85, 86]"
7788,1989744187,304.025068609855,-30.899215796149093,7,"[1, 27, 67, 94, 95, 104, 105]"
7789,1992778501,305.3886600834842,-6.388695431613276,4,"[1, 27, 92, 116]"
7790,1990717639,300.0595491856973,-22.004961619065448,4,"[27, 67, 94, 105]"
7791,1988853838,295.39753280264495,-42.72290335211137,7,"[13, 67, 94, 101, 102, 103, 104]"
7792,1988853839,295.398435632331,-42.723045645867366,7,"[13, 67, 94, 101, 102, 103, 104]"
7793,1988886596,299.97754492212476,-42.986171280862735,6,"[1, 27, 95, 101, 102, 103]"
7794,1983200793,305.67497838315046,15.810765645937437,2,"[54, 81]"
7795,1991380115,297.0373966604507,-15.69740637813088,4,"[27, 67, 94, 105]"
7796,2002410250,336.48839622618397,45.00271880096406,5,"[15, 55, 56, 82, 121]"
7797,1984939625,305.6513466204909,20.296850111817918,2,"[54, 81]"
7798,1984939641,305.6518394284638,20.29741594824628,2,"[54, 81]"
7799,2003139541,344.73932937805154,39.080671321679866,5,"[15, 56, 82, 83, 121]"
7800,2016632098,351.76841141521334,58.53054938939978,5,"[15, 16, 82, 83, 121]"
7801,2022482049,24.21552194855279,65.75050340012888,8,"[16, 18, 24, 57, 58, 77, 78, 84]"
7802,2027133755,319.19685619559266,-33.07289727136951,6,"[1, 28, 95, 102, 105, 106]"
7803,2020237668,22.17673056058951,60.61846132110794,6,"[16, 17, 24, 57, 84, 85]"
7804,2026348665,296.36977204291617,-49.42177558252944,7,"[13, 27, 67, 94, 101, 103, 104]"
7805,2028299850,328.9649529563198,-16.393198514377072,4,"[28, 68, 96, 106]"
7806,2028776533,327.90518380359896,-9.482401732719959,5,"[28, 42, 68, 92, 116]"
7807,2028912982,328.30781892370834,-3.024180812379412,3,"[42, 92, 116]"
7808,2050346592,39.990161020020984,61.398157655997224,9,"[17, 18, 25, 57, 58, 77, 78, 84, 85]"
7809,2051918706,351.626200398452,-18.270005697237092,5,"[2, 29, 69, 96, 107]"
7810,2041549164,10.507543676812096,43.94053524008328,5,"[16, 17, 57, 83, 84]"
7811,2052161324,339.5761113776183,-11.439576974132887,6,"[2, 29, 42, 69, 70, 96]"
7812,2052204340,337.10774273197734,-7.819414447594922,6,"[2, 29, 42, 69, 92, 96]"
7813,2052390978,353.32799542941217,-6.919557806374335,5,"[2, 29, 42, 70, 92]"
7814,2023948529,72.37862242264981,69.2945268258119,17,"[18, 19, 20, 24, 25, 26, 40, 52, 53, 58, 59, 60, 73, 78, 79, 85, 86]"
7815,2055473775,324.30766979559496,-37.515285324253476,9,"[1, 28, 68, 95, 102, 103, 104, 105, 106]"
7816,2024113719,337.59436297158345,-1.410225308296777,3,"[42, 70, 92]"
7817,2055570714,333.1881822895705,-39.98569102046217,10,"[2, 28, 29, 68, 69, 96, 103, 104, 105, 106]"
7818,2024277731,331.62162291009673,5.920919909467749,3,"[42, 92, 116]"
7819,2054321411,14.75626962494563,30.671949457768537,3,"[17, 57, 84]"
7820,2054321412,14.75617342324553,30.671284921103332,3,"[17, 57, 84]"
7821,2056034502,334.3403814294592,-21.16383264891772,5,"[2, 29, 69, 96, 106]"
7822,2054889933,315.9455225936381,-56.45908051926832,6,"[27, 28, 68, 102, 103, 104]"
7823,2054968024,310.433075750121,-50.160913372950986,8,"[1, 27, 28, 67, 68, 95, 102, 104]"
7824,325554331,269.3727619382396,28.176069037891775,2,"[80, 118]"
7825,11298969,84.55167914657534,-24.050213211081086,4,"[6, 98, 110, 111]"
7826,21841664,161.15515196263127,-38.83816206629723,8,"[8, 9, 35, 62, 89, 111, 112, 113]"
7827,22632764,103.63656970067314,24.695333663548272,2,"[20, 47]"
7828,24608799,80.67111616114599,-56.50950607225167,9,"[5, 6, 32, 33, 87, 98, 107, 108, 109]"
7829,26979704,77.18128330159476,-3.0289200457819554,3,"[43, 44, 71]"
7830,27112021,191.27545946242526,24.19930025216545,2,"[23, 50]"
7831,43254866,241.82170222929227,52.41450470134671,6,"[25, 51, 52, 78, 79, 117]"
7832,44997867,167.56767604889822,-47.67219564594834,11,"[9, 35, 36, 62, 63, 89, 99, 110, 111, 112, 113]"
7833,49903526,242.05449725830888,10.672428829785458,4,"[91, 115, 116, 117]"
7834,53909395,109.60471294770595,-51.54206526099616,8,"[6, 7, 33, 34, 87, 108, 109, 110]"
7835,54126818,46.82737419780875,47.73576851745552,4,"[18, 24, 58, 85]"
7836,61105191,49.93066118301353,5.549307695319808,5,"[42, 43, 44, 70, 71]"
7837,91380678,282.66806608521415,-2.2200833995205946,2,"[92, 116]"
7838,34269291,57.32577241062873,-30.292579106357753,2,"[5, 109]"
7839,101092051,59.41375011858661,11.386219734732318,6,"[18, 42, 43, 44, 58, 70]"
7840,101937206,212.4096742817552,-21.748300781577775,3,"[37, 64, 102]"
7841,101930568,349.851870072252,-44.30674281861769,7,"[2, 29, 69, 96, 104, 105, 106]"
7842,124612531,196.6797559868263,1.5096408244377417,3,"[46, 91, 115]"
7843,140156390,160.39824952568844,-67.37257362869153,8,"[8, 9, 35, 36, 61, 63, 88, 90]"
7844,142212315,195.74435451064716,-31.273863280478373,7,"[10, 37, 63, 90, 100, 101, 114]"
7845,146803851,68.87100061964343,-29.081150853283155,5,"[5, 32, 98, 109, 110]"
7846,164870313,90.55670051212333,9.153484219064001,5,"[43, 44, 45, 72, 73]"
7847,165821484,116.98071931312516,15.01399902863772,2,"[20, 47]"
7848,167548779,138.80660858573233,-83.34519325393609,41,"[1, 2, 3, 4, 5, 6, 7, 8, 9, 10, 11, 12, 13, 27, 29, 30, 31, 32, 33, 34, 35, 36, 37, 39, 62, 63, 64, 65, 66, 67, 68, 69, 87, 89, 90, 93, 94, 95, 96, 97, 98]"
7849,187922408,173.39346562343906,-34.4522259287604,9,"[9, 36, 63, 90, 99, 100, 110, 113, 114]"
7850,187988727,172.4561596364842,-31.582364561656796,6,"[36, 63, 99, 100, 113, 114]"
7851,116126593,265.53182920965185,60.45793569362405,9,"[25, 26, 40, 52, 53, 79, 80, 117, 118]"
7852,116660735,349.7824090145726,-37.72915324799619,9,"[2, 29, 69, 96, 103, 104, 105, 106, 107]"
7853,130712175,202.0573145896516,6.757116777411681,5,"[23, 46, 50, 91, 115]"
7854,138107141,90.56703464617588,50.5628309990366,9,"[19, 20, 40, 53, 59, 60, 73, 79, 86]"
7855,150150734,141.61030459247155,-88.39039207865673,31,"[2, 3, 5, 6, 7, 9, 10, 12, 13, 27, 29, 30, 32, 33, 34, 35, 36, 37, 39, 61, 62, 63, 64, 65, 66, 88, 89, 90, 93, 97, 98]"
7856,152797900,299.25763019499016,-14.639573743784005,4,"[27, 67, 94, 105]"
7857,155896956,335.5384730427819,-48.343011327836834,10,"[2, 28, 29, 68, 69, 96, 103, 104, 105, 106]"
7858,158674182,186.2247675039886,-42.302217290562034,11,"[9, 10, 36, 63, 90, 99, 100, 111, 112, 113, 114]"
7859,159953133,292.12441889985365,9.087657953175833,3,"[54, 92, 116]"
7860,169108829,130.518001434746,-22.811262972495378,6,"[7, 34, 61, 88, 99, 112]"
7861,174655929,280.19562946122585,19.906558624349497,2,"[80, 118]"
7862,193076785,328.6433176273178,61.87469002548496,11,"[14, 15, 41, 55, 56, 75, 76, 81, 83, 120, 121]"
7863,193641631,239.48835481936072,-39.63083976834441,10,"[11, 12, 38, 65, 99, 100, 101, 102, 113, 114]"
7864,193888048,271.181224126591,67.67031509493151,12,"[25, 40, 52, 53, 54, 74, 79, 80, 81, 117, 118, 119]"
7865,196234276,31.176103033134883,34.25218302236657,3,"[17, 57, 84]"
7866,202438769,28.643567725584546,40.783620265052456,3,"[17, 57, 84]"
7867,220514768,346.7961954506686,-69.30160140598383,9,"[1, 2, 3, 28, 30, 68, 95, 96, 97]"
7868,261745953,286.5927069218422,-68.63678356045348,11,"[1, 12, 13, 27, 28, 39, 66, 67, 93, 94, 95]"
7869,205343827,299.5426849572873,13.79593966538187,1,[81]
7870,219258222,37.76939828074493,-72.28162774759575,7,"[3, 5, 30, 31, 32, 97, 98]"
7871,243068988,357.8343781292483,20.95216448670903,2,"[56, 83]"
7872,245902283,69.9769414489527,-6.871599228087577,7,"[5, 32, 43, 44, 70, 71, 98]"
7873,248164352,214.2977644735086,-37.80116108365954,7,"[11, 37, 64, 100, 112, 113, 114]"
7874,262275042,326.0660583256784,25.869782156345533,1,[82]
7875,265044655,129.0537721760903,-17.75042663936045,2,"[61, 112]"
7876,267335865,141.95961762088675,-72.16112598759179,11,"[7, 8, 9, 34, 35, 36, 61, 62, 87, 88, 89]"
7877,269041212,33.34659476445597,59.124344068056836,9,"[17, 18, 24, 57, 58, 77, 78, 84, 85]"
7878,269243443,327.14686613287444,13.179724721001435,2,"[55, 82]"
7879,271173535,221.60164618657635,-21.557871463016543,4,"[11, 38, 64, 102]"
7880,271638135,245.53704485207325,-78.99768460028895,42,"[1, 2, 3, 4, 6, 7, 8, 9, 10, 11, 12, 13, 27, 28, 29, 30, 31, 32, 33, 34, 36, 37, 38, 39, 61, 62, 63, 64, 65, 66, 67, 68, 87, 88, 89, 90, 93, 94, 95, 96, 97, 98]"
7881,283885050,17.323570644493937,30.885818367575123,3,"[17, 57, 84]"
7882,286373614,77.57274444566016,30.636862165454687,4,"[19, 59, 73, 86]"
7883,259271401,41.58817673931042,80.27375021958119,46,"[14, 15, 16, 17, 18, 19, 20, 21, 22, 23, 25, 26, 40, 41, 47, 48, 49, 50, 51, 52, 53, 54, 55, 56, 57, 58, 59, 60, 73, 74, 75, 76, 77, 78, 79, 80, 81, 82, 83, 84, 86, 117, 118, 119, 120, 121]"
7884,276883893,249.93161568608207,31.65150570658082,1,[117]
7885,294754816,355.1915513269385,-82.58029230380127,44,"[1, 2, 3, 4, 5, 6, 7, 8, 9, 10, 11, 12, 13, 27, 28, 29, 30, 31, 32, 33, 34, 35, 36, 37, 38, 39, 61, 62, 64, 65, 66, 67, 68, 69, 87, 88, 89, 90, 93, 94, 95, 96, 97, 98]"
7886,321601835,257.58511185963874,71.64414895104825,13,"[24, 25, 26, 40, 51, 52, 53, 74, 78, 80, 117, 118, 119]"
7887,330038143,334.43560055554605,33.61117934599064,2,"[55, 82]"
7888,344241805,22.254843787391685,-3.5683406187423445,3,"[42, 43, 70]"
7889,349303620,224.84398404517157,-6.631204480059034,4,"[11, 38, 91, 115]"
7890,365055817,23.09589011779665,2.756035106384636,3,"[42, 43, 70]"
7891,366277852,306.60325778999044,28.86825546607999,2,"[54, 81]"
7892,368777111,97.98143868871145,17.809646898716792,2,"[60, 73]"
7893,369270103,274.06662748496245,-60.300999531976224,10,"[12, 13, 27, 39, 66, 67, 93, 94, 101, 102]"
7894,380796561,216.65388470641426,-52.54661795473475,10,"[11, 37, 38, 64, 99, 100, 101, 112, 113, 114]"
7895,383989839,259.383976595066,-55.69804327078679,9,"[12, 65, 66, 93, 100, 101, 102, 113, 114]"
7896,385507225,60.23323880216464,7.907563669440238,7,"[18, 42, 43, 44, 58, 70, 71]"
7897,388802533,168.90756826616666,6.146724625958186,5,"[22, 45, 46, 49, 72]"
7898,308569032,76.97877904921025,3.8877733614184575,3,"[43, 44, 71]"
7899,315906212,4.730885683787936,65.55692435242115,10,"[15, 16, 17, 56, 57, 76, 77, 83, 84, 121]"
7900,319462683,197.37096501830493,-3.2608790248883763,3,"[46, 91, 115]"
7901,335120013,267.64925460601637,40.324430136201656,5,"[26, 53, 79, 80, 118]"
7902,335503587,106.67294495720745,38.40940137341814,4,"[20, 47, 60, 74]"
7903,371365397,230.28935256963405,19.3588643640428,2,"[51, 117]"
7904,374339239,160.78307047366408,-4.2530307436685835,3,"[45, 46, 72]"
7905,376923235,21.174909474071768,1.6427450341702963,3,"[42, 43, 70]"
7906,392797435,155.24277919723977,0.6103937284400441,1,[72]
7907,393896594,175.91121687123598,47.40010461052228,5,"[16, 22, 23, 49, 121]"
7908,394045568,307.66444471998983,-47.551571376473106,11,"[1, 27, 28, 67, 68, 94, 95, 102, 103, 104, 105]"
7909,394339087,288.40219516594726,-70.51206631804078,12,"[1, 12, 13, 27, 28, 39, 66, 67, 68, 93, 94, 95]"
7910,395579062,65.93231213623223,57.374797414947764,10,"[18, 19, 52, 58, 59, 73, 78, 79, 85, 86]"
7911,401927733,54.55875558340631,-21.848334428758843,3,"[5, 31, 109]"
7912,440142231,26.056344315565656,39.01544371221992,2,"[57, 84]"
7913,441075180,353.9558434288028,-12.797089942069393,4,"[2, 29, 69, 107]"
7914,6029735,214.0815595618075,6.6418316523774905,3,"[51, 91, 115]"
7915,9429499,163.84277260918867,37.0688707109156,2,"[49, 76]"
7916,11411101,84.89261537827817,-26.254525923439882,4,"[6, 98, 110, 111]"
7917,12926024,323.55381080725294,56.50907214991048,8,"[14, 15, 41, 55, 81, 82, 120, 121]"
7918,20302086,209.64986276430685,53.44593224902283,6,"[23, 24, 50, 51, 77, 78]"
7919,111950453,218.22899922116153,-19.367556078012257,2,"[11, 102]"
7920,118585879,351.54638237230125,-38.93239284474692,8,"[2, 29, 69, 96, 104, 105, 106, 107]"
7921,122346767,78.81285275962496,13.01955744310626,4,"[19, 59, 73, 86]"
7922,227279932,285.547553845498,26.13890551882586,1,[80]
7923,229811530,206.48782347243426,-15.164563484908058,3,"[10, 37, 64]"
7924,230181794,326.4512104642206,30.441298293258836,2,"[55, 82]"
7925,301079259,348.41638208440355,2.112350257736264,3,"[42, 70, 92]"
7926,301376113,50.231650975244996,-18.92903321360019,3,"[4, 31, 109]"
7927,305421338,265.395979203882,-38.44633162793553,7,"[12, 39, 93, 100, 101, 102, 114]"
7928,403883255,66.60349629275127,39.85737226737163,4,"[18, 19, 59, 86]"
7929,406498177,64.61901034064319,-45.3924687721442,6,"[5, 32, 98, 107, 108, 109]"
7930,417927806,69.59235712948589,16.32192700234613,3,"[19, 59, 86]"
7931,419575080,219.07117592250677,-46.92030471963746,9,"[11, 37, 38, 64, 99, 100, 101, 113, 114]"
7932,421805772,210.53338963632217,21.41641002278924,1,[50]
7933,423327699,356.4488482189337,9.259357127678287,5,"[42, 56, 70, 83, 92]"
7934,434710990,255.5226320432866,9.134996140473056,3,"[91, 115, 116]"
7935,436650260,73.32620457292977,-5.235507570610587,4,"[43, 44, 70, 71]"
7936,454723451,238.96283685069128,-64.33372203233529,6,"[11, 12, 38, 39, 66, 93]"
7937,456891444,68.37954744218028,-4.2098439113381705,4,"[43, 44, 70, 71]"
7938,459856883,86.52087015371049,62.34468519539867,11,"[19, 20, 25, 26, 40, 52, 53, 59, 60, 79, 86]"
7939,466131866,284.2093544773988,-44.13734870889578,8,"[13, 27, 67, 94, 101, 102, 103, 104]"
7940,468401868,82.62887300081276,46.09048966424127,4,"[19, 59, 73, 86]"
7941,23707906,188.13818633357508,43.98971123346909,5,"[23, 49, 50, 76, 77]"
7942,27512607,71.21921430632435,20.54675483549352,3,"[19, 59, 86]"
7943,38586082,14.020909020395331,-77.36598923972278,33,"[1, 2, 3, 4, 5, 8, 9, 11, 12, 28, 29, 31, 32, 34, 35, 38, 39, 62, 63, 64, 65, 66, 67, 68, 69, 89, 90, 93, 94, 95, 96, 97, 98]"
7944,50620740,81.32875440967595,-26.5134810912522,4,"[6, 32, 98, 110]"
7945,52686322,106.6188901155807,-53.73351974294554,7,"[6, 7, 33, 87, 108, 109, 110]"
7946,53271646,276.2002723528495,-3.344894453043413,3,"[91, 92, 116]"
7947,63454475,313.2724266937945,67.52199786256001,11,"[14, 15, 40, 54, 55, 74, 75, 82, 119, 120, 121]"
7948,70704053,88.38196847205481,39.38420161924692,4,"[19, 59, 60, 73]"
7949,82241550,67.54744220441178,45.35472620125173,4,"[18, 19, 59, 86]"
7950,99324508,242.46348131206955,-15.19345269936162,4,"[12, 38, 65, 103]"
7951,129632323,9.543036663782761,26.219865842570396,2,"[57, 84]"
7952,135175159,201.79917973372164,-31.76590963212031,6,"[10, 37, 64, 100, 101, 114]"
7953,138106400,307.229818442801,59.213232526878095,10,"[14, 40, 41, 54, 55, 74, 81, 82, 119, 120]"
7954,140837939,84.01994649850428,50.914616760295054,9,"[19, 25, 26, 52, 53, 59, 73, 79, 86]"
7955,141148940,156.31573548711705,41.254273123116405,3,"[22, 75, 76]"
7956,142729006,256.0455828190708,21.735020520306865,1,[118]
7957,143207992,90.6474293299562,-58.4820254778563,8,"[6, 32, 33, 87, 98, 107, 108, 109]"
7958,143125075,94.51179025961305,-32.4145937697272,5,"[6, 33, 87, 110, 111]"
7959,143840974,138.98727774808083,-62.448904516229675,8,"[7, 8, 34, 35, 61, 62, 88, 89]"
7960,144085463,135.86370143546665,-38.59305057205208,8,"[8, 34, 61, 88, 109, 110, 111, 112]"
7961,145574542,281.9342789131528,14.83793934039846,1,[80]
7962,148899733,238.68641861036616,-18.845067729306994,3,"[38, 65, 103]"
7963,152803777,185.04271596885593,-9.041302440193927,6,"[36, 46, 63, 90, 91, 115]"
7964,165472770,274.4461995011709,4.747351588824323,2,"[91, 92]"
7965,168141109,167.38092166473285,-36.70927798472055,9,"[9, 35, 36, 62, 89, 100, 110, 112, 113]"
7966,169839446,277.13238614009447,24.058576459256415,2,"[80, 118]"
7967,173866350,125.22683722285066,-56.610350500791014,8,"[7, 8, 34, 61, 88, 108, 109, 110]"
7968,175714692,264.0236427155391,-14.14903483976667,4,"[12, 39, 66, 93]"
7969,184010547,311.2081620253741,60.0988413822569,10,"[14, 15, 41, 54, 55, 74, 81, 82, 119, 120]"
7970,191142098,27.108186784986465,36.21197461334278,3,"[17, 57, 84]"
7971,198007047,16.022768042103557,-74.3934102112546,13,"[2, 3, 4, 29, 30, 31, 35, 62, 65, 69, 89, 96, 97]"
7972,238854002,305.1878379177598,-54.67344384156872,11,"[1, 27, 28, 67, 68, 94, 95, 101, 102, 103, 104]"
7973,241299185,221.6022612513225,-35.3555557710398,7,"[11, 38, 64, 101, 102, 112, 114]"
7974,252176424,44.73753260352912,47.387324093644956,4,"[18, 24, 58, 85]"
7975,258920041,12.83858677888456,82.72307312145519,45,"[14, 15, 16, 17, 18, 19, 20, 21, 22, 24, 25, 26, 40, 41, 47, 48, 49, 50, 51, 52, 53, 54, 55, 56, 58, 59, 60, 73, 74, 75, 76, 77, 78, 79, 80, 81, 82, 83, 85, 86, 117, 118, 119, 120, 121]"
7976,265339291,135.38921628300122,-15.03126206809095,4,"[8, 34, 61, 88]"
7977,266006310,95.73379398085625,-21.064234755535075,3,"[6, 33, 87]"
7978,284275418,278.75468843356276,50.6443406520498,6,"[26, 40, 53, 74, 118, 119]"
7979,321843679,323.1918034615481,22.17680696656925,2,"[55, 82]"
7980,327996759,346.349125886069,-10.727754938025882,6,"[2, 42, 69, 70, 92, 96]"
7981,331749749,72.7153409332266,59.73336258950792,10,"[18, 19, 25, 26, 52, 53, 59, 73, 79, 86]"
7982,343089422,164.74677649368778,-69.65306669597305,11,"[8, 9, 10, 35, 36, 61, 62, 63, 88, 89, 90]"
7983,349185912,212.05112553352933,-12.046322964479895,3,"[37, 64, 115]"
7984,358467471,170.48610778239603,-76.22789564601014,24,"[1, 4, 7, 8, 9, 10, 11, 27, 28, 31, 34, 35, 36, 37, 61, 62, 63, 64, 68, 88, 89, 90, 95, 96]"
7985,374464580,313.14262053600663,28.88185963094956,2,"[55, 81]"
7986,381318939,29.23097647714105,12.479262642714868,4,"[17, 42, 57, 84]"
7987,397917640,57.69421894379652,53.98396550817307,10,"[18, 24, 25, 52, 58, 59, 78, 79, 85, 86]"
7988,398308543,66.43686803316072,67.18911059171596,12,"[18, 19, 24, 25, 26, 52, 53, 58, 73, 78, 79, 85]"
7989,399589222,355.3686085390173,-21.12662594594695,4,"[2, 29, 69, 107]"
7990,429306233,176.7396280785883,-21.63760689998189,6,"[9, 36, 63, 90, 100, 114]"
7991,436556343,21.784271711656203,13.981950507796256,3,"[17, 57, 84]"
7992,453386683,107.32891195889275,26.66272815072099,3,"[20, 47, 60]"
7993,462100907,188.97825201487163,-60.62441630445553,9,"[9, 10, 36, 37, 63, 64, 90, 99, 112]"
7994,37149737,232.05172718975993,9.230484729276897,4,"[51, 91, 115, 117]"
7995,248697446,313.6970533418896,11.550344095601458,3,"[55, 81, 92]"
7996,292726693,48.434016606732875,31.860855395946604,3,"[18, 58, 85]"
7997,321330048,0.30975354828998464,69.45994072760973,11,"[15, 17, 55, 56, 57, 76, 77, 82, 83, 84, 121]"
7998,435355189,31.42495802949573,59.53397803587377,8,"[17, 18, 24, 57, 58, 77, 84, 85]"
7999,469947247,343.82380990252994,-52.366139240310304,7,"[29, 69, 96, 103, 104, 105, 106]"
8000,3650784,250.06449872656168,-17.696183198594838,2,"[65, 103]"
8001,4353169,80.35387733788599,-28.674051087611264,4,"[6, 32, 98, 110]"
8002,6172378,115.54337590677446,-29.02857782663572,4,"[7, 34, 111, 112]"
8003,7789803,239.62664224737327,-13.366289148140979,2,"[38, 65]"
8004,9068085,353.32797494296364,-6.919540321700554,5,"[2, 29, 42, 70, 92]"
8005,14648612,274.4079480108852,13.613847052486904,2,"[80, 118]"
8006,17410529,67.76823708318865,-2.777758416122785,4,"[43, 44, 70, 71]"
8007,17639611,265.749931147578,-19.521642717695258,3,"[12, 39, 104]"
8008,18032286,344.7394181114818,39.080697181572205,5,"[15, 56, 82, 83, 121]"
8009,18754028,73.75171632291216,-3.637320258271418,4,"[43, 44, 70, 71]"
8010,19676627,157.24475411428176,-46.581895672339606,10,"[8, 9, 35, 62, 89, 99, 109, 110, 111, 112]"
8011,22127552,269.4504507114256,53.62786553375118,7,"[26, 40, 52, 53, 79, 80, 118]"
8012,24978373,23.37035318041013,-20.7720288091361,4,"[3, 30, 97, 108]"
8013,25300818,322.0902501059424,-9.673424633432727,6,"[1, 28, 68, 92, 95, 116]"
8014,25908511,54.03045307882229,2.0880433222642116,5,"[42, 43, 44, 70, 71]"
8015,27697099,281.9687529228804,53.65292264380584,8,"[26, 40, 53, 54, 74, 80, 118, 119]"
8016,32360983,287.0006164873402,-12.73948534533899,4,"[13, 27, 67, 94]"
8017,33987720,94.79291181877151,-37.0922085865125,7,"[6, 33, 87, 107, 109, 110, 111]"
8018,37018039,231.34167786981376,8.043759515250171,4,"[51, 91, 115, 117]"
8019,38202481,332.77635477985547,4.298543556695613,3,"[42, 92, 116]"
8020,38978965,257.5637209382085,-9.329444365240597,7,"[12, 39, 66, 91, 93, 115, 116]"
8021,42812942,296.25548466533144,56.47693673536244,9,"[14, 40, 41, 53, 54, 80, 81, 119, 120]"
8022,43255143,241.45641279470658,53.10965102737588,6,"[25, 51, 52, 78, 79, 117]"
8023,46802551,146.3910233806302,-19.92989835915428,5,"[35, 62, 89, 99, 113]"
8024,47426256,167.54980432970373,-9.105545964017713,5,"[9, 36, 45, 62, 89]"
8025,48228593,229.75786299068758,-13.448474591715586,3,"[11, 38, 65]"
8026,49725171,241.30204103549403,9.233102568375408,3,"[115, 116, 117]"
8027,51735845,190.1350020115854,2.7895650519797455,3,"[46, 91, 115]"
8028,52042528,102.99061241809511,-55.76611823252763,7,"[6, 7, 33, 87, 108, 109, 110]"
8029,52194662,322.3069747199166,-64.38330960418419,7,"[1, 27, 28, 68, 69, 95, 96]"
8030,53809577,50.05048023546449,51.256197987983086,6,"[18, 24, 25, 58, 78, 85]"
8031,54234694,117.75447923066461,0.23917663614383056,4,"[44, 45, 71, 72]"
8032,54092472,81.95167947607997,5.75262562274806,4,"[43, 44, 45, 71]"
8033,55276121,136.66913182122752,1.9571188877782943,4,"[44, 45, 46, 72]"
8034,59047970,259.0338994767825,20.237718688329377,1,[118]
8035,59605887,127.05417235756263,-67.94140967104767,9,"[7, 8, 33, 35, 61, 62, 87, 88, 89]"
8036,65577318,62.60318849806555,22.393884041233473,2,"[18, 86]"
8037,65890294,77.76458049607456,42.1053722124235,3,"[59, 73, 86]"
8038,65955778,78.02345850435238,41.68845219458753,3,"[59, 73, 86]"
8039,66604391,30.099353770570353,-28.5315854242469,4,"[4, 31, 97, 108]"
8040,70277020,299.9909817407047,10.417295919281605,4,"[54, 81, 92, 116]"
8041,71434397,103.22115631350816,47.99800344216228,8,"[20, 26, 40, 47, 53, 73, 74, 119]"
8042,72290819,70.66328604961052,38.26288709186164,3,"[19, 59, 86]"
8043,72777874,216.31012297722054,-12.067975749609674,4,"[11, 37, 64, 115]"
8044,79454735,260.00858869570834,-3.5486885643773127,3,"[91, 115, 116]"
8045,81596800,65.28551977385382,44.27638834865203,5,"[18, 19, 58, 59, 86]"
8046,84028475,253.43905103768876,-14.933800391887157,4,"[39, 66, 93, 103]"
8047,85148268,319.36419824854545,32.702488917176595,2,"[55, 82]"
8048,85747290,73.45129881677518,46.90268343691736,7,"[19, 25, 26, 52, 59, 73, 86]"
8049,88032618,262.5564133179762,-2.7176228842155936,5,"[91, 92, 115, 116]"
8050,88348777,32.47653699882556,-39.735423516730265,7,"[4, 31, 97, 105, 106, 107, 108]"
8051,93268488,164.5502856887045,-66.55444373253256,8,"[8, 9, 35, 36, 61, 62, 89, 90]"
8052,94930840,246.77436791535897,-12.299609913180069,5,"[12, 65, 103, 115, 116]"
8053,95789856,247.3333451926888,-10.282962461525747,7,"[12, 39, 65, 91, 103, 115, 116]"
8054,95822197,253.6720303772695,-9.742164812358505,6,"[39, 66, 91, 93, 115, 116]"
8055,96520633,112.23128388571628,-57.845912245798665,10,"[6, 7, 33, 34, 61, 87, 88, 108, 109, 110]"
8056,99150237,113.10473093567822,-42.89498689579637,7,"[7, 33, 34, 108, 109, 110, 111]"
8057,101257560,54.576223151369646,12.038672161730965,6,"[18, 42, 43, 44, 58, 85]"
8058,112981536,301.2612854707714,48.971312975145565,6,"[40, 41, 54, 74, 81, 120]"
8059,112995114,289.35872955721624,-8.853104384464336,6,"[13, 27, 67, 92, 94, 116]"
8060,114082976,57.84297565261528,0.020554170060703626,5,"[42, 43, 44, 70, 71]"
8061,114806039,351.62447190309996,-18.26793212449552,5,"[2, 29, 69, 96, 107]"
8062,117956546,11.97067384743693,24.478577911488443,2,"[57, 84]"
8063,118486580,139.8885199814303,-39.46293974250395,10,"[8, 34, 35, 61, 88, 99, 109, 110, 111, 112]"
8064,121240521,233.4169457670169,-20.005017608094104,4,"[11, 38, 65, 102]"
8065,122215177,301.3359173283265,58.621798200803866,9,"[14, 40, 41, 54, 74, 80, 81, 119, 120]"
8066,123091124,121.37496438536188,-23.169591480118896,5,"[7, 34, 61, 88, 112]"
8067,124854318,97.60893280226644,-57.70590070783932,7,"[6, 7, 33, 87, 98, 108, 109]"
8068,127528383,230.4754618707141,-28.815183191934974,4,"[11, 38, 65, 102]"
8069,136198406,318.45223679415955,48.254541368607796,7,"[14, 15, 41, 55, 81, 82, 120]"
8070,138128530,188.9464644417233,22.978340519599936,2,"[23, 50]"
8071,141120277,139.43110124901548,45.133316396211235,3,"[21, 48, 75]"
8072,141275283,171.44648347886752,28.066465388466476,1,[22]
8073,142375417,197.20197449354953,-31.798409737674234,8,"[10, 37, 63, 64, 90, 100, 101, 114]"
8074,144294174,157.33823916581414,24.725167163447658,1,[22]
8075,144657246,206.34018825624798,-29.71252209973858,5,"[10, 37, 64, 101, 114]"
8076,145240385,166.80706347281927,-65.47793369138722,6,"[8, 9, 62, 63, 89, 90]"
8077,148817620,214.9585410580696,56.57229691049357,5,"[24, 50, 51, 77, 78]"
8078,149672905,128.85489505794695,-54.108801672962926,9,"[7, 8, 34, 61, 88, 108, 109, 110, 111]"
8079,150226696,127.25678912632247,34.89228751047431,2,"[21, 47]"
8080,150284425,130.65735244780774,-54.89374895624248,8,"[7, 8, 34, 61, 108, 109, 110, 111]"
8081,150357613,132.31513356462946,-85.94446791285509,41,"[2, 3, 5, 6, 7, 8, 9, 10, 12, 13, 27, 28, 29, 30, 32, 33, 34, 35, 36, 37, 38, 39, 61, 62, 63, 64, 65, 66, 67, 68, 69, 87, 88, 89, 90, 93, 94, 95, 96, 97, 98]"
8082,151503029,260.39895647381235,-7.138578489218289,5,"[12, 39, 91, 115, 116]"
8083,154360594,131.3844755157135,-43.270012443601104,7,"[7, 8, 34, 109, 110, 111, 112]"
8084,154382738,177.03691022941481,61.73136623163365,9,"[15, 16, 22, 23, 49, 50, 76, 77, 121]"
8085,156003229,339.0443685793795,-49.73216519002076,5,"[2, 29, 69, 96, 105]"
8086,156370403,74.98755374733872,18.32910114667686,3,"[19, 59, 86]"
8087,157587146,285.312506715708,61.732856960824044,10,"[14, 26, 40, 53, 54, 74, 80, 81, 118, 119]"
8088,157871565,161.47649439138567,50.158769577185076,6,"[15, 22, 49, 75, 76, 121]"
8089,160004049,30.884729125195676,-55.77958317320816,8,"[3, 4, 30, 31, 97, 105, 106, 107]"
8090,160553438,120.91318667576053,77.4225832171573,37,"[14, 15, 16, 18, 19, 20, 21, 22, 23, 26, 40, 41, 47, 48, 49, 52, 53, 55, 56, 59, 60, 73, 74, 75, 76, 78, 79, 80, 81, 82, 83, 86, 117, 118, 119, 120, 121]"
8091,168384614,179.4578475902728,-30.212987563047452,6,"[9, 63, 90, 100, 113, 114]"
8092,169051549,130.0778993818833,-22.47741133354766,5,"[7, 34, 61, 88, 99]"
8093,169468632,216.63711428467005,-40.81253879562712,9,"[11, 37, 64, 99, 100, 101, 112, 113, 114]"
8094,173560502,241.6352766838802,-19.13952632067769,3,"[12, 38, 103]"
8095,174475271,129.74583747402315,-60.08172799799422,8,"[7, 8, 34, 35, 61, 88, 109, 110]"
8096,176058549,338.02027150423294,7.8069914437656385,4,"[42, 70, 82, 92]"
8097,176941311,187.59322927546197,-7.952093559076178,7,"[10, 36, 46, 63, 90, 91, 115]"
8098,177075997,229.2477843507523,-83.61323193046363,43,"[1, 2, 3, 4, 5, 6, 7, 8, 9, 10, 11, 12, 13, 27, 29, 30, 31, 32, 33, 34, 35, 36, 37, 39, 61, 62, 63, 64, 65, 66, 67, 68, 69, 87, 88, 89, 90, 93, 94, 95, 96, 97, 98]"
8099,178450817,188.4778137036109,-45.187989832603385,10,"[9, 10, 36, 37, 63, 90, 99, 111, 112, 114]"
8100,180775947,274.48075550509566,56.84066778312345,7,"[26, 40, 74, 79, 80, 118, 119]"
8101,181600430,152.96118816119304,-55.84337015728066,9,"[8, 9, 35, 61, 62, 89, 109, 110, 112]"
8102,185240613,178.5871908854839,-11.303893432987396,6,"[9, 36, 63, 72, 90, 115]"
8103,194303203,18.292919924935223,32.36405678408233,3,"[17, 57, 84]"
8104,198485277,184.20863909517092,23.126585630229762,2,"[23, 49]"
8105,200093173,86.37230994869243,-22.22950322566854,4,"[6, 98, 110, 111]"
8106,202431888,32.32463402526757,44.99454670457028,5,"[17, 57, 58, 84, 85]"
8107,207386596,192.65133707782584,29.95958225477359,1,[50]
8108,209188615,295.84778345454936,-5.42176635856384,2,"[92, 116]"
8109,209462216,29.8347726125796,-50.32088332774899,7,"[4, 30, 31, 97, 105, 106, 107]"
8110,214664574,345.3061597901924,-8.331545551344368,7,"[2, 29, 42, 69, 70, 92, 96]"
8111,217030393,262.09560358496094,-20.972632818283323,5,"[12, 39, 66, 93, 104]"
8112,219777482,237.0421822820353,84.58655067613857,45,"[14, 15, 16, 17, 18, 19, 20, 21, 22, 23, 24, 25, 26, 40, 41, 47, 48, 49, 50, 51, 52, 53, 54, 56, 57, 59, 60, 73, 74, 75, 76, 77, 78, 79, 80, 81, 82, 83, 84, 86, 117, 118, 119, 120, 121]"
8113,219880402,163.72095848188576,86.49269650155269,41,"[14, 15, 16, 17, 18, 19, 20, 21, 23, 24, 25, 26, 40, 41, 47, 48, 49, 50, 51, 52, 53, 54, 55, 56, 57, 59, 60, 73, 74, 75, 77, 78, 79, 81, 83, 84, 86, 117, 118, 119, 120]"
8114,232132679,90.61089448096146,-21.74402841486305,4,"[6, 33, 87, 111]"
8115,234719931,97.58511951813938,-21.340614917977575,4,"[6, 33, 87, 111]"
8116,235459271,104.24759786641206,-12.787522200296038,4,"[6, 33, 87, 111]"
8117,236316949,231.75721549140556,44.92134987376566,5,"[24, 25, 51, 78, 117]"
8118,238239316,299.0675094602741,12.356681892181903,3,"[54, 81, 92]"
8119,239219717,311.9276599244947,57.999890784371516,10,"[14, 41, 54, 55, 74, 75, 81, 82, 119, 120]"
8120,241660076,227.25501468819624,-38.1676790456201,10,"[11, 38, 65, 99, 100, 101, 102, 112, 113, 114]"
8121,241751294,227.42972815986099,-37.373824779236784,8,"[11, 38, 65, 99, 101, 102, 112, 114]"
8122,241827885,227.68463020126276,-23.93666016328875,4,"[11, 38, 65, 102]"
8123,242989437,61.57599742638769,-3.246527425613827,4,"[42, 43, 44, 71]"
8124,244934834,220.02461472445177,-41.932750249621584,9,"[37, 38, 64, 99, 100, 101, 112, 113, 114]"
8125,245792896,67.95850326622634,-5.83864019580219,4,"[43, 44, 70, 71]"
8126,248127641,211.87589355962905,-34.83930345491333,6,"[10, 11, 37, 64, 101, 114]"
8127,248782147,315.4829561221801,13.192346931118589,2,"[55, 81]"
8128,252191219,41.1553040410388,43.13637849111019,2,"[17, 18]"
8129,254051086,282.5161355090389,-14.282811184918513,3,"[13, 67, 94]"
8130,258958225,43.34432841749588,81.62319544285288,45,"[14, 15, 16, 17, 18, 19, 20, 22, 23, 24, 25, 26, 40, 41, 47, 48, 49, 50, 52, 53, 54, 55, 56, 57, 59, 60, 73, 74, 75, 76, 77, 78, 79, 80, 81, 82, 83, 84, 85, 86, 117, 118, 119, 120, 121]"
8131,260640910,118.79418272181519,-81.38875686576581,44,"[1, 2, 3, 4, 5, 6, 8, 9, 10, 11, 12, 13, 27, 28, 29, 30, 31, 32, 33, 34, 35, 36, 37, 38, 39, 61, 62, 63, 64, 65, 66, 67, 68, 69, 87, 88, 89, 90, 93, 94, 95, 96, 97, 98]"
8132,264588636,80.02389251811121,-20.513312000707707,4,"[6, 32, 98, 110]"
8133,267211065,300.966540294702,-64.78408603029564,6,"[1, 27, 67, 68, 94, 95]"
8134,267365256,214.05587684435434,33.9835386284907,1,[51]
8135,272607848,316.16057745407176,63.57526417564635,12,"[14, 15, 41, 54, 55, 74, 75, 81, 82, 119, 120, 121]"
8136,276298931,235.67612215096702,-17.490046210939553,2,"[38, 65]"
8137,278614418,319.7898018972373,-28.30475874899159,6,"[1, 28, 68, 95, 105, 106]"
8138,279182339,47.287797573154506,-23.245211282032223,3,"[4, 31, 109]"
8139,280310048,115.78140167558146,-16.019686795179993,2,"[7, 34]"
8140,280806973,76.29971591547917,44.85950557457727,3,"[19, 73, 86]"
8141,281570904,81.62830000412693,48.00569987083168,8,"[19, 25, 26, 52, 53, 59, 73, 86]"
8142,283750761,63.55202401557807,-11.04179434822645,7,"[5, 32, 43, 44, 70, 71, 98]"
8143,283826260,63.44349394923612,-13.92167971723562,3,"[5, 32, 98]"
8144,283819432,197.77391272661606,60.53733548576913,5,"[16, 23, 24, 50, 77]"
8145,284292958,217.13626563270574,46.79518771036313,3,"[24, 51, 77]"
8146,286135836,83.04307358718562,1.8959719287569958,4,"[43, 44, 45, 71]"
8147,289622310,184.9075102931147,83.32367763479445,48,"[14, 15, 16, 17, 18, 19, 20, 21, 22, 23, 24, 25, 26, 40, 41, 47, 48, 49, 50, 51, 52, 53, 54, 55, 56, 57, 58, 59, 60, 73, 74, 75, 76, 77, 78, 79, 80, 81, 82, 84, 85, 86, 117, 118, 119, 120, 121]"
8148,293281173,116.42523528509462,2.8083814103625704,5,"[44, 45, 46, 71, 72]"
8149,293281206,116.39755742442082,2.8725752721915416,5,"[44, 45, 46, 71, 72]"
8150,297610969,336.1339075902982,56.33690537648249,9,"[15, 55, 56, 75, 76, 82, 83, 120, 121]"
8151,297549461,226.5919406278193,-58.87292440936302,9,"[11, 37, 38, 64, 65, 99, 100, 113, 114]"
8152,302728986,259.2003539983306,-2.262552372785798,3,"[91, 115, 116]"
8153,302873827,259.44972863136326,-4.7575163873658886,3,"[91, 115, 116]"
8154,305390313,347.90181333046627,47.87188269366265,5,"[15, 16, 56, 83, 121]"
8155,305589829,265.5525375877692,-37.35639917434817,7,"[12, 39, 93, 100, 102, 103, 114]"
8156,308618920,44.71065793830209,39.79400558667472,3,"[18, 58, 85]"
8157,311092847,51.948321353552295,-18.43686266246387,2,"[31, 109]"
8158,311180437,213.54508819329888,33.76882907194109,1,[51]
8159,322437808,35.60281645586566,69.55725802618747,12,"[17, 18, 24, 25, 52, 57, 58, 77, 78, 84, 85, 86]"
8160,322899250,104.07755674181882,-39.60488081899046,8,"[6, 7, 33, 87, 108, 109, 110, 111]"
8161,327594610,296.5795456935621,-52.735907545002796,10,"[1, 13, 27, 67, 94, 101, 102, 103, 104, 114]"
8162,328030874,10.240529175528554,-1.001804055225622,3,"[42, 43, 70]"
8163,329488484,229.5842761615399,-35.83286923227068,6,"[11, 38, 65, 99, 101, 102]"
8164,335661520,112.68148944765245,70.7762971604007,16,"[14, 19, 20, 21, 26, 40, 41, 48, 53, 59, 60, 73, 74, 75, 79, 120]"
8165,337426319,250.63972738390825,32.50252661274724,1,[117]
8166,341873045,75.92620329924422,83.56792503614531,43,"[14, 15, 16, 17, 18, 20, 21, 23, 24, 25, 26, 40, 41, 47, 48, 49, 50, 51, 52, 53, 54, 55, 56, 57, 58, 59, 60, 73, 74, 75, 76, 77, 80, 81, 83, 84, 85, 86, 117, 118, 119, 120, 121]"
8167,342721199,236.16274324867547,-51.740278711748005,9,"[11, 12, 38, 65, 99, 100, 101, 112, 113]"
8168,345571990,303.68983672853506,21.020646647732953,2,"[54, 81]"
8169,345668861,78.99994483474829,-11.67970174243292,3,"[32, 71, 98]"
8170,347304641,33.92998609053351,50.901684982931066,9,"[17, 18, 24, 57, 58, 77, 78, 84, 85]"
8171,347773211,258.9126281751483,-29.453919678288102,5,"[12, 66, 93, 103, 104]"
8172,349491678,264.197008844845,26.889883865398513,1,[118]
8173,353129911,67.19893110851997,16.833840045823333,3,"[19, 59, 86]"
8174,354065674,294.26059770991924,40.811395896586404,6,"[14, 40, 54, 80, 81, 119]"
8175,353969903,152.10339080126732,27.394070349044082,2,"[22, 48]"
8176,354301410,89.14072531236177,13.500419527985843,3,"[19, 59, 73]"
8177,355275755,127.08202824176975,-69.32061653211903,10,"[6, 7, 8, 33, 35, 61, 62, 87, 88, 89]"
8178,355519399,297.21392700529407,41.715257023065696,4,"[14, 40, 81, 119]"
8179,355406539,134.51116980779014,-72.41698170135238,11,"[6, 7, 8, 9, 33, 34, 35, 62, 87, 88, 89]"
8180,356702180,174.2757462718752,24.922163254776684,2,"[22, 49]"
8181,357166699,130.3165713527165,32.81844723542509,2,"[21, 48]"
8182,359220741,193.76379688386837,35.35398918216699,3,"[23, 50, 77]"
8183,363766517,264.49328888962503,44.968645724233575,6,"[26, 52, 53, 79, 80, 118]"
8184,364290980,245.2961098032814,-19.043989674288525,2,"[12, 103]"
8185,367758676,199.33271861529136,28.077026319121828,1,[23]
8186,369457005,303.28927761852043,-20.444254387210734,6,"[1, 27, 67, 94, 95, 105]"
8187,372131402,16.41580541628685,30.983119272601694,3,"[17, 57, 84]"
8188,373564878,108.57027844180986,21.125684632575048,3,"[20, 47, 60]"
8189,379055761,198.15869350256114,18.728788920420104,2,"[23, 50]"
8190,385589396,59.735908450973355,4.567904079585722,5,"[42, 43, 44, 70, 71]"
8191,386622782,93.4556044982535,-5.489569459911421,5,"[43, 44, 45, 71, 72]"
8192,389198736,297.03730248604484,-15.690978510459631,4,"[27, 67, 94, 105]"
8193,391697401,75.64784854967408,19.821139007660335,3,"[19, 59, 73]"
8194,395186118,244.95997333823098,-57.966089211952216,11,"[11, 12, 38, 39, 65, 66, 93, 100, 101, 113, 114]"
8195,396484530,68.15713952563091,59.54172186666052,12,"[18, 19, 25, 26, 52, 58, 59, 73, 78, 79, 85, 86]"
8196,398120047,271.5114102781322,25.93171405059719,2,"[80, 118]"
8197,399646462,239.47475162672052,-42.595985274081485,10,"[11, 12, 38, 65, 99, 100, 101, 102, 113, 114]"
8198,399665349,71.92291055116877,-15.384368018221727,4,"[5, 32, 98, 110]"
8199,401751570,171.9415634112994,-64.53446498227007,8,"[8, 10, 35, 36, 62, 63, 89, 90]"
8200,404742107,331.62160306226986,5.920934541763945,3,"[42, 92, 116]"
8201,405799481,141.53913295923866,-5.555002374749911,3,"[45, 46, 72]"
8202,407588693,48.51674675298136,-5.680535266910474,5,"[42, 43, 44, 70, 71]"
8203,408013666,359.57013636413893,-10.254791866692809,3,"[3, 42, 70]"
8204,408218005,79.8537513975556,-41.16151273744181,6,"[32, 98, 107, 108, 109, 110]"
8205,408294141,320.7293551109282,21.608513833241048,2,"[55, 82]"
8206,408441735,1.706128159157468,6.968670976443986,2,"[42, 70]"
8207,409972272,68.10598827855563,22.112920543188356,3,"[19, 59, 86]"
8208,410192301,70.10352273463995,20.44442545280394,3,"[19, 59, 86]"
8209,9959414,107.37961195237061,14.134488958575542,3,"[20, 47, 60]"
8210,27963071,348.5398372423241,37.32832056890764,5,"[15, 16, 56, 83, 121]"
8211,61528897,233.84196390797393,-9.166682929163557,5,"[11, 38, 65, 91, 115]"
8212,410187303,308.38674712829123,-58.53293628217001,10,"[1, 27, 28, 67, 68, 94, 95, 102, 103, 104]"
8213,410441676,299.9760776785652,-42.983694022324904,6,"[1, 27, 95, 101, 102, 103]"
8214,410868364,62.64549606152003,28.148399143812263,3,"[18, 58, 86]"
8215,412300810,217.9204634163436,-46.1170860474505,10,"[11, 37, 38, 64, 99, 100, 101, 112, 113, 114]"
8216,412736429,117.58699330924615,-44.35434146550316,9,"[7, 34, 61, 87, 88, 108, 109, 110, 111]"
8217,414554363,286.1281449317656,6.278659170723195,2,"[92, 116]"
8218,416713269,53.13328810531884,-9.475640733568245,6,"[31, 42, 43, 44, 70, 71]"
8219,418027000,217.75083889505552,31.805002849949336,1,[51]
8220,419262941,319.42791031129786,18.887851235683307,1,[55]
8221,423528378,193.796954810064,-18.29505331719451,5,"[10, 37, 63, 90, 101]"
8222,429684660,331.8523283031348,44.05320607312383,5,"[15, 55, 82, 120, 121]"
8223,430246167,112.47538260167565,55.10291056305024,8,"[14, 20, 40, 47, 53, 60, 74, 119]"
8224,430431170,2.0968672401495643,54.01891449900005,7,"[16, 56, 57, 76, 77, 83, 121]"
8225,430595969,153.78165091585117,-57.31565725325055,7,"[8, 9, 61, 62, 89, 110, 111]"
8226,435911720,65.98301461956235,-4.855329760441762,3,"[43, 44, 70]"
8227,436478509,356.12100919723997,22.16222843410025,2,"[56, 83]"
8228,436661956,73.24778343860409,-8.798954078535228,7,"[5, 32, 43, 44, 70, 71, 98]"
8229,436868126,47.30893256424127,8.552864791913208,8,"[18, 42, 43, 44, 58, 70, 71, 85]"
8230,439902550,41.690360314802234,-18.668138106447053,3,"[4, 31, 109]"
8231,440109905,24.587375736375588,37.69942080108214,3,"[17, 57, 84]"
8232,441317866,303.3423991007459,-11.404184864999928,4,"[27, 67, 95, 116]"
8233,441804568,103.7994524149651,84.19455474014245,44,"[14, 15, 16, 17, 18, 19, 21, 22, 24, 25, 26, 41, 47, 48, 49, 50, 51, 52, 53, 54, 55, 56, 57, 58, 59, 60, 73, 74, 75, 76, 77, 78, 79, 80, 81, 82, 84, 85, 86, 117, 118, 119, 120, 121]"
8234,443024109,95.57114224346535,-31.932770501055536,5,"[6, 33, 87, 110, 111]"
8235,443328062,97.71782390289454,-30.77221426828045,5,"[6, 33, 87, 110, 111]"
8236,445258206,40.24649758069452,47.0031777342769,5,"[17, 18, 24, 58, 85]"
8237,454443619,233.66167195131976,-64.78169175210796,6,"[11, 37, 38, 39, 64, 65]"
8238,458985507,72.03662951283823,41.53090915027894,2,"[59, 73]"
8239,460067868,265.2189775785171,51.100516729710556,6,"[26, 52, 53, 79, 80, 118]"
8240,461297684,226.87355147302682,19.39435630288989,1,[51]
8241,465946911,206.7614452002055,-58.754186806503746,10,"[10, 11, 37, 63, 64, 90, 99, 100, 112, 113]"
8242,467119188,90.50162187757297,26.46744384199676,3,"[19, 59, 73]"
8243,469969357,10.335572009999835,-26.211327960867017,5,"[3, 30, 97, 107, 108]"
8244,470122265,72.37863998385875,69.29450780741234,17,"[18, 19, 20, 24, 25, 26, 40, 52, 53, 58, 59, 60, 73, 78, 79, 85, 86]"
8245,470309381,71.8104017324679,28.449691667981675,3,"[19, 59, 86]"
8246,471015557,332.6776939493537,-27.511252347780264,6,"[2, 28, 68, 69, 96, 106]"
8247,52500144,106.00224526893993,-55.560071123076796,8,"[6, 7, 33, 34, 87, 108, 109, 110]"
8248,109693723,122.50037590999409,-49.39263807342182,8,"[7, 34, 61, 88, 108, 109, 110, 111]"
8249,115591682,24.485185669832276,32.097515835737234,3,"[17, 57, 84]"
8250,141803088,152.2431403664981,-57.490141292295526,8,"[8, 9, 35, 61, 62, 88, 89, 110]"
8251,155008221,9.053482412234905,45.391247749814454,5,"[16, 56, 57, 83, 84]"
8252,158733108,86.8319691193708,-21.797372710554523,5,"[6, 33, 98, 110, 111]"
8253,175405666,333.74315533260096,-31.67148653397404,5,"[2, 28, 29, 69, 96]"
8254,201887596,30.51073290692145,46.57007621878139,4,"[17, 57, 84, 85]"
8255,202506847,180.8379219308258,72.00297502257162,11,"[15, 22, 23, 24, 48, 49, 50, 75, 76, 77, 121]"
8256,244215625,71.79439388173915,-25.635896831216225,4,"[5, 32, 98, 110]"
8257,270880543,105.23718316871468,-10.859358570502549,6,"[33, 44, 45, 71, 72, 87]"
8258,298981924,68.84746405365425,-22.955762393938148,4,"[5, 32, 98, 110]"
8259,307236878,268.5803856062825,-40.877877351980565,8,"[13, 39, 66, 93, 100, 102, 103, 114]"
8260,330295410,337.684928884686,33.29495949249371,2,"[55, 82]"
8261,334968821,191.93176242061764,-11.137475023929321,6,"[10, 46, 63, 90, 91, 115]"
8262,368260348,264.0193693423791,44.84584013393629,6,"[26, 52, 53, 79, 80, 118]"
8263,401130201,314.99572528294885,33.53517904467059,2,"[55, 81]"
8264,422829777,1.1435759063116888,4.653612957484073,2,"[42, 70]"
8265,454563118,243.89133080235436,-41.5302126346191,7,"[39, 65, 99, 100, 101, 113, 114]"
8266,455064527,76.45021277027546,-19.622366314446595,4,"[5, 32, 98, 110]"
8267,61004258,146.51136467841252,-23.888240269636956,6,"[8, 35, 62, 89, 99, 113]"
8268,371696760,335.95977965128486,36.39254177976752,2,"[55, 82]"
8269,376570266,300.58149417588925,39.46749578885197,6,"[14, 40, 41, 54, 81, 119]"
8270,41131160,258.46133740797586,-10.872915500346336,6,"[12, 39, 66, 91, 93, 116]"
8271,50726077,82.0074868674901,-26.92794019503778,4,"[6, 32, 98, 110]"
8272,72465347,198.67985487636557,24.007692550708647,2,"[23, 50]"
8273,120461526,344.26283418183164,-34.36537728197202,6,"[2, 29, 69, 96, 103, 106]"
8274,124279525,93.48343429767225,-45.275007752623814,6,"[6, 33, 87, 108, 109, 110]"
8275,129276723,295.3262069795611,-24.625548043904146,3,"[67, 94, 105]"
8276,139754153,308.61358583048167,-32.478107418309406,6,"[1, 27, 28, 68, 95, 105]"
8277,146438424,71.3007914306389,-43.76692022685054,6,"[5, 98, 106, 107, 108, 109]"
8278,166646191,152.10234261956933,27.396268293758556,2,"[22, 48]"
8279,181589861,253.5252966110794,14.18555998955188,1,[117]
8280,217331269,352.1528124590388,21.443331040702446,2,"[56, 83]"
8281,233193964,139.20005396388981,87.12854257299796,37,"[14, 15, 16, 17, 19, 20, 22, 23, 24, 25, 26, 40, 47, 49, 50, 52, 53, 54, 56, 58, 59, 60, 73, 74, 76, 77, 78, 79, 80, 82, 83, 85, 86, 117, 118, 119, 121]"
8282,251078595,123.5946284856976,34.761545786739916,2,"[21, 47]"
8283,251078597,123.60024339230955,34.762658708323215,2,"[21, 47]"
8284,252803603,148.56165418448947,34.32610883402689,2,"[21, 48]"
8285,287157635,228.1179308957729,-4.35913966597724,2,"[91, 115]"
8286,359676790,309.7901965205931,81.5813606473451,46,"[15, 16, 17, 18, 19, 20, 21, 22, 23, 24, 25, 26, 40, 41, 47, 48, 49, 50, 51, 52, 53, 54, 55, 56, 57, 59, 60, 73, 74, 75, 76, 77, 78, 79, 80, 81, 82, 83, 84, 85, 86, 117, 118, 119, 120, 121]"
8287,371520835,135.18436149615852,35.38679096676927,2,"[48, 75]"
8288,440109725,24.68593297522946,37.92431644998046,3,"[17, 57, 84]"
8289,441420236,305.3068179410948,-12.824646641065135,4,"[1, 27, 95, 116]"
